
=== K-Sweep: Full Calibration Metrics (held-out = N-K) ===
  problem        : results/k20/datasets/charuco_zero/all_candidate_problem_sigma05.npz
  total N        : 720
  K values       : [5, 10, 15, 20, 30, 40, 50]
  random trials  : 25
  held-out       : all N-K unselected frames per method

============================================================
K = 5  (held-out = 715 frames)
  [random] 25 trials...
  [coverage] min_eig=2.3507e-03  heldout=40.6252  (0.0s)
  [a-optimal] min_eig=1.9029e-01  heldout=4.5698  (3.1s)
  [d-optimal] min_eig=1.4249e-01  heldout=5.1482  (2.7s)
  [greedy-e] min_eig=1.9730e-01  heldout=1.4735  (1.8s)
[FW] Building 720 candidate information matrices...
Building FIM:   0%|          | 0/720 [00:00<?, ?candidate/s]Building FIM:   4%|▍         | 32/720 [00:00<00:08, 78.59candidate/s]Building FIM:  13%|█▎        | 96/720 [00:00<00:06, 101.68candidate/s]Building FIM:  18%|█▊        | 128/720 [00:01<00:04, 120.40candidate/s]Building FIM:  22%|██▏       | 160/720 [00:01<00:04, 132.19candidate/s]Building FIM:  27%|██▋       | 192/720 [00:01<00:03, 153.35candidate/s]Building FIM:  49%|████▉     | 352/720 [00:01<00:01, 348.97candidate/s]Building FIM:  67%|██████▋   | 480/720 [00:01<00:00, 424.21candidate/s]Building FIM:  84%|████████▍ | 608/720 [00:02<00:00, 531.07candidate/s]Building FIM: 100%|██████████| 720/720 [00:02<00:00, 351.87candidate/s]
[FW] Done. Starting Frank-Wolfe optimization (select_k=5)...
[FW] Pre-extracting dense blocks (intr_dim=9, num_poses=720)...
[FW] Block extraction done. Starting iterations...
[FW] iter=  0  min_eig=1.017705e-01
[FW] iter=  1  min_eig=2.234004e-03
[FW] iter=  2  min_eig=5.996102e-02
[FW] iter=  3  min_eig=3.269103e-02
[FW] iter=  4  min_eig=5.640615e-02
[FW] iter=  5  min_eig=5.052376e-02
[FW] iter=  6  min_eig=3.969716e-02
[FW] iter=  7  min_eig=4.262914e-02
[FW] iter=  8  min_eig=5.069545e-02
[FW] iter=  9  min_eig=5.033808e-02
[FW] iter= 10  min_eig=4.678028e-02
[FW] iter= 11  min_eig=4.533328e-02
[FW] iter= 12  min_eig=4.356469e-02
[FW] iter= 13  min_eig=3.958774e-02
[FW] iter= 14  min_eig=3.570264e-02
[FW] iter= 15  min_eig=3.260612e-02
[FW] iter= 16  min_eig=2.922804e-02
[FW] iter= 17  min_eig=2.678779e-02
[FW] iter= 18  min_eig=2.459577e-02
[FW] iter= 19  min_eig=2.252001e-02
[FW] iter= 20  min_eig=2.068856e-02
[FW] iter= 21  min_eig=2.018345e-02
[FW] iter= 22  min_eig=2.107785e-02
[FW] iter= 23  min_eig=2.323127e-02
[FW] iter= 24  min_eig=2.286367e-02
[FW] iter= 25  min_eig=2.431705e-02
[FW] iter= 26  min_eig=2.461088e-02
[FW] iter= 27  min_eig=2.419285e-02
[FW] iter= 28  min_eig=2.377454e-02
[FW] iter= 29  min_eig=2.340601e-02
[FW] iter= 30  min_eig=2.779491e-02
[FW] iter= 31  min_eig=3.969675e-02
[FW] iter= 32  min_eig=4.469604e-02
[FW] iter= 33  min_eig=4.648621e-02
[FW] iter= 34  min_eig=4.551602e-02
[FW] iter= 35  min_eig=4.605855e-02
[FW] iter= 36  min_eig=4.733091e-02
[FW] iter= 37  min_eig=4.907982e-02
[FW] iter= 38  min_eig=5.061490e-02
[FW] iter= 39  min_eig=5.164025e-02
[FW] iter= 40  min_eig=5.114667e-02
[FW] iter= 41  min_eig=5.195165e-02
[FW] iter= 42  min_eig=5.260655e-02
[FW] iter= 43  min_eig=5.284037e-02
[FW] iter= 44  min_eig=5.336573e-02
[FW] iter= 45  min_eig=5.333178e-02
[FW] iter= 46  min_eig=5.166582e-02
[FW] iter= 47  min_eig=5.002200e-02
[FW] iter= 48  min_eig=5.176239e-02
[FW] iter= 49  min_eig=5.118133e-02
[FW] iter= 50  min_eig=5.719374e-02
[FW] iter= 51  min_eig=8.344324e-02
[FW] iter= 52  min_eig=9.732600e-02
[FW] iter= 53  min_eig=9.816010e-02
[FW] iter= 54  min_eig=1.037700e-01
[FW] iter= 55  min_eig=1.010472e-01
[FW] iter= 56  min_eig=1.028586e-01
[FW] iter= 57  min_eig=1.014538e-01
[FW] iter= 58  min_eig=1.004102e-01
[FW] iter= 59  min_eig=1.019297e-01
[FW] iter= 60  min_eig=9.897924e-02
[FW] iter= 61  min_eig=9.960295e-02
[FW] iter= 62  min_eig=9.759768e-02
[FW] iter= 63  min_eig=9.834102e-02
[FW] iter= 64  min_eig=9.686353e-02
[FW] iter= 65  min_eig=9.417578e-02
[FW] iter= 66  min_eig=9.217651e-02
[FW] iter= 67  min_eig=9.242393e-02
[FW] iter= 68  min_eig=9.555047e-02
[FW] iter= 69  min_eig=9.616067e-02
[FW] iter= 70  min_eig=9.921839e-02
[FW] iter= 71  min_eig=1.005633e-01
[FW] iter= 72  min_eig=1.019390e-01
[FW] iter= 73  min_eig=1.020729e-01
[FW] iter= 74  min_eig=1.081541e-01
[FW] iter= 75  min_eig=1.110530e-01
[FW] iter= 76  min_eig=1.109009e-01
[FW] iter= 77  min_eig=1.109624e-01
[FW] iter= 78  min_eig=1.110432e-01
[FW] iter= 79  min_eig=1.130786e-01
[FW] iter= 80  min_eig=1.157157e-01
[FW] iter= 81  min_eig=1.141395e-01
[FW] iter= 82  min_eig=1.152071e-01
[FW] iter= 83  min_eig=1.131038e-01
[FW] iter= 84  min_eig=1.120475e-01
[FW] iter= 85  min_eig=1.102830e-01
[FW] iter= 86  min_eig=1.088571e-01
[FW] iter= 87  min_eig=1.086044e-01
[FW] iter= 88  min_eig=1.084823e-01
[FW] iter= 89  min_eig=1.094861e-01
[FW] iter= 90  min_eig=1.102718e-01
[FW] iter= 91  min_eig=1.081806e-01
[FW] iter= 92  min_eig=1.061159e-01
[FW] iter= 93  min_eig=1.058539e-01
[FW] iter= 94  min_eig=1.038198e-01
[FW] iter= 95  min_eig=1.018397e-01
[FW] iter= 96  min_eig=1.010754e-01
[FW] iter= 97  min_eig=1.010357e-01
[FW] iter= 98  min_eig=1.013905e-01
[FW] iter= 99  min_eig=1.040439e-01
[FW] iter=100  min_eig=1.061094e-01
[FW] iter=101  min_eig=1.076504e-01
[FW] iter=102  min_eig=1.078706e-01
[FW] iter=103  min_eig=1.088156e-01
[FW] iter=104  min_eig=1.079224e-01
[FW] iter=105  min_eig=1.063638e-01
[FW] iter=106  min_eig=1.052815e-01
[FW] iter=107  min_eig=1.070469e-01
[FW] iter=108  min_eig=1.077169e-01
[FW] iter=109  min_eig=1.082285e-01
[FW] iter=110  min_eig=1.104148e-01
[FW] iter=111  min_eig=1.119913e-01
[FW] iter=112  min_eig=1.119988e-01
[FW] iter=113  min_eig=1.125898e-01
[FW] iter=114  min_eig=1.139287e-01
[FW] iter=115  min_eig=1.133445e-01
[FW] iter=116  min_eig=1.116961e-01
[FW] iter=117  min_eig=1.104700e-01
[FW] iter=118  min_eig=1.108150e-01
[FW] iter=119  min_eig=1.108123e-01
[FW] iter=120  min_eig=1.105887e-01
[FW] iter=121  min_eig=1.098570e-01
[FW] iter=122  min_eig=1.082970e-01
[FW] iter=123  min_eig=1.067519e-01
[FW] iter=124  min_eig=1.052277e-01
[FW] iter=125  min_eig=1.037255e-01
[FW] iter=126  min_eig=1.029149e-01
[FW] iter=127  min_eig=1.030651e-01
[FW] iter=128  min_eig=1.028754e-01
[FW] iter=129  min_eig=1.027410e-01
[FW] iter=130  min_eig=1.030796e-01
[FW] iter=131  min_eig=1.039929e-01
[FW] iter=132  min_eig=1.041195e-01
[FW] iter=133  min_eig=1.046981e-01
[FW] iter=134  min_eig=1.049078e-01
[FW] iter=135  min_eig=1.040878e-01
[FW] iter=136  min_eig=1.027429e-01
[FW] iter=137  min_eig=1.014378e-01
[FW] iter=138  min_eig=1.001453e-01
[FW] iter=139  min_eig=9.886254e-02
[FW] iter=140  min_eig=9.880418e-02
[FW] iter=141  min_eig=9.890027e-02
[FW] iter=142  min_eig=9.871710e-02
[FW] iter=143  min_eig=9.826496e-02
[FW] iter=144  min_eig=9.766905e-02
[FW] iter=145  min_eig=1.006770e-01
[FW] iter=146  min_eig=1.030283e-01
[FW] iter=147  min_eig=1.048513e-01
[FW] iter=148  min_eig=1.066506e-01
[FW] iter=149  min_eig=1.083549e-01
[FW] iter=150  min_eig=1.098611e-01
[FW] iter=151  min_eig=1.115260e-01
[FW] iter=152  min_eig=1.131027e-01
[FW] iter=153  min_eig=1.145980e-01
[FW] iter=154  min_eig=1.159688e-01
[FW] iter=155  min_eig=1.174739e-01
[FW] iter=156  min_eig=1.188224e-01
[FW] iter=157  min_eig=1.202159e-01
[FW] iter=158  min_eig=1.215150e-01
[FW] iter=159  min_eig=1.228932e-01
[FW] iter=160  min_eig=1.241713e-01
[FW] iter=161  min_eig=1.253904e-01
[FW] iter=162  min_eig=1.266824e-01
[FW] iter=163  min_eig=1.278402e-01
[FW] iter=164  min_eig=1.289648e-01
[FW] iter=165  min_eig=1.302156e-01
[FW] iter=166  min_eig=1.313981e-01
[FW] iter=167  min_eig=1.325218e-01
[FW] iter=168  min_eig=1.335438e-01
[FW] iter=169  min_eig=1.346509e-01
[FW] iter=170  min_eig=1.357506e-01
[FW] iter=171  min_eig=1.368085e-01
[FW] iter=172  min_eig=1.377814e-01
[FW] iter=173  min_eig=1.388407e-01
[FW] iter=174  min_eig=1.398286e-01
[FW] iter=175  min_eig=1.407433e-01
[FW] iter=176  min_eig=1.417090e-01
[FW] iter=177  min_eig=1.426856e-01
[FW] iter=178  min_eig=1.436146e-01
[FW] iter=179  min_eig=1.444347e-01
[FW] iter=180  min_eig=1.453388e-01
[FW] iter=181  min_eig=1.462534e-01
[FW] iter=182  min_eig=1.471335e-01
[FW] iter=183  min_eig=1.479176e-01
[FW] iter=184  min_eig=1.488014e-01
[FW] iter=185  min_eig=1.496277e-01
[FW] iter=186  min_eig=1.503664e-01
[FW] iter=187  min_eig=1.511628e-01
[FW] iter=188  min_eig=1.519812e-01
[FW] iter=189  min_eig=1.527599e-01
[FW] iter=190  min_eig=1.534964e-01
[FW] iter=191  min_eig=1.542223e-01
[FW] iter=192  min_eig=1.549440e-01
[FW] iter=193  min_eig=1.556863e-01
[FW] iter=194  min_eig=1.563929e-01
[FW] iter=195  min_eig=1.570467e-01
[FW] iter=196  min_eig=1.577273e-01
[FW] iter=197  min_eig=1.584331e-01
[FW] iter=198  min_eig=1.591048e-01
[FW] iter=199  min_eig=1.596941e-01
[FW] iter=200  min_eig=1.603803e-01
[FW] iter=201  min_eig=1.609994e-01
[FW] iter=202  min_eig=1.616422e-01
[FW] iter=203  min_eig=1.622096e-01
[FW] iter=204  min_eig=1.628544e-01
[FW] iter=205  min_eig=1.634581e-01
[FW] iter=206  min_eig=1.639938e-01
[FW] iter=207  min_eig=1.646084e-01
[FW] iter=208  min_eig=1.651610e-01
[FW] iter=209  min_eig=1.657398e-01
[FW] iter=210  min_eig=1.662566e-01
[FW] iter=211  min_eig=1.668355e-01
[FW] iter=212  min_eig=1.673776e-01
[FW] iter=213  min_eig=1.678659e-01
[FW] iter=214  min_eig=1.684187e-01
[FW] iter=215  min_eig=1.689139e-01
[FW] iter=216  min_eig=1.694371e-01
[FW] iter=217  min_eig=1.699091e-01
[FW] iter=218  min_eig=1.704309e-01
[FW] iter=219  min_eig=1.709196e-01
[FW] iter=220  min_eig=1.713660e-01
[FW] iter=221  min_eig=1.718651e-01
[FW] iter=222  min_eig=1.723103e-01
[FW] iter=223  min_eig=1.727850e-01
[FW] iter=224  min_eig=1.732172e-01
[FW] iter=225  min_eig=1.736895e-01
[FW] iter=226  min_eig=1.741316e-01
[FW] iter=227  min_eig=1.745406e-01
[FW] iter=228  min_eig=1.749929e-01
[FW] iter=229  min_eig=1.753946e-01
[FW] iter=230  min_eig=1.758266e-01
[FW] iter=231  min_eig=1.762234e-01
[FW] iter=232  min_eig=1.766523e-01
[FW] iter=233  min_eig=1.770536e-01
[FW] iter=234  min_eig=1.774293e-01
[FW] iter=235  min_eig=1.778407e-01
[FW] iter=236  min_eig=1.782039e-01
[FW] iter=237  min_eig=1.785984e-01
[FW] iter=238  min_eig=1.789637e-01
[FW] iter=239  min_eig=1.793543e-01
[FW] iter=240  min_eig=1.797231e-01
[FW] iter=241  min_eig=1.800602e-01
[FW] iter=242  min_eig=1.804316e-01
[FW] iter=243  min_eig=1.807728e-01
[FW] iter=244  min_eig=1.811407e-01
[FW] iter=245  min_eig=1.814880e-01
[FW] iter=246  min_eig=1.818028e-01
[FW] iter=247  min_eig=1.821529e-01
[FW] iter=248  min_eig=1.824720e-01
[FW] iter=249  min_eig=1.828190e-01
[FW] iter=250  min_eig=1.831464e-01
[FW] iter=251  min_eig=1.834409e-01
[FW] iter=252  min_eig=1.837714e-01
[FW] iter=253  min_eig=1.840702e-01
[FW] iter=254  min_eig=1.843979e-01
[FW] iter=255  min_eig=1.847070e-01
[FW] iter=256  min_eig=1.849822e-01
[FW] iter=257  min_eig=1.852741e-01
[FW] iter=258  min_eig=1.855894e-01
[FW] iter=259  min_eig=1.858887e-01
[FW] iter=260  min_eig=1.861748e-01
[FW] iter=261  min_eig=1.864402e-01
[FW] iter=262  min_eig=1.867232e-01
[FW] iter=263  min_eig=1.870157e-01
[FW] iter=264  min_eig=1.872931e-01
[FW] iter=265  min_eig=1.875392e-01
[FW] iter=266  min_eig=1.878203e-01
[FW] iter=267  min_eig=1.880778e-01
[FW] iter=268  min_eig=1.883550e-01
[FW] iter=269  min_eig=1.886178e-01
[FW] iter=270  min_eig=1.888489e-01
[FW] iter=271  min_eig=1.891154e-01
[FW] iter=272  min_eig=1.893575e-01
[FW] iter=273  min_eig=1.896206e-01
[FW] iter=274  min_eig=1.898699e-01
[FW] iter=275  min_eig=1.900870e-01
[FW] iter=276  min_eig=1.903402e-01
[FW] iter=277  min_eig=1.905678e-01
[FW] iter=278  min_eig=1.908178e-01
[FW] iter=279  min_eig=1.910545e-01
[FW] iter=280  min_eig=1.912584e-01
[FW] iter=281  min_eig=1.914823e-01
[FW] iter=282  min_eig=1.917254e-01
[FW] iter=283  min_eig=1.919544e-01
[FW] iter=284  min_eig=1.921746e-01
[FW] iter=285  min_eig=1.923778e-01
[FW] iter=286  min_eig=1.925909e-01
[FW] iter=287  min_eig=1.928175e-01
[FW] iter=288  min_eig=1.930319e-01
[FW] iter=289  min_eig=1.932164e-01
[FW] iter=290  min_eig=1.934220e-01
[FW] iter=291  min_eig=1.936427e-01
[FW] iter=292  min_eig=1.938517e-01
[FW] iter=293  min_eig=1.940490e-01
[FW] iter=294  min_eig=1.942379e-01
[FW] iter=295  min_eig=1.944294e-01
[FW] iter=296  min_eig=1.946355e-01
[FW] iter=297  min_eig=1.948305e-01
[FW] iter=298  min_eig=1.950022e-01
[FW] iter=299  min_eig=1.951871e-01
  [fw-e] min_eig=1.7723e-03  heldout=38.2144  (6.1s)
[FW-A] Building 720 candidate information matrices...
Building FIM:   0%|          | 0/720 [00:00<?, ?candidate/s]Building FIM:  44%|████▍     | 320/720 [00:00<00:00, 2794.61candidate/s]Building FIM: 100%|██████████| 720/720 [00:00<00:00, 3446.20candidate/s]
[FW-A] Done. Starting Frank-Wolfe A-optimal (select_k=5)...
[FW-A] Pre-extracting dense blocks (intr_dim=9, num_poses=720)...
[FW-A] Block extraction done. Starting iterations...
[FW-A] iter=  0  -trace(H^{-1})=-1.322544e+01
[FW-A] iter=  1  -trace(H^{-1})=-1.324106e+03
[FW-A] iter=  2  -trace(H^{-1})=-4.286360e+02
[FW-A] iter=  3  -trace(H^{-1})=-4.302581e+02
[FW-A] iter=  4  -trace(H^{-1})=-2.812285e+01
[FW-A] iter=  5  -trace(H^{-1})=-2.965098e+01
[FW-A] iter=  6  -trace(H^{-1})=-3.691163e+01
[FW-A] iter=  7  -trace(H^{-1})=-3.321377e+01
[FW-A] iter=  8  -trace(H^{-1})=-2.764594e+01
[FW-A] iter=  9  -trace(H^{-1})=-2.805316e+01
[FW-A] iter= 10  -trace(H^{-1})=-2.908118e+01
[FW-A] iter= 11  -trace(H^{-1})=-2.938113e+01
[FW-A] iter= 12  -trace(H^{-1})=-2.899516e+01
[FW-A] iter= 13  -trace(H^{-1})=-2.935295e+01
[FW-A] iter= 14  -trace(H^{-1})=-3.101255e+01
[FW-A] iter= 15  -trace(H^{-1})=-3.344430e+01
[FW-A] iter= 16  -trace(H^{-1})=-3.614869e+01
[FW-A] iter= 17  -trace(H^{-1})=-3.865343e+01
[FW-A] iter= 18  -trace(H^{-1})=-4.168610e+01
[FW-A] iter= 19  -trace(H^{-1})=-4.485814e+01
[FW-A] iter= 20  -trace(H^{-1})=-4.822918e+01
[FW-A] iter= 21  -trace(H^{-1})=-4.964036e+01
[FW-A] iter= 22  -trace(H^{-1})=-4.856886e+01
[FW-A] iter= 23  -trace(H^{-1})=-4.545638e+01
[FW-A] iter= 24  -trace(H^{-1})=-4.638730e+01
[FW-A] iter= 25  -trace(H^{-1})=-4.427863e+01
[FW-A] iter= 26  -trace(H^{-1})=-4.384364e+01
[FW-A] iter= 27  -trace(H^{-1})=-4.443568e+01
[FW-A] iter= 28  -trace(H^{-1})=-4.523313e+01
[FW-A] iter= 29  -trace(H^{-1})=-4.606868e+01
[FW-A] iter= 30  -trace(H^{-1})=-3.984042e+01
[FW-A] iter= 31  -trace(H^{-1})=-2.930890e+01
[FW-A] iter= 32  -trace(H^{-1})=-2.629873e+01
[FW-A] iter= 33  -trace(H^{-1})=-2.523752e+01
[FW-A] iter= 34  -trace(H^{-1})=-2.568014e+01
[FW-A] iter= 35  -trace(H^{-1})=-2.546802e+01
[FW-A] iter= 36  -trace(H^{-1})=-2.492493e+01
[FW-A] iter= 37  -trace(H^{-1})=-2.420583e+01
[FW-A] iter= 38  -trace(H^{-1})=-2.345307e+01
[FW-A] iter= 39  -trace(H^{-1})=-2.300764e+01
[FW-A] iter= 40  -trace(H^{-1})=-2.284549e+01
[FW-A] iter= 41  -trace(H^{-1})=-2.306902e+01
[FW-A] iter= 42  -trace(H^{-1})=-2.285703e+01
[FW-A] iter= 43  -trace(H^{-1})=-2.276050e+01
[FW-A] iter= 44  -trace(H^{-1})=-2.256886e+01
[FW-A] iter= 45  -trace(H^{-1})=-2.261356e+01
[FW-A] iter= 46  -trace(H^{-1})=-2.313450e+01
[FW-A] iter= 47  -trace(H^{-1})=-2.369900e+01
[FW-A] iter= 48  -trace(H^{-1})=-2.288221e+01
[FW-A] iter= 49  -trace(H^{-1})=-2.306135e+01
[FW-A] iter= 50  -trace(H^{-1})=-2.098302e+01
[FW-A] iter= 51  -trace(H^{-1})=-1.534162e+01
[FW-A] iter= 52  -trace(H^{-1})=-1.353378e+01
[FW-A] iter= 53  -trace(H^{-1})=-1.344013e+01
[FW-A] iter= 54  -trace(H^{-1})=-1.284536e+01
[FW-A] iter= 55  -trace(H^{-1})=-1.314205e+01
[FW-A] iter= 56  -trace(H^{-1})=-1.295314e+01
[FW-A] iter= 57  -trace(H^{-1})=-1.310793e+01
[FW-A] iter= 58  -trace(H^{-1})=-1.322076e+01
[FW-A] iter= 59  -trace(H^{-1})=-1.299781e+01
[FW-A] iter= 60  -trace(H^{-1})=-1.324319e+01
[FW-A] iter= 61  -trace(H^{-1})=-1.318185e+01
[FW-A] iter= 62  -trace(H^{-1})=-1.342394e+01
[FW-A] iter= 63  -trace(H^{-1})=-1.335280e+01
[FW-A] iter= 64  -trace(H^{-1})=-1.349463e+01
[FW-A] iter= 65  -trace(H^{-1})=-1.376424e+01
[FW-A] iter= 66  -trace(H^{-1})=-1.398232e+01
[FW-A] iter= 67  -trace(H^{-1})=-1.398092e+01
[FW-A] iter= 68  -trace(H^{-1})=-1.364327e+01
[FW-A] iter= 69  -trace(H^{-1})=-1.360813e+01
[FW-A] iter= 70  -trace(H^{-1})=-1.358694e+01
[FW-A] iter= 71  -trace(H^{-1})=-1.327093e+01
[FW-A] iter= 72  -trace(H^{-1})=-1.315004e+01
[FW-A] iter= 73  -trace(H^{-1})=-1.302349e+01
[FW-A] iter= 74  -trace(H^{-1})=-1.239512e+01
[FW-A] iter= 75  -trace(H^{-1})=-1.222974e+01
[FW-A] iter= 76  -trace(H^{-1})=-1.226629e+01
[FW-A] iter= 77  -trace(H^{-1})=-1.229277e+01
[FW-A] iter= 78  -trace(H^{-1})=-1.227470e+01
[FW-A] iter= 79  -trace(H^{-1})=-1.200213e+01
[FW-A] iter= 80  -trace(H^{-1})=-1.180410e+01
[FW-A] iter= 81  -trace(H^{-1})=-1.189830e+01
[FW-A] iter= 82  -trace(H^{-1})=-1.185799e+01
[FW-A] iter= 83  -trace(H^{-1})=-1.204955e+01
[FW-A] iter= 84  -trace(H^{-1})=-1.212708e+01
[FW-A] iter= 85  -trace(H^{-1})=-1.231762e+01
[FW-A] iter= 86  -trace(H^{-1})=-1.238123e+01
[FW-A] iter= 87  -trace(H^{-1})=-1.246530e+01
[FW-A] iter= 88  -trace(H^{-1})=-1.243768e+01
[FW-A] iter= 89  -trace(H^{-1})=-1.234915e+01
[FW-A] iter= 90  -trace(H^{-1})=-1.232385e+01
[FW-A] iter= 91  -trace(H^{-1})=-1.247613e+01
[FW-A] iter= 92  -trace(H^{-1})=-1.263963e+01
[FW-A] iter= 93  -trace(H^{-1})=-1.268464e+01
[FW-A] iter= 94  -trace(H^{-1})=-1.286312e+01
[FW-A] iter= 95  -trace(H^{-1})=-1.304112e+01
[FW-A] iter= 96  -trace(H^{-1})=-1.309640e+01
[FW-A] iter= 97  -trace(H^{-1})=-1.313383e+01
[FW-A] iter= 98  -trace(H^{-1})=-1.305766e+01
[FW-A] iter= 99  -trace(H^{-1})=-1.283967e+01
[FW-A] iter=100  -trace(H^{-1})=-1.266743e+01
[FW-A] iter=101  -trace(H^{-1})=-1.256863e+01
[FW-A] iter=102  -trace(H^{-1})=-1.255505e+01
[FW-A] iter=103  -trace(H^{-1})=-1.243982e+01
[FW-A] iter=104  -trace(H^{-1})=-1.254222e+01
[FW-A] iter=105  -trace(H^{-1})=-1.270077e+01
[FW-A] iter=106  -trace(H^{-1})=-1.266285e+01
[FW-A] iter=107  -trace(H^{-1})=-1.256655e+01
[FW-A] iter=108  -trace(H^{-1})=-1.238908e+01
[FW-A] iter=109  -trace(H^{-1})=-1.221657e+01
[FW-A] iter=110  -trace(H^{-1})=-1.223919e+01
[FW-A] iter=111  -trace(H^{-1})=-1.219335e+01
[FW-A] iter=112  -trace(H^{-1})=-1.216520e+01
[FW-A] iter=113  -trace(H^{-1})=-1.214178e+01
[FW-A] iter=114  -trace(H^{-1})=-1.199886e+01
[FW-A] iter=115  -trace(H^{-1})=-1.204527e+01
[FW-A] iter=116  -trace(H^{-1})=-1.220071e+01
[FW-A] iter=117  -trace(H^{-1})=-1.232487e+01
[FW-A] iter=118  -trace(H^{-1})=-1.232165e+01
[FW-A] iter=119  -trace(H^{-1})=-1.234905e+01
[FW-A] iter=120  -trace(H^{-1})=-1.239594e+01
[FW-A] iter=121  -trace(H^{-1})=-1.247879e+01
[FW-A] iter=122  -trace(H^{-1})=-1.259692e+01
[FW-A] iter=123  -trace(H^{-1})=-1.272666e+01
[FW-A] iter=124  -trace(H^{-1})=-1.285432e+01
[FW-A] iter=125  -trace(H^{-1})=-1.298653e+01
[FW-A] iter=126  -trace(H^{-1})=-1.307047e+01
[FW-A] iter=127  -trace(H^{-1})=-1.306742e+01
[FW-A] iter=128  -trace(H^{-1})=-1.310224e+01
[FW-A] iter=129  -trace(H^{-1})=-1.312896e+01
[FW-A] iter=130  -trace(H^{-1})=-1.309819e+01
[FW-A] iter=131  -trace(H^{-1})=-1.299653e+01
[FW-A] iter=132  -trace(H^{-1})=-1.298989e+01
[FW-A] iter=133  -trace(H^{-1})=-1.292017e+01
[FW-A] iter=134  -trace(H^{-1})=-1.289583e+01
[FW-A] iter=135  -trace(H^{-1})=-1.297062e+01
[FW-A] iter=136  -trace(H^{-1})=-1.310679e+01
[FW-A] iter=137  -trace(H^{-1})=-1.323350e+01
[FW-A] iter=138  -trace(H^{-1})=-1.336519e+01
[FW-A] iter=139  -trace(H^{-1})=-1.350334e+01
[FW-A] iter=140  -trace(H^{-1})=-1.350725e+01
[FW-A] iter=141  -trace(H^{-1})=-1.349508e+01
[FW-A] iter=142  -trace(H^{-1})=-1.351864e+01
[FW-A] iter=143  -trace(H^{-1})=-1.357732e+01
[FW-A] iter=144  -trace(H^{-1})=-1.365728e+01
[FW-A] iter=145  -trace(H^{-1})=-1.334265e+01
[FW-A] iter=146  -trace(H^{-1})=-1.311017e+01
[FW-A] iter=147  -trace(H^{-1})=-1.293834e+01
[FW-A] iter=148  -trace(H^{-1})=-1.277070e+01
[FW-A] iter=149  -trace(H^{-1})=-1.261811e+01
[FW-A] iter=150  -trace(H^{-1})=-1.248325e+01
[FW-A] iter=151  -trace(H^{-1})=-1.233779e+01
[FW-A] iter=152  -trace(H^{-1})=-1.220029e+01
[FW-A] iter=153  -trace(H^{-1})=-1.207388e+01
[FW-A] iter=154  -trace(H^{-1})=-1.196202e+01
[FW-A] iter=155  -trace(H^{-1})=-1.184251e+01
[FW-A] iter=156  -trace(H^{-1})=-1.172747e+01
[FW-A] iter=157  -trace(H^{-1})=-1.162092e+01
[FW-A] iter=158  -trace(H^{-1})=-1.152694e+01
[FW-A] iter=159  -trace(H^{-1})=-1.142363e+01
[FW-A] iter=160  -trace(H^{-1})=-1.132918e+01
[FW-A] iter=161  -trace(H^{-1})=-1.123806e+01
[FW-A] iter=162  -trace(H^{-1})=-1.115827e+01
[FW-A] iter=163  -trace(H^{-1})=-1.106960e+01
[FW-A] iter=164  -trace(H^{-1})=-1.098915e+01
[FW-A] iter=165  -trace(H^{-1})=-1.091027e+01
[FW-A] iter=166  -trace(H^{-1})=-1.084189e+01
[FW-A] iter=167  -trace(H^{-1})=-1.076488e+01
[FW-A] iter=168  -trace(H^{-1})=-1.069554e+01
[FW-A] iter=169  -trace(H^{-1})=-1.062657e+01
[FW-A] iter=170  -trace(H^{-1})=-1.056751e+01
[FW-A] iter=171  -trace(H^{-1})=-1.049993e+01
[FW-A] iter=172  -trace(H^{-1})=-1.043770e+01
[FW-A] iter=173  -trace(H^{-1})=-1.037985e+01
[FW-A] iter=174  -trace(H^{-1})=-1.032161e+01
[FW-A] iter=175  -trace(H^{-1})=-1.027008e+01
[FW-A] iter=176  -trace(H^{-1})=-1.021303e+01
[FW-A] iter=177  -trace(H^{-1})=-1.016165e+01
[FW-A] iter=178  -trace(H^{-1})=-1.010976e+01
[FW-A] iter=179  -trace(H^{-1})=-1.006462e+01
[FW-A] iter=180  -trace(H^{-1})=-1.001362e+01
[FW-A] iter=181  -trace(H^{-1})=-9.966433e+00
[FW-A] iter=182  -trace(H^{-1})=-9.922493e+00
[FW-A] iter=183  -trace(H^{-1})=-9.877787e+00
[FW-A] iter=184  -trace(H^{-1})=-9.837813e+00
[FW-A] iter=185  -trace(H^{-1})=-9.793872e+00
[FW-A] iter=186  -trace(H^{-1})=-9.754336e+00
[FW-A] iter=187  -trace(H^{-1})=-9.713943e+00
[FW-A] iter=188  -trace(H^{-1})=-9.678552e+00
[FW-A] iter=189  -trace(H^{-1})=-9.638707e+00
[FW-A] iter=190  -trace(H^{-1})=-9.601734e+00
[FW-A] iter=191  -trace(H^{-1})=-9.567324e+00
[FW-A] iter=192  -trace(H^{-1})=-9.531980e+00
[FW-A] iter=193  -trace(H^{-1})=-9.500253e+00
[FW-A] iter=194  -trace(H^{-1})=-9.465393e+00
[FW-A] iter=195  -trace(H^{-1})=-9.433010e+00
[FW-A] iter=196  -trace(H^{-1})=-9.402457e+00
[FW-A] iter=197  -trace(H^{-1})=-9.374261e+00
[FW-A] iter=198  -trace(H^{-1})=-9.341885e+00
[FW-A] iter=199  -trace(H^{-1})=-9.311783e+00
[FW-A] iter=200  -trace(H^{-1})=-9.283434e+00
[FW-A] iter=201  -trace(H^{-1})=-9.257850e+00
[FW-A] iter=202  -trace(H^{-1})=-9.229156e+00
[FW-A] iter=203  -trace(H^{-1})=-9.201406e+00
[FW-A] iter=204  -trace(H^{-1})=-9.175303e+00
[FW-A] iter=205  -trace(H^{-1})=-9.150538e+00
[FW-A] iter=206  -trace(H^{-1})=-9.127567e+00
[FW-A] iter=207  -trace(H^{-1})=-9.101426e+00
[FW-A] iter=208  -trace(H^{-1})=-9.076900e+00
[FW-A] iter=209  -trace(H^{-1})=-9.054259e+00
[FW-A] iter=210  -trace(H^{-1})=-9.030636e+00
[FW-A] iter=211  -trace(H^{-1})=-9.009828e+00
[FW-A] iter=212  -trace(H^{-1})=-8.986277e+00
[FW-A] iter=213  -trace(H^{-1})=-8.964336e+00
[FW-A] iter=214  -trace(H^{-1})=-8.943820e+00
[FW-A] iter=215  -trace(H^{-1})=-8.922589e+00
[FW-A] iter=216  -trace(H^{-1})=-8.903511e+00
[FW-A] iter=217  -trace(H^{-1})=-8.882348e+00
[FW-A] iter=218  -trace(H^{-1})=-8.863314e+00
[FW-A] iter=219  -trace(H^{-1})=-8.843532e+00
[FW-A] iter=220  -trace(H^{-1})=-8.826243e+00
[FW-A] iter=221  -trace(H^{-1})=-8.806449e+00
[FW-A] iter=222  -trace(H^{-1})=-8.787994e+00
[FW-A] iter=223  -trace(H^{-1})=-8.770835e+00
[FW-A] iter=224  -trace(H^{-1})=-8.752925e+00
[FW-A] iter=225  -trace(H^{-1})=-8.736969e+00
[FW-A] iter=226  -trace(H^{-1})=-8.719050e+00
[FW-A] iter=227  -trace(H^{-1})=-8.702342e+00
[FW-A] iter=228  -trace(H^{-1})=-8.686613e+00
[FW-A] iter=229  -trace(H^{-1})=-8.670336e+00
[FW-A] iter=230  -trace(H^{-1})=-8.655565e+00
[FW-A] iter=231  -trace(H^{-1})=-8.639283e+00
[FW-A] iter=232  -trace(H^{-1})=-8.624605e+00
[FW-A] iter=233  -trace(H^{-1})=-8.609309e+00
[FW-A] iter=234  -trace(H^{-1})=-8.595840e+00
[FW-A] iter=235  -trace(H^{-1})=-8.580478e+00
[FW-A] iter=236  -trace(H^{-1})=-8.566151e+00
[FW-A] iter=237  -trace(H^{-1})=-8.552758e+00
[FW-A] iter=238  -trace(H^{-1})=-8.538778e+00
[FW-A] iter=239  -trace(H^{-1})=-8.526242e+00
[FW-A] iter=240  -trace(H^{-1})=-8.512203e+00
[FW-A] iter=241  -trace(H^{-1})=-8.499614e+00
[FW-A] iter=242  -trace(H^{-1})=-8.486697e+00
[FW-A] iter=243  -trace(H^{-1})=-8.474413e+00
[FW-A] iter=244  -trace(H^{-1})=-8.461492e+00
[FW-A] iter=245  -trace(H^{-1})=-8.449799e+00
[FW-A] iter=246  -trace(H^{-1})=-8.438814e+00
[FW-A] iter=247  -trace(H^{-1})=-8.425875e+00
[FW-A] iter=248  -trace(H^{-1})=-8.413976e+00
[FW-A] iter=249  -trace(H^{-1})=-8.403050e+00
[FW-A] iter=250  -trace(H^{-1})=-8.391663e+00
[FW-A] iter=251  -trace(H^{-1})=-8.380741e+00
[FW-A] iter=252  -trace(H^{-1})=-8.369355e+00
[FW-A] iter=253  -trace(H^{-1})=-8.359058e+00
[FW-A] iter=254  -trace(H^{-1})=-8.349279e+00
[FW-A] iter=255  -trace(H^{-1})=-8.337808e+00
[FW-A] iter=256  -trace(H^{-1})=-8.327296e+00
[FW-A] iter=257  -trace(H^{-1})=-8.317624e+00
[FW-A] iter=258  -trace(H^{-1})=-8.307456e+00
[FW-A] iter=259  -trace(H^{-1})=-8.298092e+00
[FW-A] iter=260  -trace(H^{-1})=-8.287829e+00
[FW-A] iter=261  -trace(H^{-1})=-8.278471e+00
[FW-A] iter=262  -trace(H^{-1})=-8.269050e+00
[FW-A] iter=263  -trace(H^{-1})=-8.259789e+00
[FW-A] iter=264  -trace(H^{-1})=-8.250285e+00
[FW-A] iter=265  -trace(H^{-1})=-8.241536e+00
[FW-A] iter=266  -trace(H^{-1})=-8.233242e+00
[FW-A] iter=267  -trace(H^{-1})=-8.223664e+00
[FW-A] iter=268  -trace(H^{-1})=-8.214862e+00
[FW-A] iter=269  -trace(H^{-1})=-8.206570e+00
[FW-A] iter=270  -trace(H^{-1})=-8.198050e+00
[FW-A] iter=271  -trace(H^{-1})=-8.190061e+00
[FW-A] iter=272  -trace(H^{-1})=-8.181423e+00
[FW-A] iter=273  -trace(H^{-1})=-8.173409e+00
[FW-A] iter=274  -trace(H^{-1})=-8.166271e+00
[FW-A] iter=275  -trace(H^{-1})=-8.157586e+00
[FW-A] iter=276  -trace(H^{-1})=-8.149848e+00
[FW-A] iter=277  -trace(H^{-1})=-8.141904e+00
[FW-A] iter=278  -trace(H^{-1})=-8.134863e+00
[FW-A] iter=279  -trace(H^{-1})=-8.126856e+00
[FW-A] iter=280  -trace(H^{-1})=-8.119594e+00
[FW-A] iter=281  -trace(H^{-1})=-8.112146e+00
[FW-A] iter=282  -trace(H^{-1})=-8.105438e+00
[FW-A] iter=283  -trace(H^{-1})=-8.097856e+00
[FW-A] iter=284  -trace(H^{-1})=-8.090848e+00
[FW-A] iter=285  -trace(H^{-1})=-8.083900e+00
[FW-A] iter=286  -trace(H^{-1})=-8.077500e+00
[FW-A] iter=287  -trace(H^{-1})=-8.070534e+00
[FW-A] iter=288  -trace(H^{-1})=-8.063462e+00
[FW-A] iter=289  -trace(H^{-1})=-8.057834e+00
[FW-A] iter=290  -trace(H^{-1})=-8.050640e+00
[FW-A] iter=291  -trace(H^{-1})=-8.044084e+00
[FW-A] iter=292  -trace(H^{-1})=-8.037504e+00
[FW-A] iter=293  -trace(H^{-1})=-8.031842e+00
[FW-A] iter=294  -trace(H^{-1})=-8.025135e+00
[FW-A] iter=295  -trace(H^{-1})=-8.018962e+00
[FW-A] iter=296  -trace(H^{-1})=-8.012822e+00
[FW-A] iter=297  -trace(H^{-1})=-8.007407e+00
[FW-A] iter=298  -trace(H^{-1})=-8.001254e+00
[FW-A] iter=299  -trace(H^{-1})=-7.994975e+00
  [fw-a] min_eig=2.2340e-03  heldout=38.3024  (3.6s)
[FW-D] Building 720 candidate information matrices...
Building FIM:   0%|          | 0/720 [00:00<?, ?candidate/s]Building FIM:  62%|██████▏   | 448/720 [00:00<00:00, 2928.37candidate/s]Building FIM: 100%|██████████| 720/720 [00:00<00:00, 3632.00candidate/s]
[FW-D] Done. Starting Frank-Wolfe D-optimal (select_k=5)...
[FW-D] Pre-extracting dense blocks (intr_dim=9, num_poses=720)...
[FW-D] Block extraction done. Starting iterations...
[FW-D] iter=  0  logdet=6.988217e+01
[FW-D] iter=  1  logdet=6.907989e+01
[FW-D] iter=  2  logdet=6.825655e+01
[FW-D] iter=  3  logdet=6.677986e+01
[FW-D] iter=  4  logdet=6.887849e+01
[FW-D] iter=  5  logdet=6.799821e+01
[FW-D] iter=  6  logdet=6.704307e+01
[FW-D] iter=  7  logdet=6.676873e+01
[FW-D] iter=  8  logdet=6.678497e+01
[FW-D] iter=  9  logdet=6.658431e+01
[FW-D] iter= 10  logdet=6.638719e+01
[FW-D] iter= 11  logdet=6.635763e+01
[FW-D] iter= 12  logdet=6.681521e+01
[FW-D] iter= 13  logdet=6.739421e+01
[FW-D] iter= 14  logdet=6.764630e+01
[FW-D] iter= 15  logdet=6.746104e+01
[FW-D] iter= 16  logdet=6.745641e+01
[FW-D] iter= 17  logdet=6.736197e+01
[FW-D] iter= 18  logdet=6.723941e+01
[FW-D] iter= 19  logdet=6.715143e+01
[FW-D] iter= 20  logdet=6.694813e+01
[FW-D] iter= 21  logdet=6.698972e+01
[FW-D] iter= 22  logdet=6.720542e+01
[FW-D] iter= 23  logdet=6.751761e+01
[FW-D] iter= 24  logdet=6.767655e+01
[FW-D] iter= 25  logdet=6.754837e+01
[FW-D] iter= 26  logdet=6.755419e+01
[FW-D] iter= 27  logdet=6.770222e+01
[FW-D] iter= 28  logdet=6.762323e+01
[FW-D] iter= 29  logdet=6.754415e+01
[FW-D] iter= 30  logdet=6.798542e+01
[FW-D] iter= 31  logdet=6.847846e+01
[FW-D] iter= 32  logdet=6.872311e+01
[FW-D] iter= 33  logdet=6.882039e+01
[FW-D] iter= 34  logdet=6.884991e+01
[FW-D] iter= 35  logdet=6.888293e+01
[FW-D] iter= 36  logdet=6.885714e+01
[FW-D] iter= 37  logdet=6.894681e+01
[FW-D] iter= 38  logdet=6.897917e+01
[FW-D] iter= 39  logdet=6.898897e+01
[FW-D] iter= 40  logdet=6.900955e+01
[FW-D] iter= 41  logdet=6.900010e+01
[FW-D] iter= 42  logdet=6.897088e+01
[FW-D] iter= 43  logdet=6.897303e+01
[FW-D] iter= 44  logdet=6.896305e+01
[FW-D] iter= 45  logdet=6.898975e+01
[FW-D] iter= 46  logdet=6.900533e+01
[FW-D] iter= 47  logdet=6.915988e+01
[FW-D] iter= 48  logdet=6.924084e+01
[FW-D] iter= 49  logdet=6.917933e+01
[FW-D] iter= 50  logdet=6.943256e+01
[FW-D] iter= 51  logdet=6.984380e+01
[FW-D] iter= 52  logdet=6.986491e+01
[FW-D] iter= 53  logdet=7.002548e+01
[FW-D] iter= 54  logdet=7.011178e+01
[FW-D] iter= 55  logdet=7.009473e+01
[FW-D] iter= 56  logdet=7.003709e+01
[FW-D] iter= 57  logdet=6.996645e+01
[FW-D] iter= 58  logdet=6.992778e+01
[FW-D] iter= 59  logdet=6.993329e+01
[FW-D] iter= 60  logdet=7.000964e+01
[FW-D] iter= 61  logdet=7.004869e+01
[FW-D] iter= 62  logdet=7.018876e+01
[FW-D] iter= 63  logdet=7.021607e+01
[FW-D] iter= 64  logdet=7.024891e+01
[FW-D] iter= 65  logdet=7.026529e+01
[FW-D] iter= 66  logdet=7.019922e+01
[FW-D] iter= 67  logdet=7.016014e+01
[FW-D] iter= 68  logdet=7.022182e+01
[FW-D] iter= 69  logdet=7.020922e+01
[FW-D] iter= 70  logdet=7.017022e+01
[FW-D] iter= 71  logdet=7.021706e+01
[FW-D] iter= 72  logdet=7.031868e+01
[FW-D] iter= 73  logdet=7.036979e+01
[FW-D] iter= 74  logdet=7.040825e+01
[FW-D] iter= 75  logdet=7.038991e+01
[FW-D] iter= 76  logdet=7.033919e+01
[FW-D] iter= 77  logdet=7.030984e+01
[FW-D] iter= 78  logdet=7.035032e+01
[FW-D] iter= 79  logdet=7.035446e+01
[FW-D] iter= 80  logdet=7.032958e+01
[FW-D] iter= 81  logdet=7.032466e+01
[FW-D] iter= 82  logdet=7.032123e+01
[FW-D] iter= 83  logdet=7.027134e+01
[FW-D] iter= 84  logdet=7.021263e+01
[FW-D] iter= 85  logdet=7.022977e+01
[FW-D] iter= 86  logdet=7.021659e+01
[FW-D] iter= 87  logdet=7.025567e+01
[FW-D] iter= 88  logdet=7.021152e+01
[FW-D] iter= 89  logdet=7.019425e+01
[FW-D] iter= 90  logdet=7.018881e+01
[FW-D] iter= 91  logdet=7.020909e+01
[FW-D] iter= 92  logdet=7.023072e+01
[FW-D] iter= 93  logdet=7.018017e+01
[FW-D] iter= 94  logdet=7.015056e+01
[FW-D] iter= 95  logdet=7.013123e+01
[FW-D] iter= 96  logdet=7.008512e+01
[FW-D] iter= 97  logdet=7.002718e+01
[FW-D] iter= 98  logdet=7.001034e+01
[FW-D] iter= 99  logdet=7.002389e+01
[FW-D] iter=100  logdet=7.001909e+01
[FW-D] iter=101  logdet=7.008115e+01
[FW-D] iter=102  logdet=7.011495e+01
[FW-D] iter=103  logdet=7.014961e+01
[FW-D] iter=104  logdet=7.011589e+01
[FW-D] iter=105  logdet=7.015964e+01
[FW-D] iter=106  logdet=7.011454e+01
[FW-D] iter=107  logdet=7.006582e+01
[FW-D] iter=108  logdet=7.001996e+01
[FW-D] iter=109  logdet=6.999379e+01
[FW-D] iter=110  logdet=7.003539e+01
[FW-D] iter=111  logdet=7.006730e+01
[FW-D] iter=112  logdet=7.009585e+01
[FW-D] iter=113  logdet=7.010726e+01
[FW-D] iter=114  logdet=7.006820e+01
[FW-D] iter=115  logdet=7.001539e+01
[FW-D] iter=116  logdet=6.995370e+01
[FW-D] iter=117  logdet=6.989832e+01
[FW-D] iter=118  logdet=6.986666e+01
[FW-D] iter=119  logdet=6.981294e+01
[FW-D] iter=120  logdet=6.974511e+01
[FW-D] iter=121  logdet=6.969227e+01
[FW-D] iter=122  logdet=6.969700e+01
[FW-D] iter=123  logdet=6.972083e+01
[FW-D] iter=124  logdet=6.976858e+01
[FW-D] iter=125  logdet=6.979409e+01
[FW-D] iter=126  logdet=6.975663e+01
[FW-D] iter=127  logdet=6.973740e+01
[FW-D] iter=128  logdet=6.973417e+01
[FW-D] iter=129  logdet=6.970571e+01
[FW-D] iter=130  logdet=6.968779e+01
[FW-D] iter=131  logdet=6.969124e+01
[FW-D] iter=132  logdet=6.969543e+01
[FW-D] iter=133  logdet=6.973018e+01
[FW-D] iter=134  logdet=6.971735e+01
[FW-D] iter=135  logdet=6.969130e+01
[FW-D] iter=136  logdet=6.965247e+01
[FW-D] iter=137  logdet=6.965311e+01
[FW-D] iter=138  logdet=6.963551e+01
[FW-D] iter=139  logdet=6.959316e+01
[FW-D] iter=140  logdet=6.957719e+01
[FW-D] iter=141  logdet=6.956486e+01
[FW-D] iter=142  logdet=6.954585e+01
[FW-D] iter=143  logdet=6.950751e+01
[FW-D] iter=144  logdet=6.944453e+01
[FW-D] iter=145  logdet=6.956930e+01
[FW-D] iter=146  logdet=6.968403e+01
[FW-D] iter=147  logdet=6.979007e+01
[FW-D] iter=148  logdet=6.988849e+01
[FW-D] iter=149  logdet=6.998018e+01
[FW-D] iter=150  logdet=7.006606e+01
[FW-D] iter=151  logdet=7.014868e+01
[FW-D] iter=152  logdet=7.022617e+01
[FW-D] iter=153  logdet=7.030068e+01
[FW-D] iter=154  logdet=7.037116e+01
[FW-D] iter=155  logdet=7.043859e+01
[FW-D] iter=156  logdet=7.050300e+01
[FW-D] iter=157  logdet=7.056434e+01
[FW-D] iter=158  logdet=7.062345e+01
[FW-D] iter=159  logdet=7.067947e+01
[FW-D] iter=160  logdet=7.073390e+01
[FW-D] iter=161  logdet=7.078546e+01
[FW-D] iter=162  logdet=7.083553e+01
[FW-D] iter=163  logdet=7.088322e+01
[FW-D] iter=164  logdet=7.092931e+01
[FW-D] iter=165  logdet=7.097353e+01
[FW-D] iter=166  logdet=7.101612e+01
[FW-D] iter=167  logdet=7.105793e+01
[FW-D] iter=168  logdet=7.109836e+01
[FW-D] iter=169  logdet=7.113796e+01
[FW-D] iter=170  logdet=7.117677e+01
[FW-D] iter=171  logdet=7.121408e+01
[FW-D] iter=172  logdet=7.125099e+01
[FW-D] iter=173  logdet=7.128684e+01
[FW-D] iter=174  logdet=7.132174e+01
[FW-D] iter=175  logdet=7.135601e+01
[FW-D] iter=176  logdet=7.138918e+01
[FW-D] iter=177  logdet=7.142188e+01
[FW-D] iter=178  logdet=7.145384e+01
[FW-D] iter=179  logdet=7.148489e+01
[FW-D] iter=180  logdet=7.151529e+01
[FW-D] iter=181  logdet=7.154508e+01
[FW-D] iter=182  logdet=7.157428e+01
[FW-D] iter=183  logdet=7.160273e+01
[FW-D] iter=184  logdet=7.163061e+01
[FW-D] iter=185  logdet=7.165785e+01
[FW-D] iter=186  logdet=7.168461e+01
[FW-D] iter=187  logdet=7.171086e+01
[FW-D] iter=188  logdet=7.173632e+01
[FW-D] iter=189  logdet=7.176141e+01
[FW-D] iter=190  logdet=7.178621e+01
[FW-D] iter=191  logdet=7.181015e+01
[FW-D] iter=192  logdet=7.183392e+01
[FW-D] iter=193  logdet=7.185695e+01
[FW-D] iter=194  logdet=7.187969e+01
[FW-D] iter=195  logdet=7.190206e+01
[FW-D] iter=196  logdet=7.192381e+01
[FW-D] iter=197  logdet=7.194523e+01
[FW-D] iter=198  logdet=7.196628e+01
[FW-D] iter=199  logdet=7.198695e+01
[FW-D] iter=200  logdet=7.200717e+01
[FW-D] iter=201  logdet=7.202703e+01
[FW-D] iter=202  logdet=7.204653e+01
[FW-D] iter=203  logdet=7.206571e+01
[FW-D] iter=204  logdet=7.208457e+01
[FW-D] iter=205  logdet=7.210293e+01
[FW-D] iter=206  logdet=7.212108e+01
[FW-D] iter=207  logdet=7.213905e+01
[FW-D] iter=208  logdet=7.215644e+01
[FW-D] iter=209  logdet=7.217376e+01
[FW-D] iter=210  logdet=7.219059e+01
[FW-D] iter=211  logdet=7.220724e+01
[FW-D] iter=212  logdet=7.222365e+01
[FW-D] iter=213  logdet=7.223966e+01
[FW-D] iter=214  logdet=7.225545e+01
[FW-D] iter=215  logdet=7.227102e+01
[FW-D] iter=216  logdet=7.228633e+01
[FW-D] iter=217  logdet=7.230133e+01
[FW-D] iter=218  logdet=7.231611e+01
[FW-D] iter=219  logdet=7.233066e+01
[FW-D] iter=220  logdet=7.234498e+01
[FW-D] iter=221  logdet=7.235911e+01
[FW-D] iter=222  logdet=7.237285e+01
[FW-D] iter=223  logdet=7.238653e+01
[FW-D] iter=224  logdet=7.240006e+01
[FW-D] iter=225  logdet=7.241316e+01
[FW-D] iter=226  logdet=7.242627e+01
[FW-D] iter=227  logdet=7.243902e+01
[FW-D] iter=228  logdet=7.245167e+01
[FW-D] iter=229  logdet=7.246413e+01
[FW-D] iter=230  logdet=7.247633e+01
[FW-D] iter=231  logdet=7.248834e+01
[FW-D] iter=232  logdet=7.250028e+01
[FW-D] iter=233  logdet=7.251199e+01
[FW-D] iter=234  logdet=7.252348e+01
[FW-D] iter=235  logdet=7.253484e+01
[FW-D] iter=236  logdet=7.254604e+01
[FW-D] iter=237  logdet=7.255705e+01
[FW-D] iter=238  logdet=7.256798e+01
[FW-D] iter=239  logdet=7.257859e+01
[FW-D] iter=240  logdet=7.258917e+01
[FW-D] iter=241  logdet=7.259968e+01
[FW-D] iter=242  logdet=7.260982e+01
[FW-D] iter=243  logdet=7.262004e+01
[FW-D] iter=244  logdet=7.262997e+01
[FW-D] iter=245  logdet=7.263984e+01
[FW-D] iter=246  logdet=7.264955e+01
[FW-D] iter=247  logdet=7.265910e+01
[FW-D] iter=248  logdet=7.266851e+01
[FW-D] iter=249  logdet=7.267786e+01
[FW-D] iter=250  logdet=7.268707e+01
[FW-D] iter=251  logdet=7.269608e+01
[FW-D] iter=252  logdet=7.270505e+01
[FW-D] iter=253  logdet=7.271387e+01
[FW-D] iter=254  logdet=7.272254e+01
[FW-D] iter=255  logdet=7.273120e+01
[FW-D] iter=256  logdet=7.273960e+01
[FW-D] iter=257  logdet=7.274799e+01
[FW-D] iter=258  logdet=7.275630e+01
[FW-D] iter=259  logdet=7.276442e+01
[FW-D] iter=260  logdet=7.277246e+01
[FW-D] iter=261  logdet=7.278039e+01
[FW-D] iter=262  logdet=7.278827e+01
[FW-D] iter=263  logdet=7.279599e+01
[FW-D] iter=264  logdet=7.280365e+01
[FW-D] iter=265  logdet=7.281117e+01
[FW-D] iter=266  logdet=7.281863e+01
[FW-D] iter=267  logdet=7.282604e+01
[FW-D] iter=268  logdet=7.283324e+01
[FW-D] iter=269  logdet=7.284046e+01
[FW-D] iter=270  logdet=7.284756e+01
[FW-D] iter=271  logdet=7.285455e+01
[FW-D] iter=272  logdet=7.286149e+01
[FW-D] iter=273  logdet=7.286828e+01
[FW-D] iter=274  logdet=7.287507e+01
[FW-D] iter=275  logdet=7.288176e+01
[FW-D] iter=276  logdet=7.288835e+01
[FW-D] iter=277  logdet=7.289484e+01
[FW-D] iter=278  logdet=7.290128e+01
[FW-D] iter=279  logdet=7.290768e+01
[FW-D] iter=280  logdet=7.291393e+01
[FW-D] iter=281  logdet=7.292017e+01
[FW-D] iter=282  logdet=7.292629e+01
[FW-D] iter=283  logdet=7.293235e+01
[FW-D] iter=284  logdet=7.293841e+01
[FW-D] iter=285  logdet=7.294425e+01
[FW-D] iter=286  logdet=7.295015e+01
[FW-D] iter=287  logdet=7.295599e+01
[FW-D] iter=288  logdet=7.296170e+01
[FW-D] iter=289  logdet=7.296737e+01
[FW-D] iter=290  logdet=7.297294e+01
[FW-D] iter=291  logdet=7.297852e+01
[FW-D] iter=292  logdet=7.298399e+01
[FW-D] iter=293  logdet=7.298942e+01
[FW-D] iter=294  logdet=7.299473e+01
[FW-D] iter=295  logdet=7.300005e+01
[FW-D] iter=296  logdet=7.300533e+01
[FW-D] iter=297  logdet=7.301046e+01
[FW-D] iter=298  logdet=7.301563e+01
[FW-D] iter=299  logdet=7.302068e+01
  [fw-d] min_eig=1.4249e-01  heldout=4.3815  (4.6s)

============================================================
K = 10  (held-out = 710 frames)
  [random] 25 trials...
  [coverage] min_eig=5.7544e-02  heldout=1.5010  (0.0s)
  [a-optimal] min_eig=3.9944e-01  heldout=1.2805  (1.9s)
  [d-optimal] min_eig=3.4049e-01  heldout=2.1317  (1.9s)
  [greedy-e] min_eig=4.1486e-01  heldout=2.3666  (2.0s)
[FW] Building 720 candidate information matrices...
Building FIM:   0%|          | 0/720 [00:00<?, ?candidate/s]Building FIM:  62%|██████▏   | 448/720 [00:00<00:00, 2563.01candidate/s]Building FIM: 100%|██████████| 720/720 [00:00<00:00, 3061.26candidate/s]
[FW] Done. Starting Frank-Wolfe optimization (select_k=10)...
[FW] Pre-extracting dense blocks (intr_dim=9, num_poses=720)...
[FW] Block extraction done. Starting iterations...
[FW] iter=  0  min_eig=2.011547e-01
[FW] iter=  1  min_eig=3.719766e-01
[FW] iter=  2  min_eig=1.963624e-01
[FW] iter=  3  min_eig=1.520683e-01
[FW] iter=  4  min_eig=1.154165e-01
[FW] iter=  5  min_eig=1.185469e-01
[FW] iter=  6  min_eig=1.072903e-01
[FW] iter=  7  min_eig=1.045864e-01
[FW] iter=  8  min_eig=8.988284e-02
[FW] iter=  9  min_eig=7.679314e-02
[FW] iter= 10  min_eig=6.551313e-02
[FW] iter= 11  min_eig=5.828821e-02
[FW] iter= 12  min_eig=5.873737e-02
[FW] iter= 13  min_eig=5.768988e-02
[FW] iter= 14  min_eig=5.475393e-02
[FW] iter= 15  min_eig=5.222382e-02
[FW] iter= 16  min_eig=8.111957e-02
[FW] iter= 17  min_eig=9.365900e-02
[FW] iter= 18  min_eig=9.232116e-02
[FW] iter= 19  min_eig=9.790509e-02
[FW] iter= 20  min_eig=9.975186e-02
[FW] iter= 21  min_eig=1.032194e-01
[FW] iter= 22  min_eig=1.048121e-01
[FW] iter= 23  min_eig=1.056723e-01
[FW] iter= 24  min_eig=9.918276e-02
[FW] iter= 25  min_eig=1.013323e-01
[FW] iter= 26  min_eig=1.638313e-01
[FW] iter= 27  min_eig=2.067156e-01
[FW] iter= 28  min_eig=1.988956e-01
[FW] iter= 29  min_eig=2.001662e-01
[FW] iter= 30  min_eig=2.014323e-01
[FW] iter= 31  min_eig=1.968367e-01
[FW] iter= 32  min_eig=1.889401e-01
[FW] iter= 33  min_eig=1.864675e-01
[FW] iter= 34  min_eig=1.830421e-01
[FW] iter= 35  min_eig=1.901120e-01
[FW] iter= 36  min_eig=1.984013e-01
[FW] iter= 37  min_eig=2.012527e-01
[FW] iter= 38  min_eig=2.192072e-01
[FW] iter= 39  min_eig=2.189746e-01
[FW] iter= 40  min_eig=2.231597e-01
[FW] iter= 41  min_eig=2.254558e-01
[FW] iter= 42  min_eig=2.235821e-01
[FW] iter= 43  min_eig=2.180592e-01
[FW] iter= 44  min_eig=2.148359e-01
[FW] iter= 45  min_eig=2.165921e-01
[FW] iter= 46  min_eig=2.140198e-01
[FW] iter= 47  min_eig=2.094253e-01
[FW] iter= 48  min_eig=2.015029e-01
[FW] iter= 49  min_eig=1.999403e-01
[FW] iter= 50  min_eig=2.057095e-01
[FW] iter= 51  min_eig=2.118497e-01
[FW] iter= 52  min_eig=2.096726e-01
[FW] iter= 53  min_eig=2.045986e-01
[FW] iter= 54  min_eig=2.093929e-01
[FW] iter= 55  min_eig=2.146068e-01
[FW] iter= 56  min_eig=2.183078e-01
[FW] iter= 57  min_eig=2.215735e-01
[FW] iter= 58  min_eig=2.172180e-01
[FW] iter= 59  min_eig=2.156302e-01
[FW] iter= 60  min_eig=2.153576e-01
[FW] iter= 61  min_eig=2.109543e-01
[FW] iter= 62  min_eig=2.049777e-01
[FW] iter= 63  min_eig=2.005019e-01
[FW] iter= 64  min_eig=2.006066e-01
[FW] iter= 65  min_eig=2.011069e-01
[FW] iter= 66  min_eig=2.031758e-01
[FW] iter= 67  min_eig=2.046822e-01
[FW] iter= 68  min_eig=2.004471e-01
[FW] iter= 69  min_eig=1.953674e-01
[FW] iter= 70  min_eig=1.927256e-01
[FW] iter= 71  min_eig=1.925403e-01
[FW] iter= 72  min_eig=1.904716e-01
[FW] iter= 73  min_eig=2.011603e-01
[FW] iter= 74  min_eig=2.076072e-01
[FW] iter= 75  min_eig=2.139063e-01
[FW] iter= 76  min_eig=2.199384e-01
[FW] iter= 77  min_eig=2.256839e-01
[FW] iter= 78  min_eig=2.312535e-01
[FW] iter= 79  min_eig=2.366699e-01
[FW] iter= 80  min_eig=2.416703e-01
[FW] iter= 81  min_eig=2.465370e-01
[FW] iter= 82  min_eig=2.512784e-01
[FW] iter= 83  min_eig=2.558293e-01
[FW] iter= 84  min_eig=2.602303e-01
[FW] iter= 85  min_eig=2.644301e-01
[FW] iter= 86  min_eig=2.685212e-01
[FW] iter= 87  min_eig=2.725025e-01
[FW] iter= 88  min_eig=2.762097e-01
[FW] iter= 89  min_eig=2.799404e-01
[FW] iter= 90  min_eig=2.833973e-01
[FW] iter= 91  min_eig=2.867494e-01
[FW] iter= 92  min_eig=2.900630e-01
[FW] iter= 93  min_eig=2.932446e-01
[FW] iter= 94  min_eig=2.963429e-01
[FW] iter= 95  min_eig=2.993117e-01
[FW] iter= 96  min_eig=3.022123e-01
[FW] iter= 97  min_eig=3.050560e-01
[FW] iter= 98  min_eig=3.077043e-01
[FW] iter= 99  min_eig=3.103909e-01
[FW] iter=100  min_eig=3.128760e-01
[FW] iter=101  min_eig=3.153964e-01
[FW] iter=102  min_eig=3.177310e-01
[FW] iter=103  min_eig=3.200219e-01
[FW] iter=104  min_eig=3.222852e-01
[FW] iter=105  min_eig=3.244721e-01
[FW] iter=106  min_eig=3.266031e-01
[FW] iter=107  min_eig=3.287104e-01
[FW] iter=108  min_eig=3.306665e-01
[FW] iter=109  min_eig=3.326746e-01
[FW] iter=110  min_eig=3.345198e-01
[FW] iter=111  min_eig=3.364162e-01
[FW] iter=112  min_eig=3.382059e-01
[FW] iter=113  min_eig=3.399830e-01
[FW] iter=114  min_eig=3.416971e-01
[FW] iter=115  min_eig=3.433332e-01
[FW] iter=116  min_eig=3.449741e-01
[FW] iter=117  min_eig=3.465221e-01
[FW] iter=118  min_eig=3.480775e-01
[FW] iter=119  min_eig=3.495434e-01
[FW] iter=120  min_eig=3.510198e-01
[FW] iter=121  min_eig=3.524090e-01
[FW] iter=122  min_eig=3.538481e-01
[FW] iter=123  min_eig=3.551982e-01
[FW] iter=124  min_eig=3.565138e-01
[FW] iter=125  min_eig=3.578031e-01
[FW] iter=126  min_eig=3.590524e-01
[FW] iter=127  min_eig=3.602797e-01
[FW] iter=128  min_eig=3.614666e-01
[FW] iter=129  min_eig=3.626662e-01
[FW] iter=130  min_eig=3.637915e-01
[FW] iter=131  min_eig=3.649212e-01
[FW] iter=132  min_eig=3.660007e-01
[FW] iter=133  min_eig=3.670758e-01
[FW] iter=134  min_eig=3.681063e-01
[FW] iter=135  min_eig=3.691300e-01
[FW] iter=136  min_eig=3.701389e-01
[FW] iter=137  min_eig=3.710869e-01
[FW] iter=138  min_eig=3.720631e-01
[FW] iter=139  min_eig=3.729665e-01
[FW] iter=140  min_eig=3.739006e-01
[FW] iter=141  min_eig=3.747624e-01
[FW] iter=142  min_eig=3.756571e-01
[FW] iter=143  min_eig=3.765072e-01
[FW] iter=144  min_eig=3.773600e-01
[FW] iter=145  min_eig=3.781856e-01
[FW] iter=146  min_eig=3.789760e-01
[FW] iter=147  min_eig=3.797723e-01
[FW] iter=148  min_eig=3.805276e-01
[FW] iter=149  min_eig=3.812917e-01
[FW] iter=150  min_eig=3.820138e-01
[FW] iter=151  min_eig=3.827669e-01
[FW] iter=152  min_eig=3.834715e-01
[FW] iter=153  min_eig=3.841690e-01
[FW] iter=154  min_eig=3.848518e-01
[FW] iter=155  min_eig=3.855194e-01
[FW] iter=156  min_eig=3.861759e-01
[FW] iter=157  min_eig=3.868150e-01
[FW] iter=158  min_eig=3.874624e-01
[FW] iter=159  min_eig=3.880555e-01
[FW] iter=160  min_eig=3.886882e-01
[FW] iter=161  min_eig=3.892760e-01
[FW] iter=162  min_eig=3.898704e-01
[FW] iter=163  min_eig=3.904374e-01
[FW] iter=164  min_eig=3.910073e-01
[FW] iter=165  min_eig=3.915537e-01
[FW] iter=166  min_eig=3.921005e-01
[FW] iter=167  min_eig=3.926451e-01
[FW] iter=168  min_eig=3.931528e-01
[FW] iter=169  min_eig=3.936828e-01
[FW] iter=170  min_eig=3.941698e-01
[FW] iter=171  min_eig=3.946815e-01
[FW] iter=172  min_eig=3.951642e-01
[FW] iter=173  min_eig=3.956559e-01
[FW] iter=174  min_eig=3.961290e-01
[FW] iter=175  min_eig=3.965859e-01
[FW] iter=176  min_eig=3.970486e-01
[FW] iter=177  min_eig=3.974876e-01
[FW] iter=178  min_eig=3.979349e-01
[FW] iter=179  min_eig=3.983568e-01
[FW] iter=180  min_eig=3.987894e-01
[FW] iter=181  min_eig=3.991951e-01
[FW] iter=182  min_eig=3.996282e-01
[FW] iter=183  min_eig=4.000314e-01
[FW] iter=184  min_eig=4.004296e-01
[FW] iter=185  min_eig=4.008219e-01
[FW] iter=186  min_eig=4.012051e-01
[FW] iter=187  min_eig=4.015850e-01
[FW] iter=188  min_eig=4.019538e-01
[FW] iter=189  min_eig=4.023339e-01
[FW] iter=190  min_eig=4.026871e-01
[FW] iter=191  min_eig=4.030500e-01
[FW] iter=192  min_eig=4.033955e-01
[FW] iter=193  min_eig=4.037451e-01
[FW] iter=194  min_eig=4.040800e-01
[FW] iter=195  min_eig=4.044169e-01
[FW] iter=196  min_eig=4.047516e-01
[FW] iter=197  min_eig=4.050643e-01
[FW] iter=198  min_eig=4.053948e-01
[FW] iter=199  min_eig=4.056961e-01
[FW] iter=200  min_eig=4.060168e-01
[FW] iter=201  min_eig=4.063072e-01
[FW] iter=202  min_eig=4.066187e-01
[FW] iter=203  min_eig=4.069125e-01
[FW] iter=204  min_eig=4.072112e-01
[FW] iter=205  min_eig=4.075014e-01
[FW] iter=206  min_eig=4.077787e-01
[FW] iter=207  min_eig=4.080636e-01
[FW] iter=208  min_eig=4.083310e-01
[FW] iter=209  min_eig=4.086078e-01
[FW] iter=210  min_eig=4.088658e-01
[FW] iter=211  min_eig=4.091434e-01
[FW] iter=212  min_eig=4.094002e-01
[FW] iter=213  min_eig=4.096567e-01
[FW] iter=214  min_eig=4.099101e-01
[FW] iter=215  min_eig=4.101577e-01
[FW] iter=216  min_eig=4.104043e-01
[FW] iter=217  min_eig=4.106433e-01
[FW] iter=218  min_eig=4.108901e-01
[FW] iter=219  min_eig=4.111116e-01
[FW] iter=220  min_eig=4.113574e-01
[FW] iter=221  min_eig=4.115819e-01
[FW] iter=222  min_eig=4.118121e-01
[FW] iter=223  min_eig=4.120321e-01
[FW] iter=224  min_eig=4.122544e-01
[FW] iter=225  min_eig=4.124687e-01
[FW] iter=226  min_eig=4.126837e-01
[FW] iter=227  min_eig=4.129005e-01
[FW] iter=228  min_eig=4.130998e-01
[FW] iter=229  min_eig=4.133144e-01
[FW] iter=230  min_eig=4.135068e-01
[FW] iter=231  min_eig=4.137161e-01
[FW] iter=232  min_eig=4.139110e-01
[FW] iter=233  min_eig=4.141120e-01
[FW] iter=234  min_eig=4.143056e-01
[FW] iter=235  min_eig=4.144918e-01
[FW] iter=236  min_eig=4.146847e-01
[FW] iter=237  min_eig=4.148648e-01
[FW] iter=238  min_eig=4.150528e-01
[FW] iter=239  min_eig=4.152270e-01
[FW] iter=240  min_eig=4.154106e-01
[FW] iter=241  min_eig=4.155790e-01
[FW] iter=242  min_eig=4.157653e-01
[FW] iter=243  min_eig=4.159365e-01
[FW] iter=244  min_eig=4.161058e-01
[FW] iter=245  min_eig=4.162751e-01
[FW] iter=246  min_eig=4.164389e-01
[FW] iter=247  min_eig=4.166040e-01
[FW] iter=248  min_eig=4.167626e-01
[FW] iter=249  min_eig=4.169299e-01
[FW] iter=250  min_eig=4.170833e-01
[FW] iter=251  min_eig=4.172429e-01
[FW] iter=252  min_eig=4.173953e-01
[FW] iter=253  min_eig=4.175498e-01
[FW] iter=254  min_eig=4.176988e-01
[FW] iter=255  min_eig=4.178484e-01
[FW] iter=256  min_eig=4.179989e-01
[FW] iter=257  min_eig=4.181371e-01
[FW] iter=258  min_eig=4.182882e-01
[FW] iter=259  min_eig=4.184220e-01
[FW] iter=260  min_eig=4.185697e-01
[FW] iter=261  min_eig=4.187052e-01
[FW] iter=262  min_eig=4.188470e-01
[FW] iter=263  min_eig=4.189783e-01
[FW] iter=264  min_eig=4.191157e-01
[FW] iter=265  min_eig=4.192502e-01
[FW] iter=266  min_eig=4.193771e-01
[FW] iter=267  min_eig=4.195109e-01
[FW] iter=268  min_eig=4.196339e-01
[FW] iter=269  min_eig=4.197649e-01
[FW] iter=270  min_eig=4.198839e-01
[FW] iter=271  min_eig=4.200165e-01
[FW] iter=272  min_eig=4.201376e-01
[FW] iter=273  min_eig=4.202584e-01
[FW] iter=274  min_eig=4.203797e-01
[FW] iter=275  min_eig=4.204968e-01
[FW] iter=276  min_eig=4.206156e-01
[FW] iter=277  min_eig=4.207291e-01
[FW] iter=278  min_eig=4.208455e-01
[FW] iter=279  min_eig=4.209554e-01
[FW] iter=280  min_eig=4.210747e-01
[FW] iter=281  min_eig=4.211833e-01
[FW] iter=282  min_eig=4.212950e-01
[FW] iter=283  min_eig=4.214028e-01
[FW] iter=284  min_eig=4.215112e-01
[FW] iter=285  min_eig=4.216169e-01
[FW] iter=286  min_eig=4.217220e-01
[FW] iter=287  min_eig=4.218300e-01
[FW] iter=288  min_eig=4.219267e-01
[FW] iter=289  min_eig=4.220350e-01
[FW] iter=290  min_eig=4.221287e-01
[FW] iter=291  min_eig=4.222351e-01
[FW] iter=292  min_eig=4.223325e-01
[FW] iter=293  min_eig=4.224332e-01
[FW] iter=294  min_eig=4.225310e-01
[FW] iter=295  min_eig=4.226237e-01
[FW] iter=296  min_eig=4.227225e-01
[FW] iter=297  min_eig=4.228125e-01
[FW] iter=298  min_eig=4.229094e-01
[FW] iter=299  min_eig=4.229966e-01
  [fw-e] min_eig=4.2853e-01  heldout=1.6385  (2.5s)
[FW-A] Building 720 candidate information matrices...
Building FIM:   0%|          | 0/720 [00:00<?, ?candidate/s]Building FIM:  62%|██████▏   | 448/720 [00:00<00:00, 3905.38candidate/s]Building FIM: 100%|██████████| 720/720 [00:00<00:00, 4467.81candidate/s]
[FW-A] Done. Starting Frank-Wolfe A-optimal (select_k=10)...
[FW-A] Pre-extracting dense blocks (intr_dim=9, num_poses=720)...
[FW-A] Block extraction done. Starting iterations...
[FW-A] iter=  0  -trace(H^{-1})=-6.676270e+00
[FW-A] iter=  1  -trace(H^{-1})=-1.322656e+03
[FW-A] iter=  2  -trace(H^{-1})=-1.936638e+01
[FW-A] iter=  3  -trace(H^{-1})=-1.712226e+01
[FW-A] iter=  4  -trace(H^{-1})=-1.742278e+01
[FW-A] iter=  5  -trace(H^{-1})=-1.206576e+01
[FW-A] iter=  6  -trace(H^{-1})=-1.154862e+01
[FW-A] iter=  7  -trace(H^{-1})=-9.942531e+00
[FW-A] iter=  8  -trace(H^{-1})=-9.777641e+00
[FW-A] iter=  9  -trace(H^{-1})=-1.054677e+01
[FW-A] iter= 10  -trace(H^{-1})=-1.167550e+01
[FW-A] iter= 11  -trace(H^{-1})=-1.268428e+01
[FW-A] iter= 12  -trace(H^{-1})=-1.353074e+01
[FW-A] iter= 13  -trace(H^{-1})=-1.451300e+01
[FW-A] iter= 14  -trace(H^{-1})=-1.555360e+01
[FW-A] iter= 15  -trace(H^{-1})=-1.660988e+01
[FW-A] iter= 16  -trace(H^{-1})=-1.311347e+01
[FW-A] iter= 17  -trace(H^{-1})=-1.201255e+01
[FW-A] iter= 18  -trace(H^{-1})=-1.208190e+01
[FW-A] iter= 19  -trace(H^{-1})=-1.165839e+01
[FW-A] iter= 20  -trace(H^{-1})=-1.115613e+01
[FW-A] iter= 21  -trace(H^{-1})=-1.124872e+01
[FW-A] iter= 22  -trace(H^{-1})=-1.114403e+01
[FW-A] iter= 23  -trace(H^{-1})=-1.110862e+01
[FW-A] iter= 24  -trace(H^{-1})=-1.161476e+01
[FW-A] iter= 25  -trace(H^{-1})=-1.136880e+01
[FW-A] iter= 26  -trace(H^{-1})=-7.733707e+00
[FW-A] iter= 27  -trace(H^{-1})=-6.429495e+00
[FW-A] iter= 28  -trace(H^{-1})=-6.641995e+00
[FW-A] iter= 29  -trace(H^{-1})=-6.616815e+00
[FW-A] iter= 30  -trace(H^{-1})=-6.557275e+00
[FW-A] iter= 31  -trace(H^{-1})=-6.646494e+00
[FW-A] iter= 32  -trace(H^{-1})=-6.726579e+00
[FW-A] iter= 33  -trace(H^{-1})=-6.929025e+00
[FW-A] iter= 34  -trace(H^{-1})=-7.033531e+00
[FW-A] iter= 35  -trace(H^{-1})=-6.857987e+00
[FW-A] iter= 36  -trace(H^{-1})=-6.775382e+00
[FW-A] iter= 37  -trace(H^{-1})=-6.581796e+00
[FW-A] iter= 38  -trace(H^{-1})=-6.480922e+00
[FW-A] iter= 39  -trace(H^{-1})=-6.503423e+00
[FW-A] iter= 40  -trace(H^{-1})=-6.138145e+00
[FW-A] iter= 41  -trace(H^{-1})=-6.124839e+00
[FW-A] iter= 42  -trace(H^{-1})=-6.267561e+00
[FW-A] iter= 43  -trace(H^{-1})=-6.382143e+00
[FW-A] iter= 44  -trace(H^{-1})=-6.397285e+00
[FW-A] iter= 45  -trace(H^{-1})=-6.348550e+00
[FW-A] iter= 46  -trace(H^{-1})=-6.517242e+00
[FW-A] iter= 47  -trace(H^{-1})=-6.634167e+00
[FW-A] iter= 48  -trace(H^{-1})=-6.756507e+00
[FW-A] iter= 49  -trace(H^{-1})=-6.681205e+00
[FW-A] iter= 50  -trace(H^{-1})=-6.555066e+00
[FW-A] iter= 51  -trace(H^{-1})=-6.507792e+00
[FW-A] iter= 52  -trace(H^{-1})=-6.500773e+00
[FW-A] iter= 53  -trace(H^{-1})=-6.544654e+00
[FW-A] iter= 54  -trace(H^{-1})=-6.366045e+00
[FW-A] iter= 55  -trace(H^{-1})=-6.204285e+00
[FW-A] iter= 56  -trace(H^{-1})=-6.222756e+00
[FW-A] iter= 57  -trace(H^{-1})=-6.118414e+00
[FW-A] iter= 58  -trace(H^{-1})=-6.214922e+00
[FW-A] iter= 59  -trace(H^{-1})=-6.276906e+00
[FW-A] iter= 60  -trace(H^{-1})=-6.314919e+00
[FW-A] iter= 61  -trace(H^{-1})=-6.419401e+00
[FW-A] iter= 62  -trace(H^{-1})=-6.553689e+00
[FW-A] iter= 63  -trace(H^{-1})=-6.667217e+00
[FW-A] iter= 64  -trace(H^{-1})=-6.687403e+00
[FW-A] iter= 65  -trace(H^{-1})=-6.682928e+00
[FW-A] iter= 66  -trace(H^{-1})=-6.614342e+00
[FW-A] iter= 67  -trace(H^{-1})=-6.549289e+00
[FW-A] iter= 68  -trace(H^{-1})=-6.655795e+00
[FW-A] iter= 69  -trace(H^{-1})=-6.789549e+00
[FW-A] iter= 70  -trace(H^{-1})=-6.857982e+00
[FW-A] iter= 71  -trace(H^{-1})=-6.853258e+00
[FW-A] iter= 72  -trace(H^{-1})=-6.917764e+00
[FW-A] iter= 73  -trace(H^{-1})=-6.650620e+00
[FW-A] iter= 74  -trace(H^{-1})=-6.504132e+00
[FW-A] iter= 75  -trace(H^{-1})=-6.338545e+00
[FW-A] iter= 76  -trace(H^{-1})=-6.198637e+00
[FW-A] iter= 77  -trace(H^{-1})=-6.072711e+00
[FW-A] iter= 78  -trace(H^{-1})=-5.955103e+00
[FW-A] iter= 79  -trace(H^{-1})=-5.850737e+00
[FW-A] iter= 80  -trace(H^{-1})=-5.751972e+00
[FW-A] iter= 81  -trace(H^{-1})=-5.662509e+00
[FW-A] iter= 82  -trace(H^{-1})=-5.576075e+00
[FW-A] iter= 83  -trace(H^{-1})=-5.500222e+00
[FW-A] iter= 84  -trace(H^{-1})=-5.424495e+00
[FW-A] iter= 85  -trace(H^{-1})=-5.355416e+00
[FW-A] iter= 86  -trace(H^{-1})=-5.292626e+00
[FW-A] iter= 87  -trace(H^{-1})=-5.231281e+00
[FW-A] iter= 88  -trace(H^{-1})=-5.174706e+00
[FW-A] iter= 89  -trace(H^{-1})=-5.121852e+00
[FW-A] iter= 90  -trace(H^{-1})=-5.071209e+00
[FW-A] iter= 91  -trace(H^{-1})=-5.025092e+00
[FW-A] iter= 92  -trace(H^{-1})=-4.979208e+00
[FW-A] iter= 93  -trace(H^{-1})=-4.936540e+00
[FW-A] iter= 94  -trace(H^{-1})=-4.896845e+00
[FW-A] iter= 95  -trace(H^{-1})=-4.858067e+00
[FW-A] iter= 96  -trace(H^{-1})=-4.823025e+00
[FW-A] iter= 97  -trace(H^{-1})=-4.787391e+00
[FW-A] iter= 98  -trace(H^{-1})=-4.754104e+00
[FW-A] iter= 99  -trace(H^{-1})=-4.723419e+00
[FW-A] iter=100  -trace(H^{-1})=-4.692766e+00
[FW-A] iter=101  -trace(H^{-1})=-4.664005e+00
[FW-A] iter=102  -trace(H^{-1})=-4.636911e+00
[FW-A] iter=103  -trace(H^{-1})=-4.610305e+00
[FW-A] iter=104  -trace(H^{-1})=-4.586065e+00
[FW-A] iter=105  -trace(H^{-1})=-4.561211e+00
[FW-A] iter=106  -trace(H^{-1})=-4.537874e+00
[FW-A] iter=107  -trace(H^{-1})=-4.516208e+00
[FW-A] iter=108  -trace(H^{-1})=-4.494374e+00
[FW-A] iter=109  -trace(H^{-1})=-4.473817e+00
[FW-A] iter=110  -trace(H^{-1})=-4.454334e+00
[FW-A] iter=111  -trace(H^{-1})=-4.435029e+00
[FW-A] iter=112  -trace(H^{-1})=-4.417443e+00
[FW-A] iter=113  -trace(H^{-1})=-4.399192e+00
[FW-A] iter=114  -trace(H^{-1})=-4.382035e+00
[FW-A] iter=115  -trace(H^{-1})=-4.366074e+00
[FW-A] iter=116  -trace(H^{-1})=-4.349796e+00
[FW-A] iter=117  -trace(H^{-1})=-4.334469e+00
[FW-A] iter=118  -trace(H^{-1})=-4.319916e+00
[FW-A] iter=119  -trace(H^{-1})=-4.305328e+00
[FW-A] iter=120  -trace(H^{-1})=-4.292107e+00
[FW-A] iter=121  -trace(H^{-1})=-4.278187e+00
[FW-A] iter=122  -trace(H^{-1})=-4.265121e+00
[FW-A] iter=123  -trace(H^{-1})=-4.252979e+00
[FW-A] iter=124  -trace(H^{-1})=-4.240421e+00
[FW-A] iter=125  -trace(H^{-1})=-4.228622e+00
[FW-A] iter=126  -trace(H^{-1})=-4.217430e+00
[FW-A] iter=127  -trace(H^{-1})=-4.206058e+00
[FW-A] iter=128  -trace(H^{-1})=-4.195845e+00
[FW-A] iter=129  -trace(H^{-1})=-4.184913e+00
[FW-A] iter=130  -trace(H^{-1})=-4.174684e+00
[FW-A] iter=131  -trace(H^{-1})=-4.165214e+00
[FW-A] iter=132  -trace(H^{-1})=-4.155263e+00
[FW-A] iter=133  -trace(H^{-1})=-4.145948e+00
[FW-A] iter=134  -trace(H^{-1})=-4.137141e+00
[FW-A] iter=135  -trace(H^{-1})=-4.128055e+00
[FW-A] iter=136  -trace(H^{-1})=-4.119991e+00
[FW-A] iter=137  -trace(H^{-1})=-4.111203e+00
[FW-A] iter=138  -trace(H^{-1})=-4.103017e+00
[FW-A] iter=139  -trace(H^{-1})=-4.095480e+00
[FW-A] iter=140  -trace(H^{-1})=-4.087422e+00
[FW-A] iter=141  -trace(H^{-1})=-4.079918e+00
[FW-A] iter=142  -trace(H^{-1})=-4.072855e+00
[FW-A] iter=143  -trace(H^{-1})=-4.065449e+00
[FW-A] iter=144  -trace(H^{-1})=-4.058552e+00
[FW-A] iter=145  -trace(H^{-1})=-4.051920e+00
[FW-A] iter=146  -trace(H^{-1})=-4.045096e+00
[FW-A] iter=147  -trace(H^{-1})=-4.039003e+00
[FW-A] iter=148  -trace(H^{-1})=-4.032357e+00
[FW-A] iter=149  -trace(H^{-1})=-4.026375e+00
[FW-A] iter=150  -trace(H^{-1})=-4.020675e+00
[FW-A] iter=151  -trace(H^{-1})=-4.014461e+00
[FW-A] iter=152  -trace(H^{-1})=-4.008869e+00
[FW-A] iter=153  -trace(H^{-1})=-4.003593e+00
[FW-A] iter=154  -trace(H^{-1})=-3.997770e+00
[FW-A] iter=155  -trace(H^{-1})=-3.992535e+00
[FW-A] iter=156  -trace(H^{-1})=-3.987641e+00
[FW-A] iter=157  -trace(H^{-1})=-3.982176e+00
[FW-A] iter=158  -trace(H^{-1})=-3.977298e+00
[FW-A] iter=159  -trace(H^{-1})=-3.972931e+00
[FW-A] iter=160  -trace(H^{-1})=-3.967733e+00
[FW-A] iter=161  -trace(H^{-1})=-3.963090e+00
[FW-A] iter=162  -trace(H^{-1})=-3.959161e+00
[FW-A] iter=163  -trace(H^{-1})=-3.954209e+00
[FW-A] iter=164  -trace(H^{-1})=-3.949783e+00
[FW-A] iter=165  -trace(H^{-1})=-3.945716e+00
[FW-A] iter=166  -trace(H^{-1})=-3.941252e+00
[FW-A] iter=167  -trace(H^{-1})=-3.937022e+00
[FW-A] iter=168  -trace(H^{-1})=-3.933575e+00
[FW-A] iter=169  -trace(H^{-1})=-3.929137e+00
[FW-A] iter=170  -trace(H^{-1})=-3.925151e+00
[FW-A] iter=171  -trace(H^{-1})=-3.921500e+00
[FW-A] iter=172  -trace(H^{-1})=-3.917570e+00
[FW-A] iter=173  -trace(H^{-1})=-3.913865e+00
[FW-A] iter=174  -trace(H^{-1})=-3.910778e+00
[FW-A] iter=175  -trace(H^{-1})=-3.906850e+00
[FW-A] iter=176  -trace(H^{-1})=-3.903328e+00
[FW-A] iter=177  -trace(H^{-1})=-3.900035e+00
[FW-A] iter=178  -trace(H^{-1})=-3.896554e+00
[FW-A] iter=179  -trace(H^{-1})=-3.893295e+00
[FW-A] iter=180  -trace(H^{-1})=-3.890136e+00
[FW-A] iter=181  -trace(H^{-1})=-3.886876e+00
[FW-A] iter=182  -trace(H^{-1})=-3.883963e+00
[FW-A] iter=183  -trace(H^{-1})=-3.880734e+00
[FW-A] iter=184  -trace(H^{-1})=-3.877735e+00
[FW-A] iter=185  -trace(H^{-1})=-3.874934e+00
[FW-A] iter=186  -trace(H^{-1})=-3.871904e+00
[FW-A] iter=187  -trace(H^{-1})=-3.869091e+00
[FW-A] iter=188  -trace(H^{-1})=-3.866395e+00
[FW-A] iter=189  -trace(H^{-1})=-3.863548e+00
[FW-A] iter=190  -trace(H^{-1})=-3.861062e+00
[FW-A] iter=191  -trace(H^{-1})=-3.858236e+00
[FW-A] iter=192  -trace(H^{-1})=-3.855726e+00
[FW-A] iter=193  -trace(H^{-1})=-3.853337e+00
[FW-A] iter=194  -trace(H^{-1})=-3.850641e+00
[FW-A] iter=195  -trace(H^{-1})=-3.848248e+00
[FW-A] iter=196  -trace(H^{-1})=-3.845999e+00
[FW-A] iter=197  -trace(H^{-1})=-3.843424e+00
[FW-A] iter=198  -trace(H^{-1})=-3.841141e+00
[FW-A] iter=199  -trace(H^{-1})=-3.839023e+00
[FW-A] iter=200  -trace(H^{-1})=-3.836562e+00
[FW-A] iter=201  -trace(H^{-1})=-3.834381e+00
[FW-A] iter=202  -trace(H^{-1})=-3.832385e+00
[FW-A] iter=203  -trace(H^{-1})=-3.830030e+00
[FW-A] iter=204  -trace(H^{-1})=-3.827955e+00
[FW-A] iter=205  -trace(H^{-1})=-3.826167e+00
[FW-A] iter=206  -trace(H^{-1})=-3.823881e+00
[FW-A] iter=207  -trace(H^{-1})=-3.821865e+00
[FW-A] iter=208  -trace(H^{-1})=-3.820250e+00
[FW-A] iter=209  -trace(H^{-1})=-3.818029e+00
[FW-A] iter=210  -trace(H^{-1})=-3.816068e+00
[FW-A] iter=211  -trace(H^{-1})=-3.814157e+00
[FW-A] iter=212  -trace(H^{-1})=-3.812539e+00
[FW-A] iter=213  -trace(H^{-1})=-3.810475e+00
[FW-A] iter=214  -trace(H^{-1})=-3.808650e+00
[FW-A] iter=215  -trace(H^{-1})=-3.807122e+00
[FW-A] iter=216  -trace(H^{-1})=-3.805140e+00
[FW-A] iter=217  -trace(H^{-1})=-3.803389e+00
[FW-A] iter=218  -trace(H^{-1})=-3.801704e+00
[FW-A] iter=219  -trace(H^{-1})=-3.799949e+00
[FW-A] iter=220  -trace(H^{-1})=-3.798396e+00
[FW-A] iter=221  -trace(H^{-1})=-3.796637e+00
[FW-A] iter=222  -trace(H^{-1})=-3.795008e+00
[FW-A] iter=223  -trace(H^{-1})=-3.793494e+00
[FW-A] iter=224  -trace(H^{-1})=-3.791829e+00
[FW-A] iter=225  -trace(H^{-1})=-3.790288e+00
[FW-A] iter=226  -trace(H^{-1})=-3.788811e+00
[FW-A] iter=227  -trace(H^{-1})=-3.787232e+00
[FW-A] iter=228  -trace(H^{-1})=-3.785873e+00
[FW-A] iter=229  -trace(H^{-1})=-3.784288e+00
[FW-A] iter=230  -trace(H^{-1})=-3.782835e+00
[FW-A] iter=231  -trace(H^{-1})=-3.781507e+00
[FW-A] iter=232  -trace(H^{-1})=-3.780003e+00
[FW-A] iter=233  -trace(H^{-1})=-3.778627e+00
[FW-A] iter=234  -trace(H^{-1})=-3.777328e+00
[FW-A] iter=235  -trace(H^{-1})=-3.775900e+00
[FW-A] iter=236  -trace(H^{-1})=-3.774706e+00
[FW-A] iter=237  -trace(H^{-1})=-3.773269e+00
[FW-A] iter=238  -trace(H^{-1})=-3.772015e+00
[FW-A] iter=239  -trace(H^{-1})=-3.770858e+00
[FW-A] iter=240  -trace(H^{-1})=-3.769471e+00
[FW-A] iter=241  -trace(H^{-1})=-3.768261e+00
[FW-A] iter=242  -trace(H^{-1})=-3.767163e+00
[FW-A] iter=243  -trace(H^{-1})=-3.765823e+00
[FW-A] iter=244  -trace(H^{-1})=-3.764655e+00
[FW-A] iter=245  -trace(H^{-1})=-3.763612e+00
[FW-A] iter=246  -trace(H^{-1})=-3.762317e+00
[FW-A] iter=247  -trace(H^{-1})=-3.761188e+00
[FW-A] iter=248  -trace(H^{-1})=-3.760199e+00
[FW-A] iter=249  -trace(H^{-1})=-3.758946e+00
[FW-A] iter=250  -trace(H^{-1})=-3.757860e+00
[FW-A] iter=251  -trace(H^{-1})=-3.756979e+00
[FW-A] iter=252  -trace(H^{-1})=-3.755747e+00
[FW-A] iter=253  -trace(H^{-1})=-3.754678e+00
[FW-A] iter=254  -trace(H^{-1})=-3.753888e+00
[FW-A] iter=255  -trace(H^{-1})=-3.752676e+00
[FW-A] iter=256  -trace(H^{-1})=-3.751622e+00
[FW-A] iter=257  -trace(H^{-1})=-3.750604e+00
[FW-A] iter=258  -trace(H^{-1})=-3.749787e+00
[FW-A] iter=259  -trace(H^{-1})=-3.748649e+00
[FW-A] iter=260  -trace(H^{-1})=-3.747660e+00
[FW-A] iter=261  -trace(H^{-1})=-3.746885e+00
[FW-A] iter=262  -trace(H^{-1})=-3.745782e+00
[FW-A] iter=263  -trace(H^{-1})=-3.744823e+00
[FW-A] iter=264  -trace(H^{-1})=-3.743922e+00
[FW-A] iter=265  -trace(H^{-1})=-3.742950e+00
[FW-A] iter=266  -trace(H^{-1})=-3.742125e+00
[FW-A] iter=267  -trace(H^{-1})=-3.741140e+00
[FW-A] iter=268  -trace(H^{-1})=-3.740242e+00
[FW-A] iter=269  -trace(H^{-1})=-3.739428e+00
[FW-A] iter=270  -trace(H^{-1})=-3.738488e+00
[FW-A] iter=271  -trace(H^{-1})=-3.737634e+00
[FW-A] iter=272  -trace(H^{-1})=-3.736830e+00
[FW-A] iter=273  -trace(H^{-1})=-3.735934e+00
[FW-A] iter=274  -trace(H^{-1})=-3.735199e+00
[FW-A] iter=275  -trace(H^{-1})=-3.734290e+00
[FW-A] iter=276  -trace(H^{-1})=-3.733509e+00
[FW-A] iter=277  -trace(H^{-1})=-3.732792e+00
[FW-A] iter=278  -trace(H^{-1})=-3.731909e+00
[FW-A] iter=279  -trace(H^{-1})=-3.731150e+00
[FW-A] iter=280  -trace(H^{-1})=-3.730468e+00
[FW-A] iter=281  -trace(H^{-1})=-3.729608e+00
[FW-A] iter=282  -trace(H^{-1})=-3.728871e+00
[FW-A] iter=283  -trace(H^{-1})=-3.728221e+00
[FW-A] iter=284  -trace(H^{-1})=-3.727385e+00
[FW-A] iter=285  -trace(H^{-1})=-3.726668e+00
[FW-A] iter=286  -trace(H^{-1})=-3.726048e+00
[FW-A] iter=287  -trace(H^{-1})=-3.725235e+00
[FW-A] iter=288  -trace(H^{-1})=-3.724544e+00
[FW-A] iter=289  -trace(H^{-1})=-3.723999e+00
[FW-A] iter=290  -trace(H^{-1})=-3.723192e+00
[FW-A] iter=291  -trace(H^{-1})=-3.722506e+00
[FW-A] iter=292  -trace(H^{-1})=-3.722021e+00
[FW-A] iter=293  -trace(H^{-1})=-3.721222e+00
[FW-A] iter=294  -trace(H^{-1})=-3.720540e+00
[FW-A] iter=295  -trace(H^{-1})=-3.719876e+00
[FW-A] iter=296  -trace(H^{-1})=-3.719362e+00
[FW-A] iter=297  -trace(H^{-1})=-3.718607e+00
[FW-A] iter=298  -trace(H^{-1})=-3.717961e+00
[FW-A] iter=299  -trace(H^{-1})=-3.717351e+00
  [fw-a] min_eig=2.9077e-02  heldout=3.5907  (2.7s)
[FW-D] Building 720 candidate information matrices...
Building FIM:   0%|          | 0/720 [00:00<?, ?candidate/s]Building FIM:  67%|██████▋   | 481/720 [00:00<00:00, 4809.61candidate/s]Building FIM: 100%|██████████| 720/720 [00:00<00:00, 4416.24candidate/s]
[FW-D] Done. Starting Frank-Wolfe D-optimal (select_k=10)...
[FW-D] Pre-extracting dense blocks (intr_dim=9, num_poses=720)...
[FW-D] Block extraction done. Starting iterations...
[FW-D] iter=  0  logdet=7.608590e+01
[FW-D] iter=  1  logdet=7.508836e+01
[FW-D] iter=  2  logdet=7.277944e+01
[FW-D] iter=  3  logdet=7.484700e+01
[FW-D] iter=  4  logdet=7.369956e+01
[FW-D] iter=  5  logdet=7.355426e+01
[FW-D] iter=  6  logdet=7.329577e+01
[FW-D] iter=  7  logdet=7.392564e+01
[FW-D] iter=  8  logdet=7.367740e+01
[FW-D] iter=  9  logdet=7.376794e+01
[FW-D] iter= 10  logdet=7.349446e+01
[FW-D] iter= 11  logdet=7.365409e+01
[FW-D] iter= 12  logdet=7.396418e+01
[FW-D] iter= 13  logdet=7.380709e+01
[FW-D] iter= 14  logdet=7.385236e+01
[FW-D] iter= 15  logdet=7.416358e+01
[FW-D] iter= 16  logdet=7.484272e+01
[FW-D] iter= 17  logdet=7.496864e+01
[FW-D] iter= 18  logdet=7.497766e+01
[FW-D] iter= 19  logdet=7.512176e+01
[FW-D] iter= 20  logdet=7.516035e+01
[FW-D] iter= 21  logdet=7.512541e+01
[FW-D] iter= 22  logdet=7.511857e+01
[FW-D] iter= 23  logdet=7.516420e+01
[FW-D] iter= 24  logdet=7.540382e+01
[FW-D] iter= 25  logdet=7.559108e+01
[FW-D] iter= 26  logdet=7.618526e+01
[FW-D] iter= 27  logdet=7.626898e+01
[FW-D] iter= 28  logdet=7.619571e+01
[FW-D] iter= 29  logdet=7.608701e+01
[FW-D] iter= 30  logdet=7.617047e+01
[FW-D] iter= 31  logdet=7.635339e+01
[FW-D] iter= 32  logdet=7.641644e+01
[FW-D] iter= 33  logdet=7.636897e+01
[FW-D] iter= 34  logdet=7.639393e+01
[FW-D] iter= 35  logdet=7.634338e+01
[FW-D] iter= 36  logdet=7.649301e+01
[FW-D] iter= 37  logdet=7.658718e+01
[FW-D] iter= 38  logdet=7.651944e+01
[FW-D] iter= 39  logdet=7.653104e+01
[FW-D] iter= 40  logdet=7.651237e+01
[FW-D] iter= 41  logdet=7.650504e+01
[FW-D] iter= 42  logdet=7.639681e+01
[FW-D] iter= 43  logdet=7.640251e+01
[FW-D] iter= 44  logdet=7.639869e+01
[FW-D] iter= 45  logdet=7.637633e+01
[FW-D] iter= 46  logdet=7.641901e+01
[FW-D] iter= 47  logdet=7.633887e+01
[FW-D] iter= 48  logdet=7.627382e+01
[FW-D] iter= 49  logdet=7.619935e+01
[FW-D] iter= 50  logdet=7.620908e+01
[FW-D] iter= 51  logdet=7.630658e+01
[FW-D] iter= 52  logdet=7.630908e+01
[FW-D] iter= 53  logdet=7.630825e+01
[FW-D] iter= 54  logdet=7.621370e+01
[FW-D] iter= 55  logdet=7.622915e+01
[FW-D] iter= 56  logdet=7.628990e+01
[FW-D] iter= 57  logdet=7.626299e+01
[FW-D] iter= 58  logdet=7.614854e+01
[FW-D] iter= 59  logdet=7.606147e+01
[FW-D] iter= 60  logdet=7.594004e+01
[FW-D] iter= 61  logdet=7.589190e+01
[FW-D] iter= 62  logdet=7.596446e+01
[FW-D] iter= 63  logdet=7.595340e+01
[FW-D] iter= 64  logdet=7.593134e+01
[FW-D] iter= 65  logdet=7.588516e+01
[FW-D] iter= 66  logdet=7.589299e+01
[FW-D] iter= 67  logdet=7.591575e+01
[FW-D] iter= 68  logdet=7.585088e+01
[FW-D] iter= 69  logdet=7.583439e+01
[FW-D] iter= 70  logdet=7.577593e+01
[FW-D] iter= 71  logdet=7.574489e+01
[FW-D] iter= 72  logdet=7.564373e+01
[FW-D] iter= 73  logdet=7.586380e+01
[FW-D] iter= 74  logdet=7.605800e+01
[FW-D] iter= 75  logdet=7.623114e+01
[FW-D] iter= 76  logdet=7.638674e+01
[FW-D] iter= 77  logdet=7.652750e+01
[FW-D] iter= 78  logdet=7.665551e+01
[FW-D] iter= 79  logdet=7.677403e+01
[FW-D] iter= 80  logdet=7.688480e+01
[FW-D] iter= 81  logdet=7.698859e+01
[FW-D] iter= 82  logdet=7.708610e+01
[FW-D] iter= 83  logdet=7.717811e+01
[FW-D] iter= 84  logdet=7.726508e+01
[FW-D] iter= 85  logdet=7.734721e+01
[FW-D] iter= 86  logdet=7.742535e+01
[FW-D] iter= 87  logdet=7.749942e+01
[FW-D] iter= 88  logdet=7.756977e+01
[FW-D] iter= 89  logdet=7.763691e+01
[FW-D] iter= 90  logdet=7.770080e+01
[FW-D] iter= 91  logdet=7.776181e+01
[FW-D] iter= 92  logdet=7.782014e+01
[FW-D] iter= 93  logdet=7.787576e+01
[FW-D] iter= 94  logdet=7.792923e+01
[FW-D] iter= 95  logdet=7.798037e+01
[FW-D] iter= 96  logdet=7.802935e+01
[FW-D] iter= 97  logdet=7.807648e+01
[FW-D] iter= 98  logdet=7.812165e+01
[FW-D] iter= 99  logdet=7.816510e+01
[FW-D] iter=100  logdet=7.820691e+01
[FW-D] iter=101  logdet=7.824706e+01
[FW-D] iter=102  logdet=7.828587e+01
[FW-D] iter=103  logdet=7.832320e+01
[FW-D] iter=104  logdet=7.835917e+01
[FW-D] iter=105  logdet=7.839395e+01
[FW-D] iter=106  logdet=7.842739e+01
[FW-D] iter=107  logdet=7.845985e+01
[FW-D] iter=108  logdet=7.849116e+01
[FW-D] iter=109  logdet=7.852137e+01
[FW-D] iter=110  logdet=7.855069e+01
[FW-D] iter=111  logdet=7.857899e+01
[FW-D] iter=112  logdet=7.860641e+01
[FW-D] iter=113  logdet=7.863299e+01
[FW-D] iter=114  logdet=7.865867e+01
[FW-D] iter=115  logdet=7.868367e+01
[FW-D] iter=116  logdet=7.870785e+01
[FW-D] iter=117  logdet=7.873130e+01
[FW-D] iter=118  logdet=7.875410e+01
[FW-D] iter=119  logdet=7.877615e+01
[FW-D] iter=120  logdet=7.879767e+01
[FW-D] iter=121  logdet=7.881853e+01
[FW-D] iter=122  logdet=7.883877e+01
[FW-D] iter=123  logdet=7.885851e+01
[FW-D] iter=124  logdet=7.887765e+01
[FW-D] iter=125  logdet=7.889629e+01
[FW-D] iter=126  logdet=7.891443e+01
[FW-D] iter=127  logdet=7.893206e+01
[FW-D] iter=128  logdet=7.894923e+01
[FW-D] iter=129  logdet=7.896603e+01
[FW-D] iter=130  logdet=7.898236e+01
[FW-D] iter=131  logdet=7.899824e+01
[FW-D] iter=132  logdet=7.901377e+01
[FW-D] iter=133  logdet=7.902886e+01
[FW-D] iter=134  logdet=7.904361e+01
[FW-D] iter=135  logdet=7.905800e+01
[FW-D] iter=136  logdet=7.907205e+01
[FW-D] iter=137  logdet=7.908571e+01
[FW-D] iter=138  logdet=7.909911e+01
[FW-D] iter=139  logdet=7.911214e+01
[FW-D] iter=140  logdet=7.912491e+01
[FW-D] iter=141  logdet=7.913735e+01
[FW-D] iter=142  logdet=7.914955e+01
[FW-D] iter=143  logdet=7.916143e+01
[FW-D] iter=144  logdet=7.917304e+01
[FW-D] iter=145  logdet=7.918437e+01
[FW-D] iter=146  logdet=7.919551e+01
[FW-D] iter=147  logdet=7.920637e+01
[FW-D] iter=148  logdet=7.921700e+01
[FW-D] iter=149  logdet=7.922739e+01
[FW-D] iter=150  logdet=7.923753e+01
[FW-D] iter=151  logdet=7.924747e+01
[FW-D] iter=152  logdet=7.925724e+01
[FW-D] iter=153  logdet=7.926678e+01
[FW-D] iter=154  logdet=7.927611e+01
[FW-D] iter=155  logdet=7.928526e+01
[FW-D] iter=156  logdet=7.929419e+01
[FW-D] iter=157  logdet=7.930297e+01
[FW-D] iter=158  logdet=7.931156e+01
[FW-D] iter=159  logdet=7.932000e+01
[FW-D] iter=160  logdet=7.932822e+01
[FW-D] iter=161  logdet=7.933633e+01
[FW-D] iter=162  logdet=7.934423e+01
[FW-D] iter=163  logdet=7.935202e+01
[FW-D] iter=164  logdet=7.935963e+01
[FW-D] iter=165  logdet=7.936712e+01
[FW-D] iter=166  logdet=7.937445e+01
[FW-D] iter=167  logdet=7.938164e+01
[FW-D] iter=168  logdet=7.938869e+01
[FW-D] iter=169  logdet=7.939561e+01
[FW-D] iter=170  logdet=7.940240e+01
[FW-D] iter=171  logdet=7.940908e+01
[FW-D] iter=172  logdet=7.941563e+01
[FW-D] iter=173  logdet=7.942204e+01
[FW-D] iter=174  logdet=7.942835e+01
[FW-D] iter=175  logdet=7.943454e+01
[FW-D] iter=176  logdet=7.944063e+01
[FW-D] iter=177  logdet=7.944660e+01
[FW-D] iter=178  logdet=7.945248e+01
[FW-D] iter=179  logdet=7.945821e+01
[FW-D] iter=180  logdet=7.946388e+01
[FW-D] iter=181  logdet=7.946945e+01
[FW-D] iter=182  logdet=7.947493e+01
[FW-D] iter=183  logdet=7.948029e+01
[FW-D] iter=184  logdet=7.948559e+01
[FW-D] iter=185  logdet=7.949078e+01
[FW-D] iter=186  logdet=7.949588e+01
[FW-D] iter=187  logdet=7.950089e+01
[FW-D] iter=188  logdet=7.950585e+01
[FW-D] iter=189  logdet=7.951070e+01
[FW-D] iter=190  logdet=7.951547e+01
[FW-D] iter=191  logdet=7.952017e+01
[FW-D] iter=192  logdet=7.952478e+01
[FW-D] iter=193  logdet=7.952931e+01
[FW-D] iter=194  logdet=7.953380e+01
[FW-D] iter=195  logdet=7.953821e+01
[FW-D] iter=196  logdet=7.954253e+01
[FW-D] iter=197  logdet=7.954680e+01
[FW-D] iter=198  logdet=7.955098e+01
[FW-D] iter=199  logdet=7.955511e+01
[FW-D] iter=200  logdet=7.955918e+01
[FW-D] iter=201  logdet=7.956318e+01
[FW-D] iter=202  logdet=7.956711e+01
[FW-D] iter=203  logdet=7.957100e+01
[FW-D] iter=204  logdet=7.957480e+01
[FW-D] iter=205  logdet=7.957857e+01
[FW-D] iter=206  logdet=7.958227e+01
[FW-D] iter=207  logdet=7.958593e+01
[FW-D] iter=208  logdet=7.958953e+01
[FW-D] iter=209  logdet=7.959306e+01
[FW-D] iter=210  logdet=7.959654e+01
[FW-D] iter=211  logdet=7.959999e+01
[FW-D] iter=212  logdet=7.960337e+01
[FW-D] iter=213  logdet=7.960672e+01
[FW-D] iter=214  logdet=7.961001e+01
[FW-D] iter=215  logdet=7.961324e+01
[FW-D] iter=216  logdet=7.961644e+01
[FW-D] iter=217  logdet=7.961959e+01
[FW-D] iter=218  logdet=7.962270e+01
[FW-D] iter=219  logdet=7.962576e+01
[FW-D] iter=220  logdet=7.962878e+01
[FW-D] iter=221  logdet=7.963174e+01
[FW-D] iter=222  logdet=7.963468e+01
[FW-D] iter=223  logdet=7.963757e+01
[FW-D] iter=224  logdet=7.964043e+01
[FW-D] iter=225  logdet=7.964324e+01
[FW-D] iter=226  logdet=7.964603e+01
[FW-D] iter=227  logdet=7.964876e+01
[FW-D] iter=228  logdet=7.965146e+01
[FW-D] iter=229  logdet=7.965412e+01
[FW-D] iter=230  logdet=7.965676e+01
[FW-D] iter=231  logdet=7.965935e+01
[FW-D] iter=232  logdet=7.966191e+01
[FW-D] iter=233  logdet=7.966444e+01
[FW-D] iter=234  logdet=7.966692e+01
[FW-D] iter=235  logdet=7.966937e+01
[FW-D] iter=236  logdet=7.967181e+01
[FW-D] iter=237  logdet=7.967421e+01
[FW-D] iter=238  logdet=7.967657e+01
[FW-D] iter=239  logdet=7.967891e+01
[FW-D] iter=240  logdet=7.968121e+01
[FW-D] iter=241  logdet=7.968349e+01
[FW-D] iter=242  logdet=7.968573e+01
[FW-D] iter=243  logdet=7.968796e+01
[FW-D] iter=244  logdet=7.969014e+01
[FW-D] iter=245  logdet=7.969231e+01
[FW-D] iter=246  logdet=7.969443e+01
[FW-D] iter=247  logdet=7.969655e+01
[FW-D] iter=248  logdet=7.969863e+01
[FW-D] iter=249  logdet=7.970069e+01
[FW-D] iter=250  logdet=7.970272e+01
[FW-D] iter=251  logdet=7.970473e+01
[FW-D] iter=252  logdet=7.970670e+01
[FW-D] iter=253  logdet=7.970867e+01
[FW-D] iter=254  logdet=7.971060e+01
[FW-D] iter=255  logdet=7.971252e+01
[FW-D] iter=256  logdet=7.971440e+01
[FW-D] iter=257  logdet=7.971626e+01
[FW-D] iter=258  logdet=7.971811e+01
[FW-D] iter=259  logdet=7.971993e+01
[FW-D] iter=260  logdet=7.972173e+01
[FW-D] iter=261  logdet=7.972351e+01
[FW-D] iter=262  logdet=7.972528e+01
[FW-D] iter=263  logdet=7.972700e+01
[FW-D] iter=264  logdet=7.972872e+01
[FW-D] iter=265  logdet=7.973042e+01
[FW-D] iter=266  logdet=7.973211e+01
[FW-D] iter=267  logdet=7.973376e+01
[FW-D] iter=268  logdet=7.973541e+01
[FW-D] iter=269  logdet=7.973703e+01
[FW-D] iter=270  logdet=7.973862e+01
[FW-D] iter=271  logdet=7.974021e+01
[FW-D] iter=272  logdet=7.974178e+01
[FW-D] iter=273  logdet=7.974333e+01
[FW-D] iter=274  logdet=7.974487e+01
[FW-D] iter=275  logdet=7.974638e+01
[FW-D] iter=276  logdet=7.974787e+01
[FW-D] iter=277  logdet=7.974935e+01
[FW-D] iter=278  logdet=7.975083e+01
[FW-D] iter=279  logdet=7.975228e+01
[FW-D] iter=280  logdet=7.975371e+01
[FW-D] iter=281  logdet=7.975513e+01
[FW-D] iter=282  logdet=7.975653e+01
[FW-D] iter=283  logdet=7.975792e+01
[FW-D] iter=284  logdet=7.975929e+01
[FW-D] iter=285  logdet=7.976065e+01
[FW-D] iter=286  logdet=7.976199e+01
[FW-D] iter=287  logdet=7.976333e+01
[FW-D] iter=288  logdet=7.976464e+01
[FW-D] iter=289  logdet=7.976594e+01
[FW-D] iter=290  logdet=7.976723e+01
[FW-D] iter=291  logdet=7.976851e+01
[FW-D] iter=292  logdet=7.976977e+01
[FW-D] iter=293  logdet=7.977101e+01
[FW-D] iter=294  logdet=7.977224e+01
[FW-D] iter=295  logdet=7.977347e+01
[FW-D] iter=296  logdet=7.977468e+01
[FW-D] iter=297  logdet=7.977588e+01
[FW-D] iter=298  logdet=7.977706e+01
[FW-D] iter=299  logdet=7.977823e+01
  [fw-d] min_eig=2.8263e-01  heldout=2.7387  (2.4s)

============================================================
K = 15  (held-out = 705 frames)
  [random] 25 trials...
  [coverage] min_eig=1.9205e-01  heldout=3.2596  (0.0s)
  [a-optimal] min_eig=6.1801e-01  heldout=1.3905  (3.0s)
  [d-optimal] min_eig=5.5977e-01  heldout=1.3318  (3.0s)
  [greedy-e] min_eig=6.1338e-01  heldout=1.6679  (3.1s)
[FW] Building 720 candidate information matrices...
Building FIM:   0%|          | 0/720 [00:00<?, ?candidate/s]Building FIM:  98%|█████████▊| 704/720 [00:00<00:00, 4940.72candidate/s]Building FIM: 100%|██████████| 720/720 [00:00<00:00, 5040.03candidate/s]
[FW] Done. Starting Frank-Wolfe optimization (select_k=15)...
[FW] Pre-extracting dense blocks (intr_dim=9, num_poses=720)...
[FW] Block extraction done. Starting iterations...
[FW] iter=  0  min_eig=3.005387e-01
[FW] iter=  1  min_eig=5.385606e-01
[FW] iter=  2  min_eig=2.579576e-01
[FW] iter=  3  min_eig=1.742702e-01
[FW] iter=  4  min_eig=1.808740e-01
[FW] iter=  5  min_eig=1.764029e-01
[FW] iter=  6  min_eig=1.467202e-01
[FW] iter=  7  min_eig=1.186486e-01
[FW] iter=  8  min_eig=1.036826e-01
[FW] iter=  9  min_eig=9.796192e-02
[FW] iter= 10  min_eig=8.822334e-02
[FW] iter= 11  min_eig=1.249396e-01
[FW] iter= 12  min_eig=1.396407e-01
[FW] iter= 13  min_eig=1.477178e-01
[FW] iter= 14  min_eig=1.567619e-01
[FW] iter= 15  min_eig=1.573806e-01
[FW] iter= 16  min_eig=1.537268e-01
[FW] iter= 17  min_eig=1.520346e-01
[FW] iter= 18  min_eig=2.850031e-01
[FW] iter= 19  min_eig=2.975405e-01
[FW] iter= 20  min_eig=2.975248e-01
[FW] iter= 21  min_eig=2.960308e-01
[FW] iter= 22  min_eig=2.868501e-01
[FW] iter= 23  min_eig=2.761180e-01
[FW] iter= 24  min_eig=2.934555e-01
[FW] iter= 25  min_eig=3.008287e-01
[FW] iter= 26  min_eig=3.280448e-01
[FW] iter= 27  min_eig=3.332127e-01
[FW] iter= 28  min_eig=3.400649e-01
[FW] iter= 29  min_eig=3.259655e-01
[FW] iter= 30  min_eig=3.210469e-01
[FW] iter= 31  min_eig=3.203245e-01
[FW] iter= 32  min_eig=3.076507e-01
[FW] iter= 33  min_eig=2.995828e-01
[FW] iter= 34  min_eig=3.115232e-01
[FW] iter= 35  min_eig=3.033531e-01
[FW] iter= 36  min_eig=3.076331e-01
[FW] iter= 37  min_eig=3.198489e-01
[FW] iter= 38  min_eig=3.252988e-01
[FW] iter= 39  min_eig=3.149360e-01
[FW] iter= 40  min_eig=3.151076e-01
[FW] iter= 41  min_eig=3.042641e-01
[FW] iter= 42  min_eig=2.933906e-01
[FW] iter= 43  min_eig=2.932335e-01
[FW] iter= 44  min_eig=2.969653e-01
[FW] iter= 45  min_eig=2.965544e-01
[FW] iter= 46  min_eig=2.853688e-01
[FW] iter= 47  min_eig=2.816191e-01
[FW] iter= 48  min_eig=2.779195e-01
[FW] iter= 49  min_eig=3.023678e-01
[FW] iter= 50  min_eig=3.167512e-01
[FW] iter= 51  min_eig=3.295443e-01
[FW] iter= 52  min_eig=3.413240e-01
[FW] iter= 53  min_eig=3.527127e-01
[FW] iter= 54  min_eig=3.633435e-01
[FW] iter= 55  min_eig=3.730421e-01
[FW] iter= 56  min_eig=3.817274e-01
[FW] iter= 57  min_eig=3.909287e-01
[FW] iter= 58  min_eig=3.994965e-01
[FW] iter= 59  min_eig=4.075519e-01
[FW] iter= 60  min_eig=4.148850e-01
[FW] iter= 61  min_eig=4.214979e-01
[FW] iter= 62  min_eig=4.286251e-01
[FW] iter= 63  min_eig=4.352598e-01
[FW] iter= 64  min_eig=4.415300e-01
[FW] iter= 65  min_eig=4.472550e-01
[FW] iter= 66  min_eig=4.529360e-01
[FW] iter= 67  min_eig=4.582695e-01
[FW] iter= 68  min_eig=4.635400e-01
[FW] iter= 69  min_eig=4.685401e-01
[FW] iter= 70  min_eig=4.732894e-01
[FW] iter= 71  min_eig=4.776260e-01
[FW] iter= 72  min_eig=4.815240e-01
[FW] iter= 73  min_eig=4.858384e-01
[FW] iter= 74  min_eig=4.898902e-01
[FW] iter= 75  min_eig=4.937505e-01
[FW] iter= 76  min_eig=4.972671e-01
[FW] iter= 77  min_eig=5.007999e-01
[FW] iter= 78  min_eig=5.041612e-01
[FW] iter= 79  min_eig=5.075053e-01
[FW] iter= 80  min_eig=5.106986e-01
[FW] iter= 81  min_eig=5.137505e-01
[FW] iter= 82  min_eig=5.166181e-01
[FW] iter= 83  min_eig=5.194987e-01
[FW] iter= 84  min_eig=5.222542e-01
[FW] iter= 85  min_eig=5.248922e-01
[FW] iter= 86  min_eig=5.273561e-01
[FW] iter= 87  min_eig=5.298567e-01
[FW] iter= 88  min_eig=5.322525e-01
[FW] iter= 89  min_eig=5.345496e-01
[FW] iter= 90  min_eig=5.366236e-01
[FW] iter= 91  min_eig=5.387349e-01
[FW] iter= 92  min_eig=5.407776e-01
[FW] iter= 93  min_eig=5.428097e-01
[FW] iter= 94  min_eig=5.447611e-01
[FW] iter= 95  min_eig=5.465513e-01
[FW] iter= 96  min_eig=5.483008e-01
[FW] iter= 97  min_eig=5.500484e-01
[FW] iter= 98  min_eig=5.517873e-01
[FW] iter= 99  min_eig=5.534596e-01
[FW] iter=100  min_eig=5.550685e-01
[FW] iter=101  min_eig=5.566014e-01
[FW] iter=102  min_eig=5.581457e-01
[FW] iter=103  min_eig=5.596324e-01
[FW] iter=104  min_eig=5.610639e-01
[FW] iter=105  min_eig=5.623682e-01
[FW] iter=106  min_eig=5.636633e-01
[FW] iter=107  min_eig=5.649534e-01
[FW] iter=108  min_eig=5.662558e-01
[FW] iter=109  min_eig=5.675110e-01
[FW] iter=110  min_eig=5.687217e-01
[FW] iter=111  min_eig=5.698651e-01
[FW] iter=112  min_eig=5.710353e-01
[FW] iter=113  min_eig=5.721639e-01
[FW] iter=114  min_eig=5.732531e-01
[FW] iter=115  min_eig=5.742702e-01
[FW] iter=116  min_eig=5.753257e-01
[FW] iter=117  min_eig=5.763447e-01
[FW] iter=118  min_eig=5.773285e-01
[FW] iter=119  min_eig=5.782032e-01
[FW] iter=120  min_eig=5.790904e-01
[FW] iter=121  min_eig=5.799820e-01
[FW] iter=122  min_eig=5.808840e-01
[FW] iter=123  min_eig=5.817557e-01
[FW] iter=124  min_eig=5.825453e-01
[FW] iter=125  min_eig=5.833870e-01
[FW] iter=126  min_eig=5.842005e-01
[FW] iter=127  min_eig=5.849754e-01
[FW] iter=128  min_eig=5.857623e-01
[FW] iter=129  min_eig=5.865230e-01
[FW] iter=130  min_eig=5.872590e-01
[FW] iter=131  min_eig=5.879643e-01
[FW] iter=132  min_eig=5.886774e-01
[FW] iter=133  min_eig=5.893672e-01
[FW] iter=134  min_eig=5.900349e-01
[FW] iter=135  min_eig=5.906676e-01
[FW] iter=136  min_eig=5.913217e-01
[FW] iter=137  min_eig=5.919549e-01
[FW] iter=138  min_eig=5.925678e-01
[FW] iter=139  min_eig=5.931399e-01
[FW] iter=140  min_eig=5.937416e-01
[FW] iter=141  min_eig=5.943241e-01
[FW] iter=142  min_eig=5.948881e-01
[FW] iter=143  min_eig=5.954067e-01
[FW] iter=144  min_eig=5.959615e-01
[FW] iter=145  min_eig=5.964986e-01
[FW] iter=146  min_eig=5.970191e-01
[FW] iter=147  min_eig=5.975234e-01
[FW] iter=148  min_eig=5.979820e-01
[FW] iter=149  min_eig=5.984789e-01
[FW] iter=150  min_eig=5.989600e-01
[FW] iter=151  min_eig=5.994192e-01
[FW] iter=152  min_eig=5.998894e-01
[FW] iter=153  min_eig=6.003449e-01
[FW] iter=154  min_eig=6.007865e-01
[FW] iter=155  min_eig=6.012107e-01
[FW] iter=156  min_eig=6.016428e-01
[FW] iter=157  min_eig=6.020616e-01
[FW] iter=158  min_eig=6.024679e-01
[FW] iter=159  min_eig=6.028523e-01
[FW] iter=160  min_eig=6.032545e-01
[FW] iter=161  min_eig=6.036442e-01
[FW] iter=162  min_eig=6.040223e-01
[FW] iter=163  min_eig=6.043740e-01
[FW] iter=164  min_eig=6.047487e-01
[FW] iter=165  min_eig=6.051124e-01
[FW] iter=166  min_eig=6.054650e-01
[FW] iter=167  min_eig=6.057948e-01
[FW] iter=168  min_eig=6.061414e-01
[FW] iter=169  min_eig=6.064777e-01
[FW] iter=170  min_eig=6.067797e-01
[FW] iter=171  min_eig=6.071101e-01
[FW] iter=172  min_eig=6.074302e-01
[FW] iter=173  min_eig=6.077289e-01
[FW] iter=174  min_eig=6.080442e-01
[FW] iter=175  min_eig=6.083500e-01
[FW] iter=176  min_eig=6.086467e-01
[FW] iter=177  min_eig=6.089254e-01
[FW] iter=178  min_eig=6.092179e-01
[FW] iter=179  min_eig=6.095018e-01
[FW] iter=180  min_eig=6.097771e-01
[FW] iter=181  min_eig=6.100319e-01
[FW] iter=182  min_eig=6.103067e-01
[FW] iter=183  min_eig=6.105735e-01
[FW] iter=184  min_eig=6.108324e-01
[FW] iter=185  min_eig=6.110534e-01
[FW] iter=186  min_eig=6.113118e-01
[FW] iter=187  min_eig=6.115627e-01
[FW] iter=188  min_eig=6.118063e-01
[FW] iter=189  min_eig=6.120414e-01
[FW] iter=190  min_eig=6.122820e-01
[FW] iter=191  min_eig=6.125156e-01
[FW] iter=192  min_eig=6.127426e-01
[FW] iter=193  min_eig=6.129632e-01
[FW] iter=194  min_eig=6.131876e-01
[FW] iter=195  min_eig=6.134054e-01
[FW] iter=196  min_eig=6.136086e-01
[FW] iter=197  min_eig=6.138245e-01
[FW] iter=198  min_eig=6.140341e-01
[FW] iter=199  min_eig=6.142374e-01
[FW] iter=200  min_eig=6.144163e-01
[FW] iter=201  min_eig=6.146205e-01
[FW] iter=202  min_eig=6.148186e-01
[FW] iter=203  min_eig=6.150029e-01
[FW] iter=204  min_eig=6.151993e-01
[FW] iter=205  min_eig=6.153902e-01
[FW] iter=206  min_eig=6.155753e-01
[FW] iter=207  min_eig=6.157491e-01
[FW] iter=208  min_eig=6.159331e-01
[FW] iter=209  min_eig=6.161117e-01
[FW] iter=210  min_eig=6.162851e-01
[FW] iter=211  min_eig=6.164491e-01
[FW] iter=212  min_eig=6.166216e-01
[FW] iter=213  min_eig=6.167891e-01
[FW] iter=214  min_eig=6.169355e-01
[FW] iter=215  min_eig=6.171019e-01
[FW] iter=216  min_eig=6.172633e-01
[FW] iter=217  min_eig=6.174154e-01
[FW] iter=218  min_eig=6.175760e-01
[FW] iter=219  min_eig=6.177322e-01
[FW] iter=220  min_eig=6.178836e-01
[FW] iter=221  min_eig=6.180276e-01
[FW] iter=222  min_eig=6.181785e-01
[FW] iter=223  min_eig=6.183251e-01
[FW] iter=224  min_eig=6.184674e-01
[FW] iter=225  min_eig=6.185996e-01
[FW] iter=226  min_eig=6.187436e-01
[FW] iter=227  min_eig=6.188832e-01
[FW] iter=228  min_eig=6.190188e-01
[FW] iter=229  min_eig=6.191417e-01
[FW] iter=230  min_eig=6.192790e-01
[FW] iter=231  min_eig=6.194123e-01
[FW] iter=232  min_eig=6.195416e-01
[FW] iter=233  min_eig=6.196673e-01
[FW] iter=234  min_eig=6.197869e-01
[FW] iter=235  min_eig=6.199142e-01
[FW] iter=236  min_eig=6.200378e-01
[FW] iter=237  min_eig=6.201578e-01
[FW] iter=238  min_eig=6.202618e-01
[FW] iter=239  min_eig=6.203834e-01
[FW] iter=240  min_eig=6.205016e-01
[FW] iter=241  min_eig=6.206118e-01
[FW] iter=242  min_eig=6.207299e-01
[FW] iter=243  min_eig=6.208446e-01
[FW] iter=244  min_eig=6.209558e-01
[FW] iter=245  min_eig=6.210608e-01
[FW] iter=246  min_eig=6.211723e-01
[FW] iter=247  min_eig=6.212804e-01
[FW] iter=248  min_eig=6.213852e-01
[FW] iter=249  min_eig=6.214853e-01
[FW] iter=250  min_eig=6.215906e-01
[FW] iter=251  min_eig=6.216927e-01
[FW] iter=252  min_eig=6.217804e-01
[FW] iter=253  min_eig=6.218827e-01
[FW] iter=254  min_eig=6.219819e-01
[FW] iter=255  min_eig=6.220759e-01
[FW] iter=256  min_eig=6.221755e-01
[FW] iter=257  min_eig=6.222721e-01
[FW] iter=258  min_eig=6.223657e-01
[FW] iter=259  min_eig=6.224555e-01
[FW] iter=260  min_eig=6.225497e-01
[FW] iter=261  min_eig=6.226410e-01
[FW] iter=262  min_eig=6.227295e-01
[FW] iter=263  min_eig=6.228123e-01
[FW] iter=264  min_eig=6.229028e-01
[FW] iter=265  min_eig=6.229906e-01
[FW] iter=266  min_eig=6.230759e-01
[FW] iter=267  min_eig=6.231559e-01
[FW] iter=268  min_eig=6.232417e-01
[FW] iter=269  min_eig=6.233249e-01
[FW] iter=270  min_eig=6.233961e-01
[FW] iter=271  min_eig=6.234797e-01
[FW] iter=272  min_eig=6.235607e-01
[FW] iter=273  min_eig=6.236364e-01
[FW] iter=274  min_eig=6.237180e-01
[FW] iter=275  min_eig=6.237971e-01
[FW] iter=276  min_eig=6.238738e-01
[FW] iter=277  min_eig=6.239462e-01
[FW] iter=278  min_eig=6.240235e-01
[FW] iter=279  min_eig=6.240985e-01
[FW] iter=280  min_eig=6.241712e-01
[FW] iter=281  min_eig=6.242381e-01
[FW] iter=282  min_eig=6.243127e-01
[FW] iter=283  min_eig=6.243851e-01
[FW] iter=284  min_eig=6.244553e-01
[FW] iter=285  min_eig=6.245177e-01
[FW] iter=286  min_eig=6.245897e-01
[FW] iter=287  min_eig=6.246596e-01
[FW] iter=288  min_eig=6.247273e-01
[FW] iter=289  min_eig=6.247821e-01
[FW] iter=290  min_eig=6.248504e-01
[FW] iter=291  min_eig=6.249165e-01
[FW] iter=292  min_eig=6.249794e-01
[FW] iter=293  min_eig=6.250462e-01
[FW] iter=294  min_eig=6.251110e-01
[FW] iter=295  min_eig=6.251737e-01
[FW] iter=296  min_eig=6.252341e-01
[FW] iter=297  min_eig=6.252975e-01
[FW] iter=298  min_eig=6.253591e-01
[FW] iter=299  min_eig=6.254187e-01
  [fw-e] min_eig=6.1606e-01  heldout=1.7981  (2.5s)
[FW-A] Building 720 candidate information matrices...
Building FIM:   0%|          | 0/720 [00:00<?, ?candidate/s]Building FIM:  62%|██████▏   | 448/720 [00:00<00:00, 3848.32candidate/s]Building FIM: 100%|██████████| 720/720 [00:00<00:00, 5201.64candidate/s]
[FW-A] Done. Starting Frank-Wolfe A-optimal (select_k=15)...
[FW-A] Pre-extracting dense blocks (intr_dim=9, num_poses=720)...
[FW-A] Block extraction done. Starting iterations...
[FW-A] iter=  0  -trace(H^{-1})=-4.465187e+00
[FW-A] iter=  1  -trace(H^{-1})=-1.321469e+03
[FW-A] iter=  2  -trace(H^{-1})=-8.585794e+00
[FW-A] iter=  3  -trace(H^{-1})=-1.253895e+01
[FW-A] iter=  4  -trace(H^{-1})=-7.870746e+00
[FW-A] iter=  5  -trace(H^{-1})=-5.696121e+00
[FW-A] iter=  6  -trace(H^{-1})=-5.466444e+00
[FW-A] iter=  7  -trace(H^{-1})=-6.066629e+00
[FW-A] iter=  8  -trace(H^{-1})=-6.601259e+00
[FW-A] iter=  9  -trace(H^{-1})=-7.304404e+00
[FW-A] iter= 10  -trace(H^{-1})=-8.131414e+00
[FW-A] iter= 11  -trace(H^{-1})=-7.637673e+00
[FW-A] iter= 12  -trace(H^{-1})=-7.510841e+00
[FW-A] iter= 13  -trace(H^{-1})=-7.296278e+00
[FW-A] iter= 14  -trace(H^{-1})=-6.995549e+00
[FW-A] iter= 15  -trace(H^{-1})=-7.040907e+00
[FW-A] iter= 16  -trace(H^{-1})=-7.187253e+00
[FW-A] iter= 17  -trace(H^{-1})=-7.257043e+00
[FW-A] iter= 18  -trace(H^{-1})=-4.564579e+00
[FW-A] iter= 19  -trace(H^{-1})=-4.432838e+00
[FW-A] iter= 20  -trace(H^{-1})=-4.451518e+00
[FW-A] iter= 21  -trace(H^{-1})=-4.610243e+00
[FW-A] iter= 22  -trace(H^{-1})=-4.695722e+00
[FW-A] iter= 23  -trace(H^{-1})=-4.765513e+00
[FW-A] iter= 24  -trace(H^{-1})=-4.575803e+00
[FW-A] iter= 25  -trace(H^{-1})=-4.548768e+00
[FW-A] iter= 26  -trace(H^{-1})=-4.604822e+00
[FW-A] iter= 27  -trace(H^{-1})=-4.261965e+00
[FW-A] iter= 28  -trace(H^{-1})=-4.303607e+00
[FW-A] iter= 29  -trace(H^{-1})=-4.378556e+00
[FW-A] iter= 30  -trace(H^{-1})=-4.342973e+00
[FW-A] iter= 31  -trace(H^{-1})=-4.476104e+00
[FW-A] iter= 32  -trace(H^{-1})=-4.563901e+00
[FW-A] iter= 33  -trace(H^{-1})=-4.550201e+00
[FW-A] iter= 34  -trace(H^{-1})=-4.470369e+00
[FW-A] iter= 35  -trace(H^{-1})=-4.520091e+00
[FW-A] iter= 36  -trace(H^{-1})=-4.335310e+00
[FW-A] iter= 37  -trace(H^{-1})=-4.212933e+00
[FW-A] iter= 38  -trace(H^{-1})=-4.135312e+00
[FW-A] iter= 39  -trace(H^{-1})=-4.238801e+00
[FW-A] iter= 40  -trace(H^{-1})=-4.263664e+00
[FW-A] iter= 41  -trace(H^{-1})=-4.381107e+00
[FW-A] iter= 42  -trace(H^{-1})=-4.504646e+00
[FW-A] iter= 43  -trace(H^{-1})=-4.532229e+00
[FW-A] iter= 44  -trace(H^{-1})=-4.462050e+00
[FW-A] iter= 45  -trace(H^{-1})=-4.430970e+00
[FW-A] iter= 46  -trace(H^{-1})=-4.569490e+00
[FW-A] iter= 47  -trace(H^{-1})=-4.601423e+00
[FW-A] iter= 48  -trace(H^{-1})=-4.643254e+00
[FW-A] iter= 49  -trace(H^{-1})=-4.415760e+00
[FW-A] iter= 50  -trace(H^{-1})=-4.267479e+00
[FW-A] iter= 51  -trace(H^{-1})=-4.134383e+00
[FW-A] iter= 52  -trace(H^{-1})=-4.015180e+00
[FW-A] iter= 53  -trace(H^{-1})=-3.914776e+00
[FW-A] iter= 54  -trace(H^{-1})=-3.819645e+00
[FW-A] iter= 55  -trace(H^{-1})=-3.737054e+00
[FW-A] iter= 56  -trace(H^{-1})=-3.662990e+00
[FW-A] iter= 57  -trace(H^{-1})=-3.595643e+00
[FW-A] iter= 58  -trace(H^{-1})=-3.533722e+00
[FW-A] iter= 59  -trace(H^{-1})=-3.479098e+00
[FW-A] iter= 60  -trace(H^{-1})=-3.426410e+00
[FW-A] iter= 61  -trace(H^{-1})=-3.379181e+00
[FW-A] iter= 62  -trace(H^{-1})=-3.334124e+00
[FW-A] iter= 63  -trace(H^{-1})=-3.292701e+00
[FW-A] iter= 64  -trace(H^{-1})=-3.254492e+00
[FW-A] iter= 65  -trace(H^{-1})=-3.219144e+00
[FW-A] iter= 66  -trace(H^{-1})=-3.186829e+00
[FW-A] iter= 67  -trace(H^{-1})=-3.155734e+00
[FW-A] iter= 68  -trace(H^{-1})=-3.126793e+00
[FW-A] iter= 69  -trace(H^{-1})=-3.099795e+00
[FW-A] iter= 70  -trace(H^{-1})=-3.074555e+00
[FW-A] iter= 71  -trace(H^{-1})=-3.051217e+00
[FW-A] iter= 72  -trace(H^{-1})=-3.028590e+00
[FW-A] iter= 73  -trace(H^{-1})=-3.007347e+00
[FW-A] iter= 74  -trace(H^{-1})=-2.987372e+00
[FW-A] iter= 75  -trace(H^{-1})=-2.968556e+00
[FW-A] iter= 76  -trace(H^{-1})=-2.951028e+00
[FW-A] iter= 77  -trace(H^{-1})=-2.933917e+00
[FW-A] iter= 78  -trace(H^{-1})=-2.917750e+00
[FW-A] iter= 79  -trace(H^{-1})=-2.902455e+00
[FW-A] iter= 80  -trace(H^{-1})=-2.887966e+00
[FW-A] iter= 81  -trace(H^{-1})=-2.874402e+00
[FW-A] iter= 82  -trace(H^{-1})=-2.861077e+00
[FW-A] iter= 83  -trace(H^{-1})=-2.848423e+00
[FW-A] iter= 84  -trace(H^{-1})=-2.836396e+00
[FW-A] iter= 85  -trace(H^{-1})=-2.824952e+00
[FW-A] iter= 86  -trace(H^{-1})=-2.814205e+00
[FW-A] iter= 87  -trace(H^{-1})=-2.803583e+00
[FW-A] iter= 88  -trace(H^{-1})=-2.793456e+00
[FW-A] iter= 89  -trace(H^{-1})=-2.783794e+00
[FW-A] iter= 90  -trace(H^{-1})=-2.774567e+00
[FW-A] iter= 91  -trace(H^{-1})=-2.765888e+00
[FW-A] iter= 92  -trace(H^{-1})=-2.757258e+00
[FW-A] iter= 93  -trace(H^{-1})=-2.749003e+00
[FW-A] iter= 94  -trace(H^{-1})=-2.741104e+00
[FW-A] iter= 95  -trace(H^{-1})=-2.733538e+00
[FW-A] iter= 96  -trace(H^{-1})=-2.726415e+00
[FW-A] iter= 97  -trace(H^{-1})=-2.719676e+00
[FW-A] iter= 98  -trace(H^{-1})=-2.713345e+00
[FW-A] iter= 99  -trace(H^{-1})=-2.706906e+00
[FW-A] iter=100  -trace(H^{-1})=-2.700795e+00
[FW-A] iter=101  -trace(H^{-1})=-2.694577e+00
[FW-A] iter=102  -trace(H^{-1})=-2.688605e+00
[FW-A] iter=103  -trace(H^{-1})=-2.682865e+00
[FW-A] iter=104  -trace(H^{-1})=-2.677345e+00
[FW-A] iter=105  -trace(H^{-1})=-2.672216e+00
[FW-A] iter=106  -trace(H^{-1})=-2.666967e+00
[FW-A] iter=107  -trace(H^{-1})=-2.661915e+00
[FW-A] iter=108  -trace(H^{-1})=-2.657051e+00
[FW-A] iter=109  -trace(H^{-1})=-2.652364e+00
[FW-A] iter=110  -trace(H^{-1})=-2.648014e+00
[FW-A] iter=111  -trace(H^{-1})=-2.643536e+00
[FW-A] iter=112  -trace(H^{-1})=-2.639220e+00
[FW-A] iter=113  -trace(H^{-1})=-2.635056e+00
[FW-A] iter=114  -trace(H^{-1})=-2.631039e+00
[FW-A] iter=115  -trace(H^{-1})=-2.627315e+00
[FW-A] iter=116  -trace(H^{-1})=-2.623461e+00
[FW-A] iter=117  -trace(H^{-1})=-2.619740e+00
[FW-A] iter=118  -trace(H^{-1})=-2.616146e+00
[FW-A] iter=119  -trace(H^{-1})=-2.612672e+00
[FW-A] iter=120  -trace(H^{-1})=-2.609460e+00
[FW-A] iter=121  -trace(H^{-1})=-2.606115e+00
[FW-A] iter=122  -trace(H^{-1})=-2.602882e+00
[FW-A] iter=123  -trace(H^{-1})=-2.599755e+00
[FW-A] iter=124  -trace(H^{-1})=-2.596729e+00
[FW-A] iter=125  -trace(H^{-1})=-2.593801e+00
[FW-A] iter=126  -trace(H^{-1})=-2.591017e+00
[FW-A] iter=127  -trace(H^{-1})=-2.588187e+00
[FW-A] iter=128  -trace(H^{-1})=-2.585447e+00
[FW-A] iter=129  -trace(H^{-1})=-2.582793e+00
[FW-A] iter=130  -trace(H^{-1})=-2.580222e+00
[FW-A] iter=131  -trace(H^{-1})=-2.577785e+00
[FW-A] iter=132  -trace(H^{-1})=-2.575292e+00
[FW-A] iter=133  -trace(H^{-1})=-2.572876e+00
[FW-A] iter=134  -trace(H^{-1})=-2.570534e+00
[FW-A] iter=135  -trace(H^{-1})=-2.568262e+00
[FW-A] iter=136  -trace(H^{-1})=-2.566117e+00
[FW-A] iter=137  -trace(H^{-1})=-2.563909e+00
[FW-A] iter=138  -trace(H^{-1})=-2.561767e+00
[FW-A] iter=139  -trace(H^{-1})=-2.559688e+00
[FW-A] iter=140  -trace(H^{-1})=-2.557671e+00
[FW-A] iter=141  -trace(H^{-1})=-2.555772e+00
[FW-A] iter=142  -trace(H^{-1})=-2.553806e+00
[FW-A] iter=143  -trace(H^{-1})=-2.551897e+00
[FW-A] iter=144  -trace(H^{-1})=-2.550043e+00
[FW-A] iter=145  -trace(H^{-1})=-2.548242e+00
[FW-A] iter=146  -trace(H^{-1})=-2.546555e+00
[FW-A] iter=147  -trace(H^{-1})=-2.544795e+00
[FW-A] iter=148  -trace(H^{-1})=-2.543086e+00
[FW-A] iter=149  -trace(H^{-1})=-2.541425e+00
[FW-A] iter=150  -trace(H^{-1})=-2.539810e+00
[FW-A] iter=151  -trace(H^{-1})=-2.538303e+00
[FW-A] iter=152  -trace(H^{-1})=-2.536722e+00
[FW-A] iter=153  -trace(H^{-1})=-2.535185e+00
[FW-A] iter=154  -trace(H^{-1})=-2.533690e+00
[FW-A] iter=155  -trace(H^{-1})=-2.532236e+00
[FW-A] iter=156  -trace(H^{-1})=-2.530886e+00
[FW-A] iter=157  -trace(H^{-1})=-2.529459e+00
[FW-A] iter=158  -trace(H^{-1})=-2.528071e+00
[FW-A] iter=159  -trace(H^{-1})=-2.526721e+00
[FW-A] iter=160  -trace(H^{-1})=-2.525407e+00
[FW-A] iter=161  -trace(H^{-1})=-2.524193e+00
[FW-A] iter=162  -trace(H^{-1})=-2.522900e+00
[FW-A] iter=163  -trace(H^{-1})=-2.521642e+00
[FW-A] iter=164  -trace(H^{-1})=-2.520418e+00
[FW-A] iter=165  -trace(H^{-1})=-2.519226e+00
[FW-A] iter=166  -trace(H^{-1})=-2.518130e+00
[FW-A] iter=167  -trace(H^{-1})=-2.516955e+00
[FW-A] iter=168  -trace(H^{-1})=-2.515812e+00
[FW-A] iter=169  -trace(H^{-1})=-2.514698e+00
[FW-A] iter=170  -trace(H^{-1})=-2.513613e+00
[FW-A] iter=171  -trace(H^{-1})=-2.512621e+00
[FW-A] iter=172  -trace(H^{-1})=-2.511550e+00
[FW-A] iter=173  -trace(H^{-1})=-2.510506e+00
[FW-A] iter=174  -trace(H^{-1})=-2.509490e+00
[FW-A] iter=175  -trace(H^{-1})=-2.508500e+00
[FW-A] iter=176  -trace(H^{-1})=-2.507535e+00
[FW-A] iter=177  -trace(H^{-1})=-2.506620e+00
[FW-A] iter=178  -trace(H^{-1})=-2.505665e+00
[FW-A] iter=179  -trace(H^{-1})=-2.504735e+00
[FW-A] iter=180  -trace(H^{-1})=-2.503828e+00
[FW-A] iter=181  -trace(H^{-1})=-2.502944e+00
[FW-A] iter=182  -trace(H^{-1})=-2.502111e+00
[FW-A] iter=183  -trace(H^{-1})=-2.501234e+00
[FW-A] iter=184  -trace(H^{-1})=-2.500380e+00
[FW-A] iter=185  -trace(H^{-1})=-2.499547e+00
[FW-A] iter=186  -trace(H^{-1})=-2.498735e+00
[FW-A] iter=187  -trace(H^{-1})=-2.497974e+00
[FW-A] iter=188  -trace(H^{-1})=-2.497168e+00
[FW-A] iter=189  -trace(H^{-1})=-2.496382e+00
[FW-A] iter=190  -trace(H^{-1})=-2.495615e+00
[FW-A] iter=191  -trace(H^{-1})=-2.494867e+00
[FW-A] iter=192  -trace(H^{-1})=-2.494171e+00
[FW-A] iter=193  -trace(H^{-1})=-2.493427e+00
[FW-A] iter=194  -trace(H^{-1})=-2.492702e+00
[FW-A] iter=195  -trace(H^{-1})=-2.491994e+00
[FW-A] iter=196  -trace(H^{-1})=-2.491304e+00
[FW-A] iter=197  -trace(H^{-1})=-2.490666e+00
[FW-A] iter=198  -trace(H^{-1})=-2.489978e+00
[FW-A] iter=199  -trace(H^{-1})=-2.489307e+00
[FW-A] iter=200  -trace(H^{-1})=-2.488652e+00
[FW-A] iter=201  -trace(H^{-1})=-2.488014e+00
[FW-A] iter=202  -trace(H^{-1})=-2.487427e+00
[FW-A] iter=203  -trace(H^{-1})=-2.486790e+00
[FW-A] iter=204  -trace(H^{-1})=-2.486168e+00
[FW-A] iter=205  -trace(H^{-1})=-2.485561e+00
[FW-A] iter=206  -trace(H^{-1})=-2.484969e+00
[FW-A] iter=207  -trace(H^{-1})=-2.484429e+00
[FW-A] iter=208  -trace(H^{-1})=-2.483837e+00
[FW-A] iter=209  -trace(H^{-1})=-2.483260e+00
[FW-A] iter=210  -trace(H^{-1})=-2.482696e+00
[FW-A] iter=211  -trace(H^{-1})=-2.482146e+00
[FW-A] iter=212  -trace(H^{-1})=-2.481648e+00
[FW-A] iter=213  -trace(H^{-1})=-2.481097e+00
[FW-A] iter=214  -trace(H^{-1})=-2.480560e+00
[FW-A] iter=215  -trace(H^{-1})=-2.480035e+00
[FW-A] iter=216  -trace(H^{-1})=-2.479523e+00
[FW-A] iter=217  -trace(H^{-1})=-2.479023e+00
[FW-A] iter=218  -trace(H^{-1})=-2.478550e+00
[FW-A] iter=219  -trace(H^{-1})=-2.478049e+00
[FW-A] iter=220  -trace(H^{-1})=-2.477560e+00
[FW-A] iter=221  -trace(H^{-1})=-2.477082e+00
[FW-A] iter=222  -trace(H^{-1})=-2.476616e+00
[FW-A] iter=223  -trace(H^{-1})=-2.476178e+00
[FW-A] iter=224  -trace(H^{-1})=-2.475710e+00
[FW-A] iter=225  -trace(H^{-1})=-2.475253e+00
[FW-A] iter=226  -trace(H^{-1})=-2.474807e+00
[FW-A] iter=227  -trace(H^{-1})=-2.474371e+00
[FW-A] iter=228  -trace(H^{-1})=-2.473965e+00
[FW-A] iter=229  -trace(H^{-1})=-2.473527e+00
[FW-A] iter=230  -trace(H^{-1})=-2.473099e+00
[FW-A] iter=231  -trace(H^{-1})=-2.472682e+00
[FW-A] iter=232  -trace(H^{-1})=-2.472274e+00
[FW-A] iter=233  -trace(H^{-1})=-2.471897e+00
[FW-A] iter=234  -trace(H^{-1})=-2.471486e+00
[FW-A] iter=235  -trace(H^{-1})=-2.471085e+00
[FW-A] iter=236  -trace(H^{-1})=-2.470694e+00
[FW-A] iter=237  -trace(H^{-1})=-2.470311e+00
[FW-A] iter=238  -trace(H^{-1})=-2.469961e+00
[FW-A] iter=239  -trace(H^{-1})=-2.469576e+00
[FW-A] iter=240  -trace(H^{-1})=-2.469200e+00
[FW-A] iter=241  -trace(H^{-1})=-2.468832e+00
[FW-A] iter=242  -trace(H^{-1})=-2.468473e+00
[FW-A] iter=243  -trace(H^{-1})=-2.468147e+00
[FW-A] iter=244  -trace(H^{-1})=-2.467785e+00
[FW-A] iter=245  -trace(H^{-1})=-2.467431e+00
[FW-A] iter=246  -trace(H^{-1})=-2.467085e+00
[FW-A] iter=247  -trace(H^{-1})=-2.466748e+00
[FW-A] iter=248  -trace(H^{-1})=-2.466444e+00
[FW-A] iter=249  -trace(H^{-1})=-2.466103e+00
[FW-A] iter=250  -trace(H^{-1})=-2.465770e+00
[FW-A] iter=251  -trace(H^{-1})=-2.465445e+00
[FW-A] iter=252  -trace(H^{-1})=-2.465127e+00
[FW-A] iter=253  -trace(H^{-1})=-2.464844e+00
[FW-A] iter=254  -trace(H^{-1})=-2.464522e+00
[FW-A] iter=255  -trace(H^{-1})=-2.464208e+00
[FW-A] iter=256  -trace(H^{-1})=-2.463901e+00
[FW-A] iter=257  -trace(H^{-1})=-2.463602e+00
[FW-A] iter=258  -trace(H^{-1})=-2.463309e+00
[FW-A] iter=259  -trace(H^{-1})=-2.463034e+00
[FW-A] iter=260  -trace(H^{-1})=-2.462738e+00
[FW-A] iter=261  -trace(H^{-1})=-2.462448e+00
[FW-A] iter=262  -trace(H^{-1})=-2.462165e+00
[FW-A] iter=263  -trace(H^{-1})=-2.461889e+00
[FW-A] iter=264  -trace(H^{-1})=-2.461632e+00
[FW-A] iter=265  -trace(H^{-1})=-2.461352e+00
[FW-A] iter=266  -trace(H^{-1})=-2.461078e+00
[FW-A] iter=267  -trace(H^{-1})=-2.460811e+00
[FW-A] iter=268  -trace(H^{-1})=-2.460549e+00
[FW-A] iter=269  -trace(H^{-1})=-2.460309e+00
[FW-A] iter=270  -trace(H^{-1})=-2.460043e+00
[FW-A] iter=271  -trace(H^{-1})=-2.459784e+00
[FW-A] iter=272  -trace(H^{-1})=-2.459531e+00
[FW-A] iter=273  -trace(H^{-1})=-2.459284e+00
[FW-A] iter=274  -trace(H^{-1})=-2.459059e+00
[FW-A] iter=275  -trace(H^{-1})=-2.458807e+00
[FW-A] iter=276  -trace(H^{-1})=-2.458562e+00
[FW-A] iter=277  -trace(H^{-1})=-2.458322e+00
[FW-A] iter=278  -trace(H^{-1})=-2.458088e+00
[FW-A] iter=279  -trace(H^{-1})=-2.457876e+00
[FW-A] iter=280  -trace(H^{-1})=-2.457638e+00
[FW-A] iter=281  -trace(H^{-1})=-2.457405e+00
[FW-A] iter=282  -trace(H^{-1})=-2.457178e+00
[FW-A] iter=283  -trace(H^{-1})=-2.456956e+00
[FW-A] iter=284  -trace(H^{-1})=-2.456757e+00
[FW-A] iter=285  -trace(H^{-1})=-2.456531e+00
[FW-A] iter=286  -trace(H^{-1})=-2.456310e+00
[FW-A] iter=287  -trace(H^{-1})=-2.456094e+00
[FW-A] iter=288  -trace(H^{-1})=-2.455883e+00
[FW-A] iter=289  -trace(H^{-1})=-2.455697e+00
[FW-A] iter=290  -trace(H^{-1})=-2.455482e+00
[FW-A] iter=291  -trace(H^{-1})=-2.455272e+00
[FW-A] iter=292  -trace(H^{-1})=-2.455067e+00
[FW-A] iter=293  -trace(H^{-1})=-2.454866e+00
[FW-A] iter=294  -trace(H^{-1})=-2.454671e+00
[FW-A] iter=295  -trace(H^{-1})=-2.454487e+00
[FW-A] iter=296  -trace(H^{-1})=-2.454287e+00
[FW-A] iter=297  -trace(H^{-1})=-2.454092e+00
[FW-A] iter=298  -trace(H^{-1})=-2.453901e+00
[FW-A] iter=299  -trace(H^{-1})=-2.453715e+00
  [fw-a] min_eig=6.1606e-01  heldout=1.7981  (2.8s)
[FW-D] Building 720 candidate information matrices...
Building FIM:   0%|          | 0/720 [00:00<?, ?candidate/s]Building FIM:  62%|██████▏   | 448/720 [00:00<00:00, 3681.55candidate/s]Building FIM: 100%|██████████| 720/720 [00:00<00:00, 4632.57candidate/s]
[FW-D] Done. Starting Frank-Wolfe D-optimal (select_k=15)...
[FW-D] Pre-extracting dense blocks (intr_dim=9, num_poses=720)...
[FW-D] Block extraction done. Starting iterations...
[FW-D] iter=  0  logdet=7.972344e+01
[FW-D] iter=  1  logdet=8.319701e+01
[FW-D] iter=  2  logdet=8.023622e+01
[FW-D] iter=  3  logdet=7.826557e+01
[FW-D] iter=  4  logdet=7.762287e+01
[FW-D] iter=  5  logdet=7.794970e+01
[FW-D] iter=  6  logdet=7.768010e+01
[FW-D] iter=  7  logdet=7.739136e+01
[FW-D] iter=  8  logdet=7.767197e+01
[FW-D] iter=  9  logdet=7.759897e+01
[FW-D] iter= 10  logdet=7.753764e+01
[FW-D] iter= 11  logdet=7.852932e+01
[FW-D] iter= 12  logdet=7.862124e+01
[FW-D] iter= 13  logdet=7.875479e+01
[FW-D] iter= 14  logdet=7.876242e+01
[FW-D] iter= 15  logdet=7.875957e+01
[FW-D] iter= 16  logdet=7.899503e+01
[FW-D] iter= 17  logdet=7.940508e+01
[FW-D] iter= 18  logdet=7.984513e+01
[FW-D] iter= 19  logdet=7.979011e+01
[FW-D] iter= 20  logdet=7.973904e+01
[FW-D] iter= 21  logdet=8.002422e+01
[FW-D] iter= 22  logdet=8.002586e+01
[FW-D] iter= 23  logdet=8.001440e+01
[FW-D] iter= 24  logdet=8.005976e+01
[FW-D] iter= 25  logdet=8.022788e+01
[FW-D] iter= 26  logdet=8.013377e+01
[FW-D] iter= 27  logdet=8.012057e+01
[FW-D] iter= 28  logdet=8.006272e+01
[FW-D] iter= 29  logdet=8.002714e+01
[FW-D] iter= 30  logdet=8.000550e+01
[FW-D] iter= 31  logdet=8.002948e+01
[FW-D] iter= 32  logdet=7.993837e+01
[FW-D] iter= 33  logdet=7.984875e+01
[FW-D] iter= 34  logdet=7.989748e+01
[FW-D] iter= 35  logdet=7.985665e+01
[FW-D] iter= 36  logdet=7.987770e+01
[FW-D] iter= 37  logdet=7.985678e+01
[FW-D] iter= 38  logdet=7.985882e+01
[FW-D] iter= 39  logdet=7.969086e+01
[FW-D] iter= 40  logdet=7.954170e+01
[FW-D] iter= 41  logdet=7.952087e+01
[FW-D] iter= 42  logdet=7.956267e+01
[FW-D] iter= 43  logdet=7.951598e+01
[FW-D] iter= 44  logdet=7.950762e+01
[FW-D] iter= 45  logdet=7.950585e+01
[FW-D] iter= 46  logdet=7.945223e+01
[FW-D] iter= 47  logdet=7.938239e+01
[FW-D] iter= 48  logdet=7.926346e+01
[FW-D] iter= 49  logdet=7.955330e+01
[FW-D] iter= 50  logdet=7.979309e+01
[FW-D] iter= 51  logdet=8.000300e+01
[FW-D] iter= 52  logdet=8.018955e+01
[FW-D] iter= 53  logdet=8.035800e+01
[FW-D] iter= 54  logdet=8.051104e+01
[FW-D] iter= 55  logdet=8.065085e+01
[FW-D] iter= 56  logdet=8.077916e+01
[FW-D] iter= 57  logdet=8.089770e+01
[FW-D] iter= 58  logdet=8.100764e+01
[FW-D] iter= 59  logdet=8.110988e+01
[FW-D] iter= 60  logdet=8.120522e+01
[FW-D] iter= 61  logdet=8.129432e+01
[FW-D] iter= 62  logdet=8.137769e+01
[FW-D] iter= 63  logdet=8.145612e+01
[FW-D] iter= 64  logdet=8.152986e+01
[FW-D] iter= 65  logdet=8.159930e+01
[FW-D] iter= 66  logdet=8.166468e+01
[FW-D] iter= 67  logdet=8.172665e+01
[FW-D] iter= 68  logdet=8.178525e+01
[FW-D] iter= 69  logdet=8.184075e+01
[FW-D] iter= 70  logdet=8.189338e+01
[FW-D] iter= 71  logdet=8.194330e+01
[FW-D] iter= 72  logdet=8.199086e+01
[FW-D] iter= 73  logdet=8.203611e+01
[FW-D] iter= 74  logdet=8.207919e+01
[FW-D] iter= 75  logdet=8.212020e+01
[FW-D] iter= 76  logdet=8.215945e+01
[FW-D] iter= 77  logdet=8.219692e+01
[FW-D] iter= 78  logdet=8.223273e+01
[FW-D] iter= 79  logdet=8.226697e+01
[FW-D] iter= 80  logdet=8.229974e+01
[FW-D] iter= 81  logdet=8.233119e+01
[FW-D] iter= 82  logdet=8.236133e+01
[FW-D] iter= 83  logdet=8.239024e+01
[FW-D] iter= 84  logdet=8.241795e+01
[FW-D] iter= 85  logdet=8.244465e+01
[FW-D] iter= 86  logdet=8.247029e+01
[FW-D] iter= 87  logdet=8.249495e+01
[FW-D] iter= 88  logdet=8.251863e+01
[FW-D] iter= 89  logdet=8.254151e+01
[FW-D] iter= 90  logdet=8.256354e+01
[FW-D] iter= 91  logdet=8.258476e+01
[FW-D] iter= 92  logdet=8.260522e+01
[FW-D] iter= 93  logdet=8.262494e+01
[FW-D] iter= 94  logdet=8.264402e+01
[FW-D] iter= 95  logdet=8.266244e+01
[FW-D] iter= 96  logdet=8.268022e+01
[FW-D] iter= 97  logdet=8.269738e+01
[FW-D] iter= 98  logdet=8.271403e+01
[FW-D] iter= 99  logdet=8.273012e+01
[FW-D] iter=100  logdet=8.274568e+01
[FW-D] iter=101  logdet=8.276072e+01
[FW-D] iter=102  logdet=8.277533e+01
[FW-D] iter=103  logdet=8.278948e+01
[FW-D] iter=104  logdet=8.280319e+01
[FW-D] iter=105  logdet=8.281644e+01
[FW-D] iter=106  logdet=8.282935e+01
[FW-D] iter=107  logdet=8.284187e+01
[FW-D] iter=108  logdet=8.285401e+01
[FW-D] iter=109  logdet=8.286579e+01
[FW-D] iter=110  logdet=8.287721e+01
[FW-D] iter=111  logdet=8.288834e+01
[FW-D] iter=112  logdet=8.289914e+01
[FW-D] iter=113  logdet=8.290964e+01
[FW-D] iter=114  logdet=8.291983e+01
[FW-D] iter=115  logdet=8.292977e+01
[FW-D] iter=116  logdet=8.293943e+01
[FW-D] iter=117  logdet=8.294883e+01
[FW-D] iter=118  logdet=8.295795e+01
[FW-D] iter=119  logdet=8.296686e+01
[FW-D] iter=120  logdet=8.297554e+01
[FW-D] iter=121  logdet=8.298399e+01
[FW-D] iter=122  logdet=8.299220e+01
[FW-D] iter=123  logdet=8.300024e+01
[FW-D] iter=124  logdet=8.300806e+01
[FW-D] iter=125  logdet=8.301569e+01
[FW-D] iter=126  logdet=8.302310e+01
[FW-D] iter=127  logdet=8.303037e+01
[FW-D] iter=128  logdet=8.303745e+01
[FW-D] iter=129  logdet=8.304435e+01
[FW-D] iter=130  logdet=8.305107e+01
[FW-D] iter=131  logdet=8.305766e+01
[FW-D] iter=132  logdet=8.306409e+01
[FW-D] iter=133  logdet=8.307037e+01
[FW-D] iter=134  logdet=8.307650e+01
[FW-D] iter=135  logdet=8.308247e+01
[FW-D] iter=136  logdet=8.308832e+01
[FW-D] iter=137  logdet=8.309404e+01
[FW-D] iter=138  logdet=8.309962e+01
[FW-D] iter=139  logdet=8.310509e+01
[FW-D] iter=140  logdet=8.311044e+01
[FW-D] iter=141  logdet=8.311567e+01
[FW-D] iter=142  logdet=8.312077e+01
[FW-D] iter=143  logdet=8.312578e+01
[FW-D] iter=144  logdet=8.313068e+01
[FW-D] iter=145  logdet=8.313548e+01
[FW-D] iter=146  logdet=8.314017e+01
[FW-D] iter=147  logdet=8.314475e+01
[FW-D] iter=148  logdet=8.314924e+01
[FW-D] iter=149  logdet=8.315365e+01
[FW-D] iter=150  logdet=8.315795e+01
[FW-D] iter=151  logdet=8.316218e+01
[FW-D] iter=152  logdet=8.316632e+01
[FW-D] iter=153  logdet=8.317038e+01
[FW-D] iter=154  logdet=8.317434e+01
[FW-D] iter=155  logdet=8.317825e+01
[FW-D] iter=156  logdet=8.318207e+01
[FW-D] iter=157  logdet=8.318582e+01
[FW-D] iter=158  logdet=8.318949e+01
[FW-D] iter=159  logdet=8.319308e+01
[FW-D] iter=160  logdet=8.319662e+01
[FW-D] iter=161  logdet=8.320009e+01
[FW-D] iter=162  logdet=8.320349e+01
[FW-D] iter=163  logdet=8.320681e+01
[FW-D] iter=164  logdet=8.321008e+01
[FW-D] iter=165  logdet=8.321330e+01
[FW-D] iter=166  logdet=8.321644e+01
[FW-D] iter=167  logdet=8.321954e+01
[FW-D] iter=168  logdet=8.322258e+01
[FW-D] iter=169  logdet=8.322557e+01
[FW-D] iter=170  logdet=8.322850e+01
[FW-D] iter=171  logdet=8.323137e+01
[FW-D] iter=172  logdet=8.323420e+01
[FW-D] iter=173  logdet=8.323698e+01
[FW-D] iter=174  logdet=8.323971e+01
[FW-D] iter=175  logdet=8.324238e+01
[FW-D] iter=176  logdet=8.324501e+01
[FW-D] iter=177  logdet=8.324760e+01
[FW-D] iter=178  logdet=8.325013e+01
[FW-D] iter=179  logdet=8.325264e+01
[FW-D] iter=180  logdet=8.325510e+01
[FW-D] iter=181  logdet=8.325752e+01
[FW-D] iter=182  logdet=8.325990e+01
[FW-D] iter=183  logdet=8.326223e+01
[FW-D] iter=184  logdet=8.326453e+01
[FW-D] iter=185  logdet=8.326679e+01
[FW-D] iter=186  logdet=8.326901e+01
[FW-D] iter=187  logdet=8.327119e+01
[FW-D] iter=188  logdet=8.327335e+01
[FW-D] iter=189  logdet=8.327547e+01
[FW-D] iter=190  logdet=8.327755e+01
[FW-D] iter=191  logdet=8.327959e+01
[FW-D] iter=192  logdet=8.328161e+01
[FW-D] iter=193  logdet=8.328359e+01
[FW-D] iter=194  logdet=8.328555e+01
[FW-D] iter=195  logdet=8.328747e+01
[FW-D] iter=196  logdet=8.328936e+01
[FW-D] iter=197  logdet=8.329123e+01
[FW-D] iter=198  logdet=8.329307e+01
[FW-D] iter=199  logdet=8.329487e+01
[FW-D] iter=200  logdet=8.329665e+01
[FW-D] iter=201  logdet=8.329841e+01
[FW-D] iter=202  logdet=8.330013e+01
[FW-D] iter=203  logdet=8.330183e+01
[FW-D] iter=204  logdet=8.330350e+01
[FW-D] iter=205  logdet=8.330516e+01
[FW-D] iter=206  logdet=8.330678e+01
[FW-D] iter=207  logdet=8.330838e+01
[FW-D] iter=208  logdet=8.330996e+01
[FW-D] iter=209  logdet=8.331152e+01
[FW-D] iter=210  logdet=8.331306e+01
[FW-D] iter=211  logdet=8.331456e+01
[FW-D] iter=212  logdet=8.331606e+01
[FW-D] iter=213  logdet=8.331753e+01
[FW-D] iter=214  logdet=8.331898e+01
[FW-D] iter=215  logdet=8.332040e+01
[FW-D] iter=216  logdet=8.332181e+01
[FW-D] iter=217  logdet=8.332320e+01
[FW-D] iter=218  logdet=8.332457e+01
[FW-D] iter=219  logdet=8.332592e+01
[FW-D] iter=220  logdet=8.332724e+01
[FW-D] iter=221  logdet=8.332856e+01
[FW-D] iter=222  logdet=8.332985e+01
[FW-D] iter=223  logdet=8.333112e+01
[FW-D] iter=224  logdet=8.333239e+01
[FW-D] iter=225  logdet=8.333363e+01
[FW-D] iter=226  logdet=8.333486e+01
[FW-D] iter=227  logdet=8.333606e+01
[FW-D] iter=228  logdet=8.333726e+01
[FW-D] iter=229  logdet=8.333844e+01
[FW-D] iter=230  logdet=8.333960e+01
[FW-D] iter=231  logdet=8.334075e+01
[FW-D] iter=232  logdet=8.334188e+01
[FW-D] iter=233  logdet=8.334300e+01
[FW-D] iter=234  logdet=8.334410e+01
[FW-D] iter=235  logdet=8.334518e+01
[FW-D] iter=236  logdet=8.334626e+01
[FW-D] iter=237  logdet=8.334733e+01
[FW-D] iter=238  logdet=8.334837e+01
[FW-D] iter=239  logdet=8.334940e+01
[FW-D] iter=240  logdet=8.335043e+01
[FW-D] iter=241  logdet=8.335144e+01
[FW-D] iter=242  logdet=8.335244e+01
[FW-D] iter=243  logdet=8.335342e+01
[FW-D] iter=244  logdet=8.335439e+01
[FW-D] iter=245  logdet=8.335535e+01
[FW-D] iter=246  logdet=8.335630e+01
[FW-D] iter=247  logdet=8.335723e+01
[FW-D] iter=248  logdet=8.335816e+01
[FW-D] iter=249  logdet=8.335907e+01
[FW-D] iter=250  logdet=8.335997e+01
[FW-D] iter=251  logdet=8.336086e+01
[FW-D] iter=252  logdet=8.336174e+01
[FW-D] iter=253  logdet=8.336261e+01
[FW-D] iter=254  logdet=8.336348e+01
[FW-D] iter=255  logdet=8.336433e+01
[FW-D] iter=256  logdet=8.336516e+01
[FW-D] iter=257  logdet=8.336599e+01
[FW-D] iter=258  logdet=8.336682e+01
[FW-D] iter=259  logdet=8.336763e+01
[FW-D] iter=260  logdet=8.336842e+01
[FW-D] iter=261  logdet=8.336922e+01
[FW-D] iter=262  logdet=8.337000e+01
[FW-D] iter=263  logdet=8.337077e+01
[FW-D] iter=264  logdet=8.337154e+01
[FW-D] iter=265  logdet=8.337229e+01
[FW-D] iter=266  logdet=8.337304e+01
[FW-D] iter=267  logdet=8.337378e+01
[FW-D] iter=268  logdet=8.337451e+01
[FW-D] iter=269  logdet=8.337523e+01
[FW-D] iter=270  logdet=8.337595e+01
[FW-D] iter=271  logdet=8.337666e+01
[FW-D] iter=272  logdet=8.337735e+01
[FW-D] iter=273  logdet=8.337805e+01
[FW-D] iter=274  logdet=8.337873e+01
[FW-D] iter=275  logdet=8.337941e+01
[FW-D] iter=276  logdet=8.338007e+01
[FW-D] iter=277  logdet=8.338073e+01
[FW-D] iter=278  logdet=8.338139e+01
[FW-D] iter=279  logdet=8.338204e+01
[FW-D] iter=280  logdet=8.338267e+01
[FW-D] iter=281  logdet=8.338331e+01
[FW-D] iter=282  logdet=8.338394e+01
[FW-D] iter=283  logdet=8.338456e+01
[FW-D] iter=284  logdet=8.338517e+01
[FW-D] iter=285  logdet=8.338577e+01
[FW-D] iter=286  logdet=8.338638e+01
[FW-D] iter=287  logdet=8.338697e+01
[FW-D] iter=288  logdet=8.338755e+01
[FW-D] iter=289  logdet=8.338814e+01
[FW-D] iter=290  logdet=8.338871e+01
[FW-D] iter=291  logdet=8.338928e+01
[FW-D] iter=292  logdet=8.338984e+01
[FW-D] iter=293  logdet=8.339040e+01
[FW-D] iter=294  logdet=8.339096e+01
[FW-D] iter=295  logdet=8.339150e+01
[FW-D] iter=296  logdet=8.339204e+01
[FW-D] iter=297  logdet=8.339258e+01
[FW-D] iter=298  logdet=8.339311e+01
[FW-D] iter=299  logdet=8.339364e+01
  [fw-d] min_eig=5.5977e-01  heldout=1.3318  (2.5s)

============================================================
K = 20  (held-out = 700 frames)
  [random] 25 trials...
  [coverage] min_eig=2.8846e-01  heldout=2.6275  (0.0s)
  [a-optimal] min_eig=8.0860e-01  heldout=1.3949  (4.2s)
  [d-optimal] min_eig=7.4112e-01  heldout=1.3478  (4.1s)
  [greedy-e] min_eig=8.0938e-01  heldout=1.5294  (4.3s)
[FW] Building 720 candidate information matrices...
Building FIM:   0%|          | 0/720 [00:00<?, ?candidate/s]Building FIM:  62%|██████▏   | 448/720 [00:00<00:00, 4152.14candidate/s]Building FIM: 100%|██████████| 720/720 [00:00<00:00, 4596.20candidate/s]
[FW] Done. Starting Frank-Wolfe optimization (select_k=20)...
[FW] Pre-extracting dense blocks (intr_dim=9, num_poses=720)...
[FW] Block extraction done. Starting iterations...
[FW] iter=  0  min_eig=3.999227e-01
[FW] iter=  1  min_eig=5.862220e-01
[FW] iter=  2  min_eig=3.052736e-01
[FW] iter=  3  min_eig=2.756962e-01
[FW] iter=  4  min_eig=3.169950e-01
[FW] iter=  5  min_eig=2.880304e-01
[FW] iter=  6  min_eig=2.376817e-01
[FW] iter=  7  min_eig=1.974539e-01
[FW] iter=  8  min_eig=1.623969e-01
[FW] iter=  9  min_eig=2.071561e-01
[FW] iter= 10  min_eig=2.098036e-01
[FW] iter= 11  min_eig=2.188038e-01
[FW] iter= 12  min_eig=2.215695e-01
[FW] iter= 13  min_eig=2.112246e-01
[FW] iter= 14  min_eig=4.108414e-01
[FW] iter= 15  min_eig=3.997833e-01
[FW] iter= 16  min_eig=3.706882e-01
[FW] iter= 17  min_eig=3.518455e-01
[FW] iter= 18  min_eig=3.716837e-01
[FW] iter= 19  min_eig=4.043113e-01
[FW] iter= 20  min_eig=4.219651e-01
[FW] iter= 21  min_eig=4.478187e-01
[FW] iter= 22  min_eig=4.216837e-01
[FW] iter= 23  min_eig=4.205073e-01
[FW] iter= 24  min_eig=4.059805e-01
[FW] iter= 25  min_eig=4.012661e-01
[FW] iter= 26  min_eig=4.016488e-01
[FW] iter= 27  min_eig=4.021996e-01
[FW] iter= 28  min_eig=4.220961e-01
[FW] iter= 29  min_eig=4.204388e-01
[FW] iter= 30  min_eig=4.155872e-01
[FW] iter= 31  min_eig=3.953405e-01
[FW] iter= 32  min_eig=3.865220e-01
[FW] iter= 33  min_eig=3.915013e-01
[FW] iter= 34  min_eig=3.867528e-01
[FW] iter= 35  min_eig=3.718507e-01
[FW] iter= 36  min_eig=3.678254e-01
[FW] iter= 37  min_eig=4.064136e-01
[FW] iter= 38  min_eig=4.258191e-01
[FW] iter= 39  min_eig=4.475156e-01
[FW] iter= 40  min_eig=4.663520e-01
[FW] iter= 41  min_eig=4.833218e-01
[FW] iter= 42  min_eig=5.000217e-01
[FW] iter= 43  min_eig=5.151595e-01
[FW] iter= 44  min_eig=5.282939e-01
[FW] iter= 45  min_eig=5.413112e-01
[FW] iter= 46  min_eig=5.530357e-01
[FW] iter= 47  min_eig=5.648630e-01
[FW] iter= 48  min_eig=5.756643e-01
[FW] iter= 49  min_eig=5.852093e-01
[FW] iter= 50  min_eig=5.944115e-01
[FW] iter= 51  min_eig=6.027377e-01
[FW] iter= 52  min_eig=6.113819e-01
[FW] iter= 53  min_eig=6.193764e-01
[FW] iter= 54  min_eig=6.264522e-01
[FW] iter= 55  min_eig=6.338558e-01
[FW] iter= 56  min_eig=6.406674e-01
[FW] iter= 57  min_eig=6.466306e-01
[FW] iter= 58  min_eig=6.524037e-01
[FW] iter= 59  min_eig=6.576820e-01
[FW] iter= 60  min_eig=6.633027e-01
[FW] iter= 61  min_eig=6.685685e-01
[FW] iter= 62  min_eig=6.731775e-01
[FW] iter= 63  min_eig=6.781412e-01
[FW] iter= 64  min_eig=6.827298e-01
[FW] iter= 65  min_eig=6.866989e-01
[FW] iter= 66  min_eig=6.910530e-01
[FW] iter= 67  min_eig=6.950818e-01
[FW] iter= 68  min_eig=6.988457e-01
[FW] iter= 69  min_eig=7.024880e-01
[FW] iter= 70  min_eig=7.056413e-01
[FW] iter= 71  min_eig=7.091242e-01
[FW] iter= 72  min_eig=7.123524e-01
[FW] iter= 73  min_eig=7.150679e-01
[FW] iter= 74  min_eig=7.181760e-01
[FW] iter= 75  min_eig=7.210587e-01
[FW] iter= 76  min_eig=7.237519e-01
[FW] iter= 77  min_eig=7.263796e-01
[FW] iter= 78  min_eig=7.286258e-01
[FW] iter= 79  min_eig=7.311687e-01
[FW] iter= 80  min_eig=7.335297e-01
[FW] iter= 81  min_eig=7.354523e-01
[FW] iter= 82  min_eig=7.377536e-01
[FW] iter= 83  min_eig=7.398905e-01
[FW] iter= 84  min_eig=7.418784e-01
[FW] iter= 85  min_eig=7.437349e-01
[FW] iter= 86  min_eig=7.456730e-01
[FW] iter= 87  min_eig=7.474752e-01
[FW] iter= 88  min_eig=7.490695e-01
[FW] iter= 89  min_eig=7.508380e-01
[FW] iter= 90  min_eig=7.524822e-01
[FW] iter= 91  min_eig=7.540401e-01
[FW] iter= 92  min_eig=7.555568e-01
[FW] iter= 93  min_eig=7.568287e-01
[FW] iter= 94  min_eig=7.583302e-01
[FW] iter= 95  min_eig=7.597265e-01
[FW] iter= 96  min_eig=7.609871e-01
[FW] iter= 97  min_eig=7.623660e-01
[FW] iter= 98  min_eig=7.636479e-01
[FW] iter= 99  min_eig=7.648565e-01
[FW] iter=100  min_eig=7.660436e-01
[FW] iter=101  min_eig=7.670855e-01
[FW] iter=102  min_eig=7.682677e-01
[FW] iter=103  min_eig=7.693666e-01
[FW] iter=104  min_eig=7.704062e-01
[FW] iter=105  min_eig=7.714262e-01
[FW] iter=106  min_eig=7.722734e-01
[FW] iter=107  min_eig=7.732978e-01
[FW] iter=108  min_eig=7.742499e-01
[FW] iter=109  min_eig=7.750953e-01
[FW] iter=110  min_eig=7.760480e-01
[FW] iter=111  min_eig=7.769329e-01
[FW] iter=112  min_eig=7.777644e-01
[FW] iter=113  min_eig=7.785882e-01
[FW] iter=114  min_eig=7.792399e-01
[FW] iter=115  min_eig=7.800737e-01
[FW] iter=116  min_eig=7.808481e-01
[FW] iter=117  min_eig=7.815215e-01
[FW] iter=118  min_eig=7.823018e-01
[FW] iter=119  min_eig=7.830264e-01
[FW] iter=120  min_eig=7.836984e-01
[FW] iter=121  min_eig=7.843182e-01
[FW] iter=122  min_eig=7.849988e-01
[FW] iter=123  min_eig=7.856301e-01
[FW] iter=124  min_eig=7.861706e-01
[FW] iter=125  min_eig=7.868151e-01
[FW] iter=126  min_eig=7.874129e-01
[FW] iter=127  min_eig=7.879356e-01
[FW] iter=128  min_eig=7.885434e-01
[FW] iter=129  min_eig=7.891066e-01
[FW] iter=130  min_eig=7.896356e-01
[FW] iter=131  min_eig=7.901626e-01
[FW] iter=132  min_eig=7.905885e-01
[FW] iter=133  min_eig=7.911303e-01
[FW] iter=134  min_eig=7.916319e-01
[FW] iter=135  min_eig=7.920596e-01
[FW] iter=136  min_eig=7.925728e-01
[FW] iter=137  min_eig=7.930477e-01
[FW] iter=138  min_eig=7.934869e-01
[FW] iter=139  min_eig=7.939016e-01
[FW] iter=140  min_eig=7.943543e-01
[FW] iter=141  min_eig=7.947726e-01
[FW] iter=142  min_eig=7.951420e-01
[FW] iter=143  min_eig=7.955731e-01
[FW] iter=144  min_eig=7.959712e-01
[FW] iter=145  min_eig=7.962864e-01
[FW] iter=146  min_eig=7.967000e-01
[FW] iter=147  min_eig=7.970817e-01
[FW] iter=148  min_eig=7.973986e-01
[FW] iter=149  min_eig=7.977930e-01
[FW] iter=150  min_eig=7.981570e-01
[FW] iter=151  min_eig=7.984927e-01
[FW] iter=152  min_eig=7.988073e-01
[FW] iter=153  min_eig=7.991568e-01
[FW] iter=154  min_eig=7.994787e-01
[FW] iter=155  min_eig=7.997564e-01
[FW] iter=156  min_eig=8.000912e-01
[FW] iter=157  min_eig=8.003995e-01
[FW] iter=158  min_eig=8.006383e-01
[FW] iter=159  min_eig=8.009617e-01
[FW] iter=160  min_eig=8.012596e-01
[FW] iter=161  min_eig=8.015516e-01
[FW] iter=162  min_eig=8.018313e-01
[FW] iter=163  min_eig=8.020649e-01
[FW] iter=164  min_eig=8.023568e-01
[FW] iter=165  min_eig=8.026256e-01
[FW] iter=166  min_eig=8.028175e-01
[FW] iter=167  min_eig=8.031008e-01
[FW] iter=168  min_eig=8.033614e-01
[FW] iter=169  min_eig=8.036144e-01
[FW] iter=170  min_eig=8.038594e-01
[FW] iter=171  min_eig=8.040566e-01
[FW] iter=172  min_eig=8.043137e-01
[FW] iter=173  min_eig=8.045497e-01
[FW] iter=174  min_eig=8.047035e-01
[FW] iter=175  min_eig=8.049536e-01
[FW] iter=176  min_eig=8.051834e-01
[FW] iter=177  min_eig=8.054040e-01
[FW] iter=178  min_eig=8.056202e-01
[FW] iter=179  min_eig=8.058317e-01
[FW] iter=180  min_eig=8.060348e-01
[FW] iter=181  min_eig=8.062058e-01
[FW] iter=182  min_eig=8.064212e-01
[FW] iter=183  min_eig=8.066185e-01
[FW] iter=184  min_eig=8.068125e-01
[FW] iter=185  min_eig=8.069981e-01
[FW] iter=186  min_eig=8.071596e-01
[FW] iter=187  min_eig=8.073571e-01
[FW] iter=188  min_eig=8.075378e-01
[FW] iter=189  min_eig=8.077158e-01
[FW] iter=190  min_eig=8.078857e-01
[FW] iter=191  min_eig=8.080381e-01
[FW] iter=192  min_eig=8.082197e-01
[FW] iter=193  min_eig=8.083855e-01
[FW] iter=194  min_eig=8.085210e-01
[FW] iter=195  min_eig=8.086982e-01
[FW] iter=196  min_eig=8.088600e-01
[FW] iter=197  min_eig=8.090172e-01
[FW] iter=198  min_eig=8.091692e-01
[FW] iter=199  min_eig=8.092980e-01
[FW] iter=200  min_eig=8.094613e-01
[FW] iter=201  min_eig=8.096102e-01
[FW] iter=202  min_eig=8.097550e-01
[FW] iter=203  min_eig=8.098954e-01
[FW] iter=204  min_eig=8.100178e-01
[FW] iter=205  min_eig=8.101687e-01
[FW] iter=206  min_eig=8.103059e-01
[FW] iter=207  min_eig=8.104142e-01
[FW] iter=208  min_eig=8.105623e-01
[FW] iter=209  min_eig=8.106964e-01
[FW] iter=210  min_eig=8.108255e-01
[FW] iter=211  min_eig=8.109520e-01
[FW] iter=212  min_eig=8.110558e-01
[FW] iter=213  min_eig=8.111930e-01
[FW] iter=214  min_eig=8.113171e-01
[FW] iter=215  min_eig=8.114364e-01
[FW] iter=216  min_eig=8.115533e-01
[FW] iter=217  min_eig=8.116528e-01
[FW] iter=218  min_eig=8.117797e-01
[FW] iter=219  min_eig=8.118945e-01
[FW] iter=220  min_eig=8.120057e-01
[FW] iter=221  min_eig=8.121138e-01
[FW] iter=222  min_eig=8.121942e-01
[FW] iter=223  min_eig=8.123126e-01
[FW] iter=224  min_eig=8.124198e-01
[FW] iter=225  min_eig=8.125074e-01
[FW] iter=226  min_eig=8.126234e-01
[FW] iter=227  min_eig=8.127284e-01
[FW] iter=228  min_eig=8.128282e-01
[FW] iter=229  min_eig=8.129269e-01
[FW] iter=230  min_eig=8.129918e-01
[FW] iter=231  min_eig=8.131004e-01
[FW] iter=232  min_eig=8.131988e-01
[FW] iter=233  min_eig=8.132752e-01
[FW] iter=234  min_eig=8.133816e-01
[FW] iter=235  min_eig=8.134781e-01
[FW] iter=236  min_eig=8.135679e-01
[FW] iter=237  min_eig=8.136586e-01
[FW] iter=238  min_eig=8.137283e-01
[FW] iter=239  min_eig=8.138277e-01
[FW] iter=240  min_eig=8.139173e-01
[FW] iter=241  min_eig=8.140011e-01
[FW] iter=242  min_eig=8.140855e-01
[FW] iter=243  min_eig=8.141389e-01
[FW] iter=244  min_eig=8.142321e-01
[FW] iter=245  min_eig=8.143162e-01
[FW] iter=246  min_eig=8.144016e-01
[FW] iter=247  min_eig=8.144806e-01
[FW] iter=248  min_eig=8.145423e-01
[FW] iter=249  min_eig=8.146290e-01
[FW] iter=250  min_eig=8.147068e-01
[FW] iter=251  min_eig=8.147645e-01
[FW] iter=252  min_eig=8.148504e-01
[FW] iter=253  min_eig=8.149277e-01
[FW] iter=254  min_eig=8.149990e-01
[FW] iter=255  min_eig=8.150716e-01
[FW] iter=256  min_eig=8.151157e-01
[FW] iter=257  min_eig=8.151964e-01
[FW] iter=258  min_eig=8.152690e-01
[FW] iter=259  min_eig=8.153422e-01
[FW] iter=260  min_eig=8.154104e-01
[FW] iter=261  min_eig=8.154809e-01
[FW] iter=262  min_eig=8.155450e-01
[FW] iter=263  min_eig=8.156016e-01
[FW] iter=264  min_eig=8.156730e-01
[FW] iter=265  min_eig=8.157367e-01
[FW] iter=266  min_eig=8.158030e-01
[FW] iter=267  min_eig=8.158628e-01
[FW] iter=268  min_eig=8.159182e-01
[FW] iter=269  min_eig=8.159852e-01
[FW] iter=270  min_eig=8.160449e-01
[FW] iter=271  min_eig=8.160932e-01
[FW] iter=272  min_eig=8.161600e-01
[FW] iter=273  min_eig=8.162197e-01
[FW] iter=274  min_eig=8.162801e-01
[FW] iter=275  min_eig=8.163359e-01
[FW] iter=276  min_eig=8.163835e-01
[FW] iter=277  min_eig=8.164460e-01
[FW] iter=278  min_eig=8.165021e-01
[FW] iter=279  min_eig=8.165589e-01
[FW] iter=280  min_eig=8.166112e-01
[FW] iter=281  min_eig=8.166579e-01
[FW] iter=282  min_eig=8.167168e-01
[FW] iter=283  min_eig=8.167692e-01
[FW] iter=284  min_eig=8.168098e-01
[FW] iter=285  min_eig=8.168686e-01
[FW] iter=286  min_eig=8.169210e-01
[FW] iter=287  min_eig=8.169731e-01
[FW] iter=288  min_eig=8.170222e-01
[FW] iter=289  min_eig=8.170625e-01
[FW] iter=290  min_eig=8.171177e-01
[FW] iter=291  min_eig=8.171670e-01
[FW] iter=292  min_eig=8.172164e-01
[FW] iter=293  min_eig=8.172621e-01
[FW] iter=294  min_eig=8.173017e-01
[FW] iter=295  min_eig=8.173539e-01
[FW] iter=296  min_eig=8.174002e-01
[FW] iter=297  min_eig=8.174342e-01
[FW] iter=298  min_eig=8.174866e-01
[FW] iter=299  min_eig=8.175328e-01
  [fw-e] min_eig=7.7805e-01  heldout=1.2714  (2.6s)
[FW-A] Building 720 candidate information matrices...
Building FIM:   0%|          | 0/720 [00:00<?, ?candidate/s]Building FIM:  62%|██████▏   | 448/720 [00:00<00:00, 4239.02candidate/s]Building FIM: 100%|██████████| 720/720 [00:00<00:00, 5132.96candidate/s]
[FW-A] Done. Starting Frank-Wolfe A-optimal (select_k=20)...
[FW-A] Pre-extracting dense blocks (intr_dim=9, num_poses=720)...
[FW-A] Block extraction done. Starting iterations...
[FW-A] iter=  0  -trace(H^{-1})=-3.354299e+00
[FW-A] iter=  1  -trace(H^{-1})=-1.320296e+03
[FW-A] iter=  2  -trace(H^{-1})=-6.458335e+00
[FW-A] iter=  3  -trace(H^{-1})=-6.872835e+00
[FW-A] iter=  4  -trace(H^{-1})=-4.011656e+00
[FW-A] iter=  5  -trace(H^{-1})=-3.850269e+00
[FW-A] iter=  6  -trace(H^{-1})=-4.189033e+00
[FW-A] iter=  7  -trace(H^{-1})=-4.603195e+00
[FW-A] iter=  8  -trace(H^{-1})=-5.214819e+00
[FW-A] iter=  9  -trace(H^{-1})=-5.110501e+00
[FW-A] iter= 10  -trace(H^{-1})=-5.006044e+00
[FW-A] iter= 11  -trace(H^{-1})=-4.980445e+00
[FW-A] iter= 12  -trace(H^{-1})=-5.006450e+00
[FW-A] iter= 13  -trace(H^{-1})=-5.168871e+00
[FW-A] iter= 14  -trace(H^{-1})=-3.465492e+00
[FW-A] iter= 15  -trace(H^{-1})=-3.505560e+00
[FW-A] iter= 16  -trace(H^{-1})=-3.703816e+00
[FW-A] iter= 17  -trace(H^{-1})=-3.768616e+00
[FW-A] iter= 18  -trace(H^{-1})=-3.614268e+00
[FW-A] iter= 19  -trace(H^{-1})=-3.620141e+00
[FW-A] iter= 20  -trace(H^{-1})=-3.305792e+00
[FW-A] iter= 21  -trace(H^{-1})=-3.323133e+00
[FW-A] iter= 22  -trace(H^{-1})=-3.354752e+00
[FW-A] iter= 23  -trace(H^{-1})=-3.427281e+00
[FW-A] iter= 24  -trace(H^{-1})=-3.508396e+00
[FW-A] iter= 25  -trace(H^{-1})=-3.461178e+00
[FW-A] iter= 26  -trace(H^{-1})=-3.442220e+00
[FW-A] iter= 27  -trace(H^{-1})=-3.313772e+00
[FW-A] iter= 28  -trace(H^{-1})=-3.207204e+00
[FW-A] iter= 29  -trace(H^{-1})=-3.178599e+00
[FW-A] iter= 30  -trace(H^{-1})=-3.230516e+00
[FW-A] iter= 31  -trace(H^{-1})=-3.354778e+00
[FW-A] iter= 32  -trace(H^{-1})=-3.428778e+00
[FW-A] iter= 33  -trace(H^{-1})=-3.378192e+00
[FW-A] iter= 34  -trace(H^{-1})=-3.379551e+00
[FW-A] iter= 35  -trace(H^{-1})=-3.482174e+00
[FW-A] iter= 36  -trace(H^{-1})=-3.497934e+00
[FW-A] iter= 37  -trace(H^{-1})=-3.302634e+00
[FW-A] iter= 38  -trace(H^{-1})=-3.156753e+00
[FW-A] iter= 39  -trace(H^{-1})=-3.044145e+00
[FW-A] iter= 40  -trace(H^{-1})=-2.940695e+00
[FW-A] iter= 41  -trace(H^{-1})=-2.852368e+00
[FW-A] iter= 42  -trace(H^{-1})=-2.781558e+00
[FW-A] iter= 43  -trace(H^{-1})=-2.714770e+00
[FW-A] iter= 44  -trace(H^{-1})=-2.658220e+00
[FW-A] iter= 45  -trace(H^{-1})=-2.607504e+00
[FW-A] iter= 46  -trace(H^{-1})=-2.561154e+00
[FW-A] iter= 47  -trace(H^{-1})=-2.517838e+00
[FW-A] iter= 48  -trace(H^{-1})=-2.481245e+00
[FW-A] iter= 49  -trace(H^{-1})=-2.445299e+00
[FW-A] iter= 50  -trace(H^{-1})=-2.413683e+00
[FW-A] iter= 51  -trace(H^{-1})=-2.384928e+00
[FW-A] iter= 52  -trace(H^{-1})=-2.357489e+00
[FW-A] iter= 53  -trace(H^{-1})=-2.333121e+00
[FW-A] iter= 54  -trace(H^{-1})=-2.311172e+00
[FW-A] iter= 55  -trace(H^{-1})=-2.289594e+00
[FW-A] iter= 56  -trace(H^{-1})=-2.270962e+00
[FW-A] iter= 57  -trace(H^{-1})=-2.252143e+00
[FW-A] iter= 58  -trace(H^{-1})=-2.235286e+00
[FW-A] iter= 59  -trace(H^{-1})=-2.219889e+00
[FW-A] iter= 60  -trace(H^{-1})=-2.204610e+00
[FW-A] iter= 61  -trace(H^{-1})=-2.190853e+00
[FW-A] iter= 62  -trace(H^{-1})=-2.178458e+00
[FW-A] iter= 63  -trace(H^{-1})=-2.165831e+00
[FW-A] iter= 64  -trace(H^{-1})=-2.154789e+00
[FW-A] iter= 65  -trace(H^{-1})=-2.143455e+00
[FW-A] iter= 66  -trace(H^{-1})=-2.133210e+00
[FW-A] iter= 67  -trace(H^{-1})=-2.123883e+00
[FW-A] iter= 68  -trace(H^{-1})=-2.114334e+00
[FW-A] iter= 69  -trace(H^{-1})=-2.105677e+00
[FW-A] iter= 70  -trace(H^{-1})=-2.097738e+00
[FW-A] iter= 71  -trace(H^{-1})=-2.089836e+00
[FW-A] iter= 72  -trace(H^{-1})=-2.082605e+00
[FW-A] iter= 73  -trace(H^{-1})=-2.075148e+00
[FW-A] iter= 74  -trace(H^{-1})=-2.068377e+00
[FW-A] iter= 75  -trace(H^{-1})=-2.062294e+00
[FW-A] iter= 76  -trace(H^{-1})=-2.055854e+00
[FW-A] iter= 77  -trace(H^{-1})=-2.049994e+00
[FW-A] iter= 78  -trace(H^{-1})=-2.044553e+00
[FW-A] iter= 79  -trace(H^{-1})=-2.039126e+00
[FW-A] iter= 80  -trace(H^{-1})=-2.034232e+00
[FW-A] iter= 81  -trace(H^{-1})=-2.029021e+00
[FW-A] iter= 82  -trace(H^{-1})=-2.024278e+00
[FW-A] iter= 83  -trace(H^{-1})=-2.020090e+00
[FW-A] iter= 84  -trace(H^{-1})=-2.015507e+00
[FW-A] iter= 85  -trace(H^{-1})=-2.011332e+00
[FW-A] iter= 86  -trace(H^{-1})=-2.007412e+00
[FW-A] iter= 87  -trace(H^{-1})=-2.003501e+00
[FW-A] iter= 88  -trace(H^{-1})=-2.000037e+00
[FW-A] iter= 89  -trace(H^{-1})=-1.996229e+00
[FW-A] iter= 90  -trace(H^{-1})=-1.992761e+00
[FW-A] iter= 91  -trace(H^{-1})=-1.989761e+00
[FW-A] iter= 92  -trace(H^{-1})=-1.986366e+00
[FW-A] iter= 93  -trace(H^{-1})=-1.983272e+00
[FW-A] iter= 94  -trace(H^{-1})=-1.980339e+00
[FW-A] iter= 95  -trace(H^{-1})=-1.977414e+00
[FW-A] iter= 96  -trace(H^{-1})=-1.974880e+00
[FW-A] iter= 97  -trace(H^{-1})=-1.971999e+00
[FW-A] iter= 98  -trace(H^{-1})=-1.969376e+00
[FW-A] iter= 99  -trace(H^{-1})=-1.967073e+00
[FW-A] iter=100  -trace(H^{-1})=-1.964577e+00
[FW-A] iter=101  -trace(H^{-1})=-1.962408e+00
[FW-A] iter=102  -trace(H^{-1})=-1.959934e+00
[FW-A] iter=103  -trace(H^{-1})=-1.957685e+00
[FW-A] iter=104  -trace(H^{-1})=-1.955785e+00
[FW-A] iter=105  -trace(H^{-1})=-1.953546e+00
[FW-A] iter=106  -trace(H^{-1})=-1.951510e+00
[FW-A] iter=107  -trace(H^{-1})=-1.949704e+00
[FW-A] iter=108  -trace(H^{-1})=-1.947753e+00
[FW-A] iter=109  -trace(H^{-1})=-1.946102e+00
[FW-A] iter=110  -trace(H^{-1})=-1.944151e+00
[FW-A] iter=111  -trace(H^{-1})=-1.942379e+00
[FW-A] iter=112  -trace(H^{-1})=-1.940925e+00
[FW-A] iter=113  -trace(H^{-1})=-1.939145e+00
[FW-A] iter=114  -trace(H^{-1})=-1.937528e+00
[FW-A] iter=115  -trace(H^{-1})=-1.936081e+00
[FW-A] iter=116  -trace(H^{-1})=-1.934524e+00
[FW-A] iter=117  -trace(H^{-1})=-1.933244e+00
[FW-A] iter=118  -trace(H^{-1})=-1.931674e+00
[FW-A] iter=119  -trace(H^{-1})=-1.930250e+00
[FW-A] iter=120  -trace(H^{-1})=-1.929118e+00
[FW-A] iter=121  -trace(H^{-1})=-1.927676e+00
[FW-A] iter=122  -trace(H^{-1})=-1.926369e+00
[FW-A] iter=123  -trace(H^{-1})=-1.925187e+00
[FW-A] iter=124  -trace(H^{-1})=-1.923922e+00
[FW-A] iter=125  -trace(H^{-1})=-1.922915e+00
[FW-A] iter=126  -trace(H^{-1})=-1.921629e+00
[FW-A] iter=127  -trace(H^{-1})=-1.920465e+00
[FW-A] iter=128  -trace(H^{-1})=-1.919518e+00
[FW-A] iter=129  -trace(H^{-1})=-1.918386e+00
[FW-A] iter=130  -trace(H^{-1})=-1.917484e+00
[FW-A] iter=131  -trace(H^{-1})=-1.916329e+00
[FW-A] iter=132  -trace(H^{-1})=-1.915286e+00
[FW-A] iter=133  -trace(H^{-1})=-1.914345e+00
[FW-A] iter=134  -trace(H^{-1})=-1.913420e+00
[FW-A] iter=135  -trace(H^{-1})=-1.912453e+00
[FW-A] iter=136  -trace(H^{-1})=-1.911661e+00
[FW-A] iter=137  -trace(H^{-1})=-1.910718e+00
[FW-A] iter=138  -trace(H^{-1})=-1.909869e+00
[FW-A] iter=139  -trace(H^{-1})=-1.909031e+00
[FW-A] iter=140  -trace(H^{-1})=-1.908156e+00
[FW-A] iter=141  -trace(H^{-1})=-1.907369e+00
[FW-A] iter=142  -trace(H^{-1})=-1.906620e+00
[FW-A] iter=143  -trace(H^{-1})=-1.905806e+00
[FW-A] iter=144  -trace(H^{-1})=-1.905137e+00
[FW-A] iter=145  -trace(H^{-1})=-1.904339e+00
[FW-A] iter=146  -trace(H^{-1})=-1.903624e+00
[FW-A] iter=147  -trace(H^{-1})=-1.902940e+00
[FW-A] iter=148  -trace(H^{-1})=-1.902198e+00
[FW-A] iter=149  -trace(H^{-1})=-1.901532e+00
[FW-A] iter=150  -trace(H^{-1})=-1.900921e+00
[FW-A] iter=151  -trace(H^{-1})=-1.900228e+00
[FW-A] iter=152  -trace(H^{-1})=-1.899656e+00
[FW-A] iter=153  -trace(H^{-1})=-1.898975e+00
[FW-A] iter=154  -trace(H^{-1})=-1.898365e+00
[FW-A] iter=155  -trace(H^{-1})=-1.897803e+00
[FW-A] iter=156  -trace(H^{-1})=-1.897167e+00
[FW-A] iter=157  -trace(H^{-1})=-1.896598e+00
[FW-A] iter=158  -trace(H^{-1})=-1.896096e+00
[FW-A] iter=159  -trace(H^{-1})=-1.895499e+00
[FW-A] iter=160  -trace(H^{-1})=-1.895005e+00
[FW-A] iter=161  -trace(H^{-1})=-1.894418e+00
[FW-A] iter=162  -trace(H^{-1})=-1.893893e+00
[FW-A] iter=163  -trace(H^{-1})=-1.893429e+00
[FW-A] iter=164  -trace(H^{-1})=-1.892878e+00
[FW-A] iter=165  -trace(H^{-1})=-1.892387e+00
[FW-A] iter=166  -trace(H^{-1})=-1.891941e+00
[FW-A] iter=167  -trace(H^{-1})=-1.891455e+00
[FW-A] iter=168  -trace(H^{-1})=-1.891025e+00
[FW-A] iter=169  -trace(H^{-1})=-1.890513e+00
[FW-A] iter=170  -trace(H^{-1})=-1.890058e+00
[FW-A] iter=171  -trace(H^{-1})=-1.889673e+00
[FW-A] iter=172  -trace(H^{-1})=-1.889193e+00
[FW-A] iter=173  -trace(H^{-1})=-1.888765e+00
[FW-A] iter=174  -trace(H^{-1})=-1.888373e+00
[FW-A] iter=175  -trace(H^{-1})=-1.887949e+00
[FW-A] iter=176  -trace(H^{-1})=-1.887591e+00
[FW-A] iter=177  -trace(H^{-1})=-1.887142e+00
[FW-A] iter=178  -trace(H^{-1})=-1.886743e+00
[FW-A] iter=179  -trace(H^{-1})=-1.886424e+00
[FW-A] iter=180  -trace(H^{-1})=-1.886001e+00
[FW-A] iter=181  -trace(H^{-1})=-1.885626e+00
[FW-A] iter=182  -trace(H^{-1})=-1.885279e+00
[FW-A] iter=183  -trace(H^{-1})=-1.884906e+00
[FW-A] iter=184  -trace(H^{-1})=-1.884606e+00
[FW-A] iter=185  -trace(H^{-1})=-1.884210e+00
[FW-A] iter=186  -trace(H^{-1})=-1.883859e+00
[FW-A] iter=187  -trace(H^{-1})=-1.883593e+00
[FW-A] iter=188  -trace(H^{-1})=-1.883218e+00
[FW-A] iter=189  -trace(H^{-1})=-1.882887e+00
[FW-A] iter=190  -trace(H^{-1})=-1.882578e+00
[FW-A] iter=191  -trace(H^{-1})=-1.882248e+00
[FW-A] iter=192  -trace(H^{-1})=-1.881997e+00
[FW-A] iter=193  -trace(H^{-1})=-1.881644e+00
[FW-A] iter=194  -trace(H^{-1})=-1.881333e+00
[FW-A] iter=195  -trace(H^{-1})=-1.881086e+00
[FW-A] iter=196  -trace(H^{-1})=-1.880775e+00
[FW-A] iter=197  -trace(H^{-1})=-1.880537e+00
[FW-A] iter=198  -trace(H^{-1})=-1.880205e+00
[FW-A] iter=199  -trace(H^{-1})=-1.879911e+00
[FW-A] iter=200  -trace(H^{-1})=-1.879701e+00
[FW-A] iter=201  -trace(H^{-1})=-1.879386e+00
[FW-A] iter=202  -trace(H^{-1})=-1.879109e+00
[FW-A] iter=203  -trace(H^{-1})=-1.878886e+00
[FW-A] iter=204  -trace(H^{-1})=-1.878608e+00
[FW-A] iter=205  -trace(H^{-1})=-1.878408e+00
[FW-A] iter=206  -trace(H^{-1})=-1.878110e+00
[FW-A] iter=207  -trace(H^{-1})=-1.877847e+00
[FW-A] iter=208  -trace(H^{-1})=-1.877618e+00
[FW-A] iter=209  -trace(H^{-1})=-1.877388e+00
[FW-A] iter=210  -trace(H^{-1})=-1.877139e+00
[FW-A] iter=211  -trace(H^{-1})=-1.876937e+00
[FW-A] iter=212  -trace(H^{-1})=-1.876687e+00
[FW-A] iter=213  -trace(H^{-1})=-1.876470e+00
[FW-A] iter=214  -trace(H^{-1})=-1.876251e+00
[FW-A] iter=215  -trace(H^{-1})=-1.876014e+00
[FW-A] iter=216  -trace(H^{-1})=-1.875808e+00
[FW-A] iter=217  -trace(H^{-1})=-1.875612e+00
[FW-A] iter=218  -trace(H^{-1})=-1.875387e+00
[FW-A] iter=219  -trace(H^{-1})=-1.875203e+00
[FW-A] iter=220  -trace(H^{-1})=-1.874977e+00
[FW-A] iter=221  -trace(H^{-1})=-1.874781e+00
[FW-A] iter=222  -trace(H^{-1})=-1.874594e+00
[FW-A] iter=223  -trace(H^{-1})=-1.874379e+00
[FW-A] iter=224  -trace(H^{-1})=-1.874192e+00
[FW-A] iter=225  -trace(H^{-1})=-1.874026e+00
[FW-A] iter=226  -trace(H^{-1})=-1.873821e+00
[FW-A] iter=227  -trace(H^{-1})=-1.873654e+00
[FW-A] iter=228  -trace(H^{-1})=-1.873448e+00
[FW-A] iter=229  -trace(H^{-1})=-1.873270e+00
[FW-A] iter=230  -trace(H^{-1})=-1.873110e+00
[FW-A] iter=231  -trace(H^{-1})=-1.872914e+00
[FW-A] iter=232  -trace(H^{-1})=-1.872745e+00
[FW-A] iter=233  -trace(H^{-1})=-1.872587e+00
[FW-A] iter=234  -trace(H^{-1})=-1.872416e+00
[FW-A] iter=235  -trace(H^{-1})=-1.872263e+00
[FW-A] iter=236  -trace(H^{-1})=-1.872075e+00
[FW-A] iter=237  -trace(H^{-1})=-1.871912e+00
[FW-A] iter=238  -trace(H^{-1})=-1.871776e+00
[FW-A] iter=239  -trace(H^{-1})=-1.871597e+00
[FW-A] iter=240  -trace(H^{-1})=-1.871442e+00
[FW-A] iter=241  -trace(H^{-1})=-1.871297e+00
[FW-A] iter=242  -trace(H^{-1})=-1.871141e+00
[FW-A] iter=243  -trace(H^{-1})=-1.871009e+00
[FW-A] iter=244  -trace(H^{-1})=-1.870837e+00
[FW-A] iter=245  -trace(H^{-1})=-1.870688e+00
[FW-A] iter=246  -trace(H^{-1})=-1.870572e+00
[FW-A] iter=247  -trace(H^{-1})=-1.870408e+00
[FW-A] iter=248  -trace(H^{-1})=-1.870266e+00
[FW-A] iter=249  -trace(H^{-1})=-1.870132e+00
[FW-A] iter=250  -trace(H^{-1})=-1.869988e+00
[FW-A] iter=251  -trace(H^{-1})=-1.869876e+00
[FW-A] iter=252  -trace(H^{-1})=-1.869717e+00
[FW-A] iter=253  -trace(H^{-1})=-1.869581e+00
[FW-A] iter=254  -trace(H^{-1})=-1.869482e+00
[FW-A] iter=255  -trace(H^{-1})=-1.869331e+00
[FW-A] iter=256  -trace(H^{-1})=-1.869201e+00
[FW-A] iter=257  -trace(H^{-1})=-1.869076e+00
[FW-A] iter=258  -trace(H^{-1})=-1.868944e+00
[FW-A] iter=259  -trace(H^{-1})=-1.868848e+00
[FW-A] iter=260  -trace(H^{-1})=-1.868701e+00
[FW-A] iter=261  -trace(H^{-1})=-1.868575e+00
[FW-A] iter=262  -trace(H^{-1})=-1.868479e+00
[FW-A] iter=263  -trace(H^{-1})=-1.868351e+00
[FW-A] iter=264  -trace(H^{-1})=-1.868257e+00
[FW-A] iter=265  -trace(H^{-1})=-1.868115e+00
[FW-A] iter=266  -trace(H^{-1})=-1.867993e+00
[FW-A] iter=267  -trace(H^{-1})=-1.867912e+00
[FW-A] iter=268  -trace(H^{-1})=-1.867777e+00
[FW-A] iter=269  -trace(H^{-1})=-1.867660e+00
[FW-A] iter=270  -trace(H^{-1})=-1.867569e+00
[FW-A] iter=271  -trace(H^{-1})=-1.867451e+00
[FW-A] iter=272  -trace(H^{-1})=-1.867372e+00
[FW-A] iter=273  -trace(H^{-1})=-1.867240e+00
[FW-A] iter=274  -trace(H^{-1})=-1.867127e+00
[FW-A] iter=275  -trace(H^{-1})=-1.867059e+00
[FW-A] iter=276  -trace(H^{-1})=-1.866932e+00
[FW-A] iter=277  -trace(H^{-1})=-1.866825e+00
[FW-A] iter=278  -trace(H^{-1})=-1.866739e+00
[FW-A] iter=279  -trace(H^{-1})=-1.866629e+00
[FW-A] iter=280  -trace(H^{-1})=-1.866562e+00
[FW-A] iter=281  -trace(H^{-1})=-1.866439e+00
[FW-A] iter=282  -trace(H^{-1})=-1.866334e+00
[FW-A] iter=283  -trace(H^{-1})=-1.866246e+00
[FW-A] iter=284  -trace(H^{-1})=-1.866160e+00
[FW-A] iter=285  -trace(H^{-1})=-1.866060e+00
[FW-A] iter=286  -trace(H^{-1})=-1.865979e+00
[FW-A] iter=287  -trace(H^{-1})=-1.865877e+00
[FW-A] iter=288  -trace(H^{-1})=-1.865791e+00
[FW-A] iter=289  -trace(H^{-1})=-1.865706e+00
[FW-A] iter=290  -trace(H^{-1})=-1.865608e+00
[FW-A] iter=291  -trace(H^{-1})=-1.865526e+00
[FW-A] iter=292  -trace(H^{-1})=-1.865451e+00
[FW-A] iter=293  -trace(H^{-1})=-1.865357e+00
[FW-A] iter=294  -trace(H^{-1})=-1.865281e+00
[FW-A] iter=295  -trace(H^{-1})=-1.865185e+00
[FW-A] iter=296  -trace(H^{-1})=-1.865105e+00
[FW-A] iter=297  -trace(H^{-1})=-1.865032e+00
[FW-A] iter=298  -trace(H^{-1})=-1.864940e+00
[FW-A] iter=299  -trace(H^{-1})=-1.864863e+00
  [fw-a] min_eig=7.7805e-01  heldout=1.2714  (2.4s)
[FW-D] Building 720 candidate information matrices...
Building FIM:   0%|          | 0/720 [00:00<?, ?candidate/s]Building FIM:  98%|█████████▊| 704/720 [00:00<00:00, 4857.60candidate/s]Building FIM: 100%|██████████| 720/720 [00:00<00:00, 4954.18candidate/s]
[FW-D] Done. Starting Frank-Wolfe D-optimal (select_k=20)...
[FW-D] Pre-extracting dense blocks (intr_dim=9, num_poses=720)...
[FW-D] Block extraction done. Starting iterations...
[FW-D] iter=  0  logdet=8.230673e+01
[FW-D] iter=  1  logdet=8.565899e+01
[FW-D] iter=  2  logdet=8.291749e+01
[FW-D] iter=  3  logdet=8.134521e+01
[FW-D] iter=  4  logdet=8.131103e+01
[FW-D] iter=  5  logdet=8.094454e+01
[FW-D] iter=  6  logdet=8.081819e+01
[FW-D] iter=  7  logdet=8.068733e+01
[FW-D] iter=  8  logdet=8.090165e+01
[FW-D] iter=  9  logdet=8.135312e+01
[FW-D] iter= 10  logdet=8.143919e+01
[FW-D] iter= 11  logdet=8.142701e+01
[FW-D] iter= 12  logdet=8.146099e+01
[FW-D] iter= 13  logdet=8.202227e+01
[FW-D] iter= 14  logdet=8.250337e+01
[FW-D] iter= 15  logdet=8.231069e+01
[FW-D] iter= 16  logdet=8.261341e+01
[FW-D] iter= 17  logdet=8.257133e+01
[FW-D] iter= 18  logdet=8.253405e+01
[FW-D] iter= 19  logdet=8.268860e+01
[FW-D] iter= 20  logdet=8.268622e+01
[FW-D] iter= 21  logdet=8.260692e+01
[FW-D] iter= 22  logdet=8.262236e+01
[FW-D] iter= 23  logdet=8.256946e+01
[FW-D] iter= 24  logdet=8.249054e+01
[FW-D] iter= 25  logdet=8.238609e+01
[FW-D] iter= 26  logdet=8.242196e+01
[FW-D] iter= 27  logdet=8.240993e+01
[FW-D] iter= 28  logdet=8.243010e+01
[FW-D] iter= 29  logdet=8.229247e+01
[FW-D] iter= 30  logdet=8.209019e+01
[FW-D] iter= 31  logdet=8.212285e+01
[FW-D] iter= 32  logdet=8.209687e+01
[FW-D] iter= 33  logdet=8.206617e+01
[FW-D] iter= 34  logdet=8.203236e+01
[FW-D] iter= 35  logdet=8.196275e+01
[FW-D] iter= 36  logdet=8.183675e+01
[FW-D] iter= 37  logdet=8.217765e+01
[FW-D] iter= 38  logdet=8.245393e+01
[FW-D] iter= 39  logdet=8.269352e+01
[FW-D] iter= 40  logdet=8.290246e+01
[FW-D] iter= 41  logdet=8.308674e+01
[FW-D] iter= 42  logdet=8.325118e+01
[FW-D] iter= 43  logdet=8.340014e+01
[FW-D] iter= 44  logdet=8.353513e+01
[FW-D] iter= 45  logdet=8.365821e+01
[FW-D] iter= 46  logdet=8.377128e+01
[FW-D] iter= 47  logdet=8.387498e+01
[FW-D] iter= 48  logdet=8.396998e+01
[FW-D] iter= 49  logdet=8.405900e+01
[FW-D] iter= 50  logdet=8.414130e+01
[FW-D] iter= 51  logdet=8.421770e+01
[FW-D] iter= 52  logdet=8.428887e+01
[FW-D] iter= 53  logdet=8.435479e+01
[FW-D] iter= 54  logdet=8.441731e+01
[FW-D] iter= 55  logdet=8.447570e+01
[FW-D] iter= 56  logdet=8.453045e+01
[FW-D] iter= 57  logdet=8.458188e+01
[FW-D] iter= 58  logdet=8.462981e+01
[FW-D] iter= 59  logdet=8.467574e+01
[FW-D] iter= 60  logdet=8.471894e+01
[FW-D] iter= 61  logdet=8.475976e+01
[FW-D] iter= 62  logdet=8.479832e+01
[FW-D] iter= 63  logdet=8.483491e+01
[FW-D] iter= 64  logdet=8.486956e+01
[FW-D] iter= 65  logdet=8.490244e+01
[FW-D] iter= 66  logdet=8.493348e+01
[FW-D] iter= 67  logdet=8.496339e+01
[FW-D] iter= 68  logdet=8.499177e+01
[FW-D] iter= 69  logdet=8.501878e+01
[FW-D] iter= 70  logdet=8.504452e+01
[FW-D] iter= 71  logdet=8.506884e+01
[FW-D] iter= 72  logdet=8.509247e+01
[FW-D] iter= 73  logdet=8.511497e+01
[FW-D] iter= 74  logdet=8.513648e+01
[FW-D] iter= 75  logdet=8.515705e+01
[FW-D] iter= 76  logdet=8.517670e+01
[FW-D] iter= 77  logdet=8.519563e+01
[FW-D] iter= 78  logdet=8.521376e+01
[FW-D] iter= 79  logdet=8.523115e+01
[FW-D] iter= 80  logdet=8.524764e+01
[FW-D] iter= 81  logdet=8.526381e+01
[FW-D] iter= 82  logdet=8.527928e+01
[FW-D] iter= 83  logdet=8.529416e+01
[FW-D] iter= 84  logdet=8.530846e+01
[FW-D] iter= 85  logdet=8.532224e+01
[FW-D] iter= 86  logdet=8.533549e+01
[FW-D] iter= 87  logdet=8.534804e+01
[FW-D] iter= 88  logdet=8.536046e+01
[FW-D] iter= 89  logdet=8.537242e+01
[FW-D] iter= 90  logdet=8.538394e+01
[FW-D] iter= 91  logdet=8.539505e+01
[FW-D] iter= 92  logdet=8.540577e+01
[FW-D] iter= 93  logdet=8.541598e+01
[FW-D] iter= 94  logdet=8.542608e+01
[FW-D] iter= 95  logdet=8.543581e+01
[FW-D] iter= 96  logdet=8.544520e+01
[FW-D] iter= 97  logdet=8.545429e+01
[FW-D] iter= 98  logdet=8.546309e+01
[FW-D] iter= 99  logdet=8.547158e+01
[FW-D] iter=100  logdet=8.547976e+01
[FW-D] iter=101  logdet=8.548781e+01
[FW-D] iter=102  logdet=8.549558e+01
[FW-D] iter=103  logdet=8.550313e+01
[FW-D] iter=104  logdet=8.551043e+01
[FW-D] iter=105  logdet=8.551736e+01
[FW-D] iter=106  logdet=8.552431e+01
[FW-D] iter=107  logdet=8.553104e+01
[FW-D] iter=108  logdet=8.553756e+01
[FW-D] iter=109  logdet=8.554388e+01
[FW-D] iter=110  logdet=8.555002e+01
[FW-D] iter=111  logdet=8.555599e+01
[FW-D] iter=112  logdet=8.556178e+01
[FW-D] iter=113  logdet=8.556737e+01
[FW-D] iter=114  logdet=8.557290e+01
[FW-D] iter=115  logdet=8.557826e+01
[FW-D] iter=116  logdet=8.558348e+01
[FW-D] iter=117  logdet=8.558854e+01
[FW-D] iter=118  logdet=8.559341e+01
[FW-D] iter=119  logdet=8.559826e+01
[FW-D] iter=120  logdet=8.560296e+01
[FW-D] iter=121  logdet=8.560755e+01
[FW-D] iter=122  logdet=8.561200e+01
[FW-D] iter=123  logdet=8.561636e+01
[FW-D] iter=124  logdet=8.562060e+01
[FW-D] iter=125  logdet=8.562463e+01
[FW-D] iter=126  logdet=8.562871e+01
[FW-D] iter=127  logdet=8.563268e+01
[FW-D] iter=128  logdet=8.563654e+01
[FW-D] iter=129  logdet=8.564030e+01
[FW-D] iter=130  logdet=8.564397e+01
[FW-D] iter=131  logdet=8.564748e+01
[FW-D] iter=132  logdet=8.565101e+01
[FW-D] iter=133  logdet=8.565445e+01
[FW-D] iter=134  logdet=8.565780e+01
[FW-D] iter=135  logdet=8.566106e+01
[FW-D] iter=136  logdet=8.566426e+01
[FW-D] iter=137  logdet=8.566738e+01
[FW-D] iter=138  logdet=8.567036e+01
[FW-D] iter=139  logdet=8.567338e+01
[FW-D] iter=140  logdet=8.567632e+01
[FW-D] iter=141  logdet=8.567919e+01
[FW-D] iter=142  logdet=8.568200e+01
[FW-D] iter=143  logdet=8.568473e+01
[FW-D] iter=144  logdet=8.568736e+01
[FW-D] iter=145  logdet=8.569001e+01
[FW-D] iter=146  logdet=8.569259e+01
[FW-D] iter=147  logdet=8.569512e+01
[FW-D] iter=148  logdet=8.569758e+01
[FW-D] iter=149  logdet=8.570000e+01
[FW-D] iter=150  logdet=8.570237e+01
[FW-D] iter=151  logdet=8.570463e+01
[FW-D] iter=152  logdet=8.570693e+01
[FW-D] iter=153  logdet=8.570917e+01
[FW-D] iter=154  logdet=8.571137e+01
[FW-D] iter=155  logdet=8.571351e+01
[FW-D] iter=156  logdet=8.571561e+01
[FW-D] iter=157  logdet=8.571762e+01
[FW-D] iter=158  logdet=8.571966e+01
[FW-D] iter=159  logdet=8.572166e+01
[FW-D] iter=160  logdet=8.572361e+01
[FW-D] iter=161  logdet=8.572551e+01
[FW-D] iter=162  logdet=8.572739e+01
[FW-D] iter=163  logdet=8.572922e+01
[FW-D] iter=164  logdet=8.573100e+01
[FW-D] iter=165  logdet=8.573278e+01
[FW-D] iter=166  logdet=8.573453e+01
[FW-D] iter=167  logdet=8.573624e+01
[FW-D] iter=168  logdet=8.573791e+01
[FW-D] iter=169  logdet=8.573954e+01
[FW-D] iter=170  logdet=8.574117e+01
[FW-D] iter=171  logdet=8.574276e+01
[FW-D] iter=172  logdet=8.574432e+01
[FW-D] iter=173  logdet=8.574580e+01
[FW-D] iter=174  logdet=8.574733e+01
[FW-D] iter=175  logdet=8.574882e+01
[FW-D] iter=176  logdet=8.575029e+01
[FW-D] iter=177  logdet=8.575172e+01
[FW-D] iter=178  logdet=8.575313e+01
[FW-D] iter=179  logdet=8.575447e+01
[FW-D] iter=180  logdet=8.575585e+01
[FW-D] iter=181  logdet=8.575720e+01
[FW-D] iter=182  logdet=8.575851e+01
[FW-D] iter=183  logdet=8.575981e+01
[FW-D] iter=184  logdet=8.576108e+01
[FW-D] iter=185  logdet=8.576233e+01
[FW-D] iter=186  logdet=8.576353e+01
[FW-D] iter=187  logdet=8.576476e+01
[FW-D] iter=188  logdet=8.576595e+01
[FW-D] iter=189  logdet=8.576713e+01
[FW-D] iter=190  logdet=8.576828e+01
[FW-D] iter=191  logdet=8.576938e+01
[FW-D] iter=192  logdet=8.577052e+01
[FW-D] iter=193  logdet=8.577162e+01
[FW-D] iter=194  logdet=8.577271e+01
[FW-D] iter=195  logdet=8.577378e+01
[FW-D] iter=196  logdet=8.577483e+01
[FW-D] iter=197  logdet=8.577587e+01
[FW-D] iter=198  logdet=8.577688e+01
[FW-D] iter=199  logdet=8.577786e+01
[FW-D] iter=200  logdet=8.577886e+01
[FW-D] iter=201  logdet=8.577984e+01
[FW-D] iter=202  logdet=8.578080e+01
[FW-D] iter=203  logdet=8.578175e+01
[FW-D] iter=204  logdet=8.578265e+01
[FW-D] iter=205  logdet=8.578358e+01
[FW-D] iter=206  logdet=8.578448e+01
[FW-D] iter=207  logdet=8.578538e+01
[FW-D] iter=208  logdet=8.578626e+01
[FW-D] iter=209  logdet=8.578713e+01
[FW-D] iter=210  logdet=8.578798e+01
[FW-D] iter=211  logdet=8.578882e+01
[FW-D] iter=212  logdet=8.578962e+01
[FW-D] iter=213  logdet=8.579045e+01
[FW-D] iter=214  logdet=8.579126e+01
[FW-D] iter=215  logdet=8.579206e+01
[FW-D] iter=216  logdet=8.579284e+01
[FW-D] iter=217  logdet=8.579360e+01
[FW-D] iter=218  logdet=8.579437e+01
[FW-D] iter=219  logdet=8.579512e+01
[FW-D] iter=220  logdet=8.579586e+01
[FW-D] iter=221  logdet=8.579657e+01
[FW-D] iter=222  logdet=8.579730e+01
[FW-D] iter=223  logdet=8.579801e+01
[FW-D] iter=224  logdet=8.579872e+01
[FW-D] iter=225  logdet=8.579941e+01
[FW-D] iter=226  logdet=8.580009e+01
[FW-D] iter=227  logdet=8.580077e+01
[FW-D] iter=228  logdet=8.580140e+01
[FW-D] iter=229  logdet=8.580207e+01
[FW-D] iter=230  logdet=8.580272e+01
[FW-D] iter=231  logdet=8.580337e+01
[FW-D] iter=232  logdet=8.580400e+01
[FW-D] iter=233  logdet=8.580462e+01
[FW-D] iter=234  logdet=8.580521e+01
[FW-D] iter=235  logdet=8.580583e+01
[FW-D] iter=236  logdet=8.580643e+01
[FW-D] iter=237  logdet=8.580703e+01
[FW-D] iter=238  logdet=8.580761e+01
[FW-D] iter=239  logdet=8.580819e+01
[FW-D] iter=240  logdet=8.580876e+01
[FW-D] iter=241  logdet=8.580929e+01
[FW-D] iter=242  logdet=8.580986e+01
[FW-D] iter=243  logdet=8.581042e+01
[FW-D] iter=244  logdet=8.581096e+01
[FW-D] iter=245  logdet=8.581150e+01
[FW-D] iter=246  logdet=8.581203e+01
[FW-D] iter=247  logdet=8.581253e+01
[FW-D] iter=248  logdet=8.581305e+01
[FW-D] iter=249  logdet=8.581357e+01
[FW-D] iter=250  logdet=8.581407e+01
[FW-D] iter=251  logdet=8.581457e+01
[FW-D] iter=252  logdet=8.581506e+01
[FW-D] iter=253  logdet=8.581555e+01
[FW-D] iter=254  logdet=8.581600e+01
[FW-D] iter=255  logdet=8.581649e+01
[FW-D] iter=256  logdet=8.581696e+01
[FW-D] iter=257  logdet=8.581743e+01
[FW-D] iter=258  logdet=8.581789e+01
[FW-D] iter=259  logdet=8.581834e+01
[FW-D] iter=260  logdet=8.581877e+01
[FW-D] iter=261  logdet=8.581922e+01
[FW-D] iter=262  logdet=8.581966e+01
[FW-D] iter=263  logdet=8.582009e+01
[FW-D] iter=264  logdet=8.582052e+01
[FW-D] iter=265  logdet=8.582094e+01
[FW-D] iter=266  logdet=8.582136e+01
[FW-D] iter=267  logdet=8.582176e+01
[FW-D] iter=268  logdet=8.582217e+01
[FW-D] iter=269  logdet=8.582258e+01
[FW-D] iter=270  logdet=8.582298e+01
[FW-D] iter=271  logdet=8.582338e+01
[FW-D] iter=272  logdet=8.582377e+01
[FW-D] iter=273  logdet=8.582413e+01
[FW-D] iter=274  logdet=8.582452e+01
[FW-D] iter=275  logdet=8.582490e+01
[FW-D] iter=276  logdet=8.582528e+01
[FW-D] iter=277  logdet=8.582565e+01
[FW-D] iter=278  logdet=8.582602e+01
[FW-D] iter=279  logdet=8.582637e+01
[FW-D] iter=280  logdet=8.582674e+01
[FW-D] iter=281  logdet=8.582709e+01
[FW-D] iter=282  logdet=8.582744e+01
[FW-D] iter=283  logdet=8.582777e+01
[FW-D] iter=284  logdet=8.582812e+01
[FW-D] iter=285  logdet=8.582846e+01
[FW-D] iter=286  logdet=8.582880e+01
[FW-D] iter=287  logdet=8.582913e+01
[FW-D] iter=288  logdet=8.582946e+01
[FW-D] iter=289  logdet=8.582979e+01
[FW-D] iter=290  logdet=8.583009e+01
[FW-D] iter=291  logdet=8.583042e+01
[FW-D] iter=292  logdet=8.583074e+01
[FW-D] iter=293  logdet=8.583105e+01
[FW-D] iter=294  logdet=8.583136e+01
[FW-D] iter=295  logdet=8.583166e+01
[FW-D] iter=296  logdet=8.583195e+01
[FW-D] iter=297  logdet=8.583226e+01
[FW-D] iter=298  logdet=8.583256e+01
[FW-D] iter=299  logdet=8.583285e+01
  [fw-d] min_eig=7.5077e-01  heldout=1.3424  (2.4s)

============================================================
K = 30  (held-out = 690 frames)
  [random] 25 trials...
  [coverage] min_eig=5.1772e-01  heldout=1.7119  (0.0s)
  [a-optimal] min_eig=1.1623e+00  heldout=1.2631  (7.7s)
  [d-optimal] min_eig=1.0767e+00  heldout=1.0591  (7.3s)
  [greedy-e] min_eig=1.1785e+00  heldout=1.2147  (7.7s)
[FW] Building 720 candidate information matrices...
Building FIM:   0%|          | 0/720 [00:00<?, ?candidate/s]Building FIM:  98%|█████████▊| 704/720 [00:00<00:00, 5317.24candidate/s]Building FIM: 100%|██████████| 720/720 [00:00<00:00, 5401.98candidate/s]
[FW] Done. Starting Frank-Wolfe optimization (select_k=30)...
[FW] Pre-extracting dense blocks (intr_dim=9, num_poses=720)...
[FW] Block extraction done. Starting iterations...
[FW] iter=  0  min_eig=5.986908e-01
[FW] iter=  1  min_eig=6.358011e-01
[FW] iter=  2  min_eig=3.675347e-01
[FW] iter=  3  min_eig=5.532326e-01
[FW] iter=  4  min_eig=5.592613e-01
[FW] iter=  5  min_eig=4.489390e-01
[FW] iter=  6  min_eig=3.873338e-01
[FW] iter=  7  min_eig=3.673036e-01
[FW] iter=  8  min_eig=3.804831e-01
[FW] iter=  9  min_eig=3.564467e-01
[FW] iter= 10  min_eig=6.070095e-01
[FW] iter= 11  min_eig=5.617649e-01
[FW] iter= 12  min_eig=5.464776e-01
[FW] iter= 13  min_eig=5.727132e-01
[FW] iter= 14  min_eig=6.338592e-01
[FW] iter= 15  min_eig=6.026038e-01
[FW] iter= 16  min_eig=5.662669e-01
[FW] iter= 17  min_eig=5.754825e-01
[FW] iter= 18  min_eig=5.734112e-01
[FW] iter= 19  min_eig=6.267835e-01
[FW] iter= 20  min_eig=6.079340e-01
[FW] iter= 21  min_eig=5.642635e-01
[FW] iter= 22  min_eig=5.730331e-01
[FW] iter= 23  min_eig=5.546433e-01
[FW] iter= 24  min_eig=5.445942e-01
[FW] iter= 25  min_eig=6.125793e-01
[FW] iter= 26  min_eig=6.515000e-01
[FW] iter= 27  min_eig=6.878439e-01
[FW] iter= 28  min_eig=7.242445e-01
[FW] iter= 29  min_eig=7.551233e-01
[FW] iter= 30  min_eig=7.834325e-01
[FW] iter= 31  min_eig=8.078323e-01
[FW] iter= 32  min_eig=8.316874e-01
[FW] iter= 33  min_eig=8.524970e-01
[FW] iter= 34  min_eig=8.722211e-01
[FW] iter= 35  min_eig=8.891867e-01
[FW] iter= 36  min_eig=9.057846e-01
[FW] iter= 37  min_eig=9.205128e-01
[FW] iter= 38  min_eig=9.346224e-01
[FW] iter= 39  min_eig=9.468179e-01
[FW] iter= 40  min_eig=9.591942e-01
[FW] iter= 41  min_eig=9.702628e-01
[FW] iter= 42  min_eig=9.802258e-01
[FW] iter= 43  min_eig=9.899877e-01
[FW] iter= 44  min_eig=9.986556e-01
[FW] iter= 45  min_eig=1.007131e+00
[FW] iter= 46  min_eig=1.014622e+00
[FW] iter= 47  min_eig=1.022120e+00
[FW] iter= 48  min_eig=1.028946e+00
[FW] iter= 49  min_eig=1.035344e+00
[FW] iter= 50  min_eig=1.041625e+00
[FW] iter= 51  min_eig=1.047356e+00
[FW] iter= 52  min_eig=1.052574e+00
[FW] iter= 53  min_eig=1.057755e+00
[FW] iter= 54  min_eig=1.062339e+00
[FW] iter= 55  min_eig=1.067018e+00
[FW] iter= 56  min_eig=1.071317e+00
[FW] iter= 57  min_eig=1.075357e+00
[FW] iter= 58  min_eig=1.079406e+00
[FW] iter= 59  min_eig=1.083115e+00
[FW] iter= 60  min_eig=1.086479e+00
[FW] iter= 61  min_eig=1.089999e+00
[FW] iter= 62  min_eig=1.093225e+00
[FW] iter= 63  min_eig=1.096145e+00
[FW] iter= 64  min_eig=1.099181e+00
[FW] iter= 65  min_eig=1.101966e+00
[FW] iter= 66  min_eig=1.104449e+00
[FW] iter= 67  min_eig=1.107128e+00
[FW] iter= 68  min_eig=1.109586e+00
[FW] iter= 69  min_eig=1.111819e+00
[FW] iter= 70  min_eig=1.114132e+00
[FW] iter= 71  min_eig=1.116212e+00
[FW] iter= 72  min_eig=1.118179e+00
[FW] iter= 73  min_eig=1.120234e+00
[FW] iter= 74  min_eig=1.122120e+00
[FW] iter= 75  min_eig=1.123807e+00
[FW] iter= 76  min_eig=1.125653e+00
[FW] iter= 77  min_eig=1.127348e+00
[FW] iter= 78  min_eig=1.128893e+00
[FW] iter= 79  min_eig=1.130509e+00
[FW] iter= 80  min_eig=1.131991e+00
[FW] iter= 81  min_eig=1.133329e+00
[FW] iter= 82  min_eig=1.134796e+00
[FW] iter= 83  min_eig=1.136142e+00
[FW] iter= 84  min_eig=1.137378e+00
[FW] iter= 85  min_eig=1.138672e+00
[FW] iter= 86  min_eig=1.139858e+00
[FW] iter= 87  min_eig=1.140937e+00
[FW] iter= 88  min_eig=1.142122e+00
[FW] iter= 89  min_eig=1.143190e+00
[FW] iter= 90  min_eig=1.144217e+00
[FW] iter= 91  min_eig=1.145259e+00
[FW] iter= 92  min_eig=1.146174e+00
[FW] iter= 93  min_eig=1.147185e+00
[FW] iter= 94  min_eig=1.148110e+00
[FW] iter= 95  min_eig=1.148901e+00
[FW] iter= 96  min_eig=1.149836e+00
[FW] iter= 97  min_eig=1.150692e+00
[FW] iter= 98  min_eig=1.151449e+00
[FW] iter= 99  min_eig=1.152284e+00
[FW] iter=100  min_eig=1.153047e+00
[FW] iter=101  min_eig=1.153741e+00
[FW] iter=102  min_eig=1.154500e+00
[FW] iter=103  min_eig=1.155193e+00
[FW] iter=104  min_eig=1.155810e+00
[FW] iter=105  min_eig=1.156520e+00
[FW] iter=106  min_eig=1.157168e+00
[FW] iter=107  min_eig=1.157758e+00
[FW] iter=108  min_eig=1.158396e+00
[FW] iter=109  min_eig=1.158977e+00
[FW] iter=110  min_eig=1.159499e+00
[FW] iter=111  min_eig=1.160098e+00
[FW] iter=112  min_eig=1.160628e+00
[FW] iter=113  min_eig=1.161144e+00
[FW] iter=114  min_eig=1.161678e+00
[FW] iter=115  min_eig=1.162167e+00
[FW] iter=116  min_eig=1.162674e+00
[FW] iter=117  min_eig=1.163110e+00
[FW] iter=118  min_eig=1.163612e+00
[FW] iter=119  min_eig=1.164068e+00
[FW] iter=120  min_eig=1.164489e+00
[FW] iter=121  min_eig=1.164944e+00
[FW] iter=122  min_eig=1.165356e+00
[FW] iter=123  min_eig=1.165729e+00
[FW] iter=124  min_eig=1.166161e+00
[FW] iter=125  min_eig=1.166552e+00
[FW] iter=126  min_eig=1.166903e+00
[FW] iter=127  min_eig=1.167302e+00
[FW] iter=128  min_eig=1.167663e+00
[FW] iter=129  min_eig=1.167977e+00
[FW] iter=130  min_eig=1.168357e+00
[FW] iter=131  min_eig=1.168702e+00
[FW] iter=132  min_eig=1.169012e+00
[FW] iter=133  min_eig=1.169358e+00
[FW] iter=134  min_eig=1.169670e+00
[FW] iter=135  min_eig=1.169964e+00
[FW] iter=136  min_eig=1.170286e+00
[FW] iter=137  min_eig=1.170575e+00
[FW] iter=138  min_eig=1.170839e+00
[FW] iter=139  min_eig=1.171147e+00
[FW] iter=140  min_eig=1.171425e+00
[FW] iter=141  min_eig=1.171685e+00
[FW] iter=142  min_eig=1.171966e+00
[FW] iter=143  min_eig=1.172209e+00
[FW] iter=144  min_eig=1.172454e+00
[FW] iter=145  min_eig=1.172721e+00
[FW] iter=146  min_eig=1.172961e+00
[FW] iter=147  min_eig=1.173179e+00
[FW] iter=148  min_eig=1.173437e+00
[FW] iter=149  min_eig=1.173669e+00
[FW] iter=150  min_eig=1.173885e+00
[FW] iter=151  min_eig=1.174121e+00
[FW] iter=152  min_eig=1.174332e+00
[FW] iter=153  min_eig=1.174525e+00
[FW] iter=154  min_eig=1.174753e+00
[FW] iter=155  min_eig=1.174957e+00
[FW] iter=156  min_eig=1.175150e+00
[FW] iter=157  min_eig=1.175358e+00
[FW] iter=158  min_eig=1.175544e+00
[FW] iter=159  min_eig=1.175717e+00
[FW] iter=160  min_eig=1.175919e+00
[FW] iter=161  min_eig=1.176094e+00
[FW] iter=162  min_eig=1.176257e+00
[FW] iter=163  min_eig=1.176452e+00
[FW] iter=164  min_eig=1.176625e+00
[FW] iter=165  min_eig=1.176789e+00
[FW] iter=166  min_eig=1.176966e+00
[FW] iter=167  min_eig=1.177125e+00
[FW] iter=168  min_eig=1.177270e+00
[FW] iter=169  min_eig=1.177444e+00
[FW] iter=170  min_eig=1.177598e+00
[FW] iter=171  min_eig=1.177745e+00
[FW] iter=172  min_eig=1.177904e+00
[FW] iter=173  min_eig=1.178045e+00
[FW] iter=174  min_eig=1.178176e+00
[FW] iter=175  min_eig=1.178332e+00
[FW] iter=176  min_eig=1.178470e+00
[FW] iter=177  min_eig=1.178598e+00
[FW] iter=178  min_eig=1.178745e+00
[FW] iter=179  min_eig=1.178874e+00
[FW] iter=180  min_eig=1.178987e+00
[FW] iter=181  min_eig=1.179130e+00
[FW] iter=182  min_eig=1.179258e+00
[FW] iter=183  min_eig=1.179368e+00
[FW] iter=184  min_eig=1.179503e+00
[FW] iter=185  min_eig=1.179623e+00
[FW] iter=186  min_eig=1.179738e+00
[FW] iter=187  min_eig=1.179862e+00
[FW] iter=188  min_eig=1.179972e+00
[FW] iter=189  min_eig=1.180073e+00
[FW] iter=190  min_eig=1.180196e+00
[FW] iter=191  min_eig=1.180304e+00
[FW] iter=192  min_eig=1.180403e+00
[FW] iter=193  min_eig=1.180519e+00
[FW] iter=194  min_eig=1.180620e+00
[FW] iter=195  min_eig=1.180708e+00
[FW] iter=196  min_eig=1.180822e+00
[FW] iter=197  min_eig=1.180922e+00
[FW] iter=198  min_eig=1.181015e+00
[FW] iter=199  min_eig=1.181120e+00
[FW] iter=200  min_eig=1.181211e+00
[FW] iter=201  min_eig=1.181302e+00
[FW] iter=202  min_eig=1.181401e+00
[FW] iter=203  min_eig=1.181488e+00
[FW] iter=204  min_eig=1.181584e+00
[FW] iter=205  min_eig=1.181668e+00
[FW] iter=206  min_eig=1.181761e+00
[FW] iter=207  min_eig=1.181843e+00
[FW] iter=208  min_eig=1.181932e+00
[FW] iter=209  min_eig=1.182009e+00
[FW] iter=210  min_eig=1.182088e+00
[FW] iter=211  min_eig=1.182176e+00
[FW] iter=212  min_eig=1.182253e+00
[FW] iter=213  min_eig=1.182337e+00
[FW] iter=214  min_eig=1.182412e+00
[FW] iter=215  min_eig=1.182494e+00
[FW] iter=216  min_eig=1.182558e+00
[FW] iter=217  min_eig=1.182644e+00
[FW] iter=218  min_eig=1.182719e+00
[FW] iter=219  min_eig=1.182786e+00
[FW] iter=220  min_eig=1.182864e+00
[FW] iter=221  min_eig=1.182933e+00
[FW] iter=222  min_eig=1.182990e+00
[FW] iter=223  min_eig=1.183069e+00
[FW] iter=224  min_eig=1.183137e+00
[FW] iter=225  min_eig=1.183195e+00
[FW] iter=226  min_eig=1.183270e+00
[FW] iter=227  min_eig=1.183334e+00
[FW] iter=228  min_eig=1.183396e+00
[FW] iter=229  min_eig=1.183465e+00
[FW] iter=230  min_eig=1.183524e+00
[FW] iter=231  min_eig=1.183577e+00
[FW] iter=232  min_eig=1.183646e+00
[FW] iter=233  min_eig=1.183705e+00
[FW] iter=234  min_eig=1.183760e+00
[FW] iter=235  min_eig=1.183825e+00
[FW] iter=236  min_eig=1.183881e+00
[FW] iter=237  min_eig=1.183938e+00
[FW] iter=238  min_eig=1.183998e+00
[FW] iter=239  min_eig=1.184045e+00
[FW] iter=240  min_eig=1.184109e+00
[FW] iter=241  min_eig=1.184163e+00
[FW] iter=242  min_eig=1.184210e+00
[FW] iter=243  min_eig=1.184270e+00
[FW] iter=244  min_eig=1.184322e+00
[FW] iter=245  min_eig=1.184372e+00
[FW] iter=246  min_eig=1.184427e+00
[FW] iter=247  min_eig=1.184475e+00
[FW] iter=248  min_eig=1.184529e+00
[FW] iter=249  min_eig=1.184575e+00
[FW] iter=250  min_eig=1.184627e+00
[FW] iter=251  min_eig=1.184670e+00
[FW] iter=252  min_eig=1.184719e+00
[FW] iter=253  min_eig=1.184761e+00
[FW] iter=254  min_eig=1.184814e+00
[FW] iter=255  min_eig=1.184860e+00
[FW] iter=256  min_eig=1.184904e+00
[FW] iter=257  min_eig=1.184953e+00
[FW] iter=258  min_eig=1.184995e+00
[FW] iter=259  min_eig=1.185042e+00
[FW] iter=260  min_eig=1.185078e+00
[FW] iter=261  min_eig=1.185128e+00
[FW] iter=262  min_eig=1.185171e+00
[FW] iter=263  min_eig=1.185209e+00
[FW] iter=264  min_eig=1.185256e+00
[FW] iter=265  min_eig=1.185295e+00
[FW] iter=266  min_eig=1.185332e+00
[FW] iter=267  min_eig=1.185377e+00
[FW] iter=268  min_eig=1.185414e+00
[FW] iter=269  min_eig=1.185446e+00
[FW] iter=270  min_eig=1.185491e+00
[FW] iter=271  min_eig=1.185529e+00
[FW] iter=272  min_eig=1.185565e+00
[FW] iter=273  min_eig=1.185606e+00
[FW] iter=274  min_eig=1.185640e+00
[FW] iter=275  min_eig=1.185676e+00
[FW] iter=276  min_eig=1.185716e+00
[FW] iter=277  min_eig=1.185745e+00
[FW] iter=278  min_eig=1.185787e+00
[FW] iter=279  min_eig=1.185822e+00
[FW] iter=280  min_eig=1.185854e+00
[FW] iter=281  min_eig=1.185892e+00
[FW] iter=282  min_eig=1.185925e+00
[FW] iter=283  min_eig=1.185956e+00
[FW] iter=284  min_eig=1.185993e+00
[FW] iter=285  min_eig=1.186024e+00
[FW] iter=286  min_eig=1.186051e+00
[FW] iter=287  min_eig=1.186088e+00
[FW] iter=288  min_eig=1.186119e+00
[FW] iter=289  min_eig=1.186149e+00
[FW] iter=290  min_eig=1.186183e+00
[FW] iter=291  min_eig=1.186210e+00
[FW] iter=292  min_eig=1.186239e+00
[FW] iter=293  min_eig=1.186264e+00
[FW] iter=294  min_eig=1.186300e+00
[FW] iter=295  min_eig=1.186329e+00
[FW] iter=296  min_eig=1.186358e+00
[FW] iter=297  min_eig=1.186390e+00
[FW] iter=298  min_eig=1.186417e+00
[FW] iter=299  min_eig=1.186440e+00
  [fw-e] min_eig=1.1833e+00  heldout=1.4675  (2.4s)
[FW-A] Building 720 candidate information matrices...
Building FIM:   0%|          | 0/720 [00:00<?, ?candidate/s]Building FIM:  62%|██████▏   | 448/720 [00:00<00:00, 3798.43candidate/s]Building FIM: 100%|██████████| 720/720 [00:00<00:00, 4664.58candidate/s]
[FW-A] Done. Starting Frank-Wolfe A-optimal (select_k=30)...
[FW-A] Pre-extracting dense blocks (intr_dim=9, num_poses=720)...
[FW-A] Block extraction done. Starting iterations...
[FW-A] iter=  0  -trace(H^{-1})=-2.239819e+00
[FW-A] iter=  1  -trace(H^{-1})=-2.886809e+00
[FW-A] iter=  2  -trace(H^{-1})=-3.410890e+00
[FW-A] iter=  3  -trace(H^{-1})=-2.580084e+00
[FW-A] iter=  4  -trace(H^{-1})=-2.407338e+00
[FW-A] iter=  5  -trace(H^{-1})=-2.690801e+00
[FW-A] iter=  6  -trace(H^{-1})=-2.980867e+00
[FW-A] iter=  7  -trace(H^{-1})=-3.070976e+00
[FW-A] iter=  8  -trace(H^{-1})=-3.067194e+00
[FW-A] iter=  9  -trace(H^{-1})=-3.202403e+00
[FW-A] iter= 10  -trace(H^{-1})=-2.404160e+00
[FW-A] iter= 11  -trace(H^{-1})=-2.573408e+00
[FW-A] iter= 12  -trace(H^{-1})=-2.564995e+00
[FW-A] iter= 13  -trace(H^{-1})=-2.563604e+00
[FW-A] iter= 14  -trace(H^{-1})=-2.248579e+00
[FW-A] iter= 15  -trace(H^{-1})=-2.274995e+00
[FW-A] iter= 16  -trace(H^{-1})=-2.413451e+00
[FW-A] iter= 17  -trace(H^{-1})=-2.352789e+00
[FW-A] iter= 18  -trace(H^{-1})=-2.280286e+00
[FW-A] iter= 19  -trace(H^{-1})=-2.145222e+00
[FW-A] iter= 20  -trace(H^{-1})=-2.203723e+00
[FW-A] iter= 21  -trace(H^{-1})=-2.328135e+00
[FW-A] iter= 22  -trace(H^{-1})=-2.296653e+00
[FW-A] iter= 23  -trace(H^{-1})=-2.341111e+00
[FW-A] iter= 24  -trace(H^{-1})=-2.367849e+00
[FW-A] iter= 25  -trace(H^{-1})=-2.217734e+00
[FW-A] iter= 26  -trace(H^{-1})=-2.082661e+00
[FW-A] iter= 27  -trace(H^{-1})=-1.995027e+00
[FW-A] iter= 28  -trace(H^{-1})=-1.922892e+00
[FW-A] iter= 29  -trace(H^{-1})=-1.853678e+00
[FW-A] iter= 30  -trace(H^{-1})=-1.798375e+00
[FW-A] iter= 31  -trace(H^{-1})=-1.752770e+00
[FW-A] iter= 32  -trace(H^{-1})=-1.715541e+00
[FW-A] iter= 33  -trace(H^{-1})=-1.680656e+00
[FW-A] iter= 34  -trace(H^{-1})=-1.652818e+00
[FW-A] iter= 35  -trace(H^{-1})=-1.625939e+00
[FW-A] iter= 36  -trace(H^{-1})=-1.602203e+00
[FW-A] iter= 37  -trace(H^{-1})=-1.582564e+00
[FW-A] iter= 38  -trace(H^{-1})=-1.562269e+00
[FW-A] iter= 39  -trace(H^{-1})=-1.544668e+00
[FW-A] iter= 40  -trace(H^{-1})=-1.528725e+00
[FW-A] iter= 41  -trace(H^{-1})=-1.514568e+00
[FW-A] iter= 42  -trace(H^{-1})=-1.501375e+00
[FW-A] iter= 43  -trace(H^{-1})=-1.489454e+00
[FW-A] iter= 44  -trace(H^{-1})=-1.479163e+00
[FW-A] iter= 45  -trace(H^{-1})=-1.469762e+00
[FW-A] iter= 46  -trace(H^{-1})=-1.460164e+00
[FW-A] iter= 47  -trace(H^{-1})=-1.451456e+00
[FW-A] iter= 48  -trace(H^{-1})=-1.443290e+00
[FW-A] iter= 49  -trace(H^{-1})=-1.435777e+00
[FW-A] iter= 50  -trace(H^{-1})=-1.428873e+00
[FW-A] iter= 51  -trace(H^{-1})=-1.422751e+00
[FW-A] iter= 52  -trace(H^{-1})=-1.417306e+00
[FW-A] iter= 53  -trace(H^{-1})=-1.411411e+00
[FW-A] iter= 54  -trace(H^{-1})=-1.406051e+00
[FW-A] iter= 55  -trace(H^{-1})=-1.400972e+00
[FW-A] iter= 56  -trace(H^{-1})=-1.396228e+00
[FW-A] iter= 57  -trace(H^{-1})=-1.391841e+00
[FW-A] iter= 58  -trace(H^{-1})=-1.387904e+00
[FW-A] iter= 59  -trace(H^{-1})=-1.384496e+00
[FW-A] iter= 60  -trace(H^{-1})=-1.380578e+00
[FW-A] iter= 61  -trace(H^{-1})=-1.377014e+00
[FW-A] iter= 62  -trace(H^{-1})=-1.373617e+00
[FW-A] iter= 63  -trace(H^{-1})=-1.370405e+00
[FW-A] iter= 64  -trace(H^{-1})=-1.367428e+00
[FW-A] iter= 65  -trace(H^{-1})=-1.364556e+00
[FW-A] iter= 66  -trace(H^{-1})=-1.361831e+00
[FW-A] iter= 67  -trace(H^{-1})=-1.359228e+00
[FW-A] iter= 68  -trace(H^{-1})=-1.356731e+00
[FW-A] iter= 69  -trace(H^{-1})=-1.354556e+00
[FW-A] iter= 70  -trace(H^{-1})=-1.352238e+00
[FW-A] iter= 71  -trace(H^{-1})=-1.350076e+00
[FW-A] iter= 72  -trace(H^{-1})=-1.348037e+00
[FW-A] iter= 73  -trace(H^{-1})=-1.346098e+00
[FW-A] iter= 74  -trace(H^{-1})=-1.344225e+00
[FW-A] iter= 75  -trace(H^{-1})=-1.342404e+00
[FW-A] iter= 76  -trace(H^{-1})=-1.340668e+00
[FW-A] iter= 77  -trace(H^{-1})=-1.339203e+00
[FW-A] iter= 78  -trace(H^{-1})=-1.337872e+00
[FW-A] iter= 79  -trace(H^{-1})=-1.336309e+00
[FW-A] iter= 80  -trace(H^{-1})=-1.334811e+00
[FW-A] iter= 81  -trace(H^{-1})=-1.333353e+00
[FW-A] iter= 82  -trace(H^{-1})=-1.331979e+00
[FW-A] iter= 83  -trace(H^{-1})=-1.330659e+00
[FW-A] iter= 84  -trace(H^{-1})=-1.329531e+00
[FW-A] iter= 85  -trace(H^{-1})=-1.328273e+00
[FW-A] iter= 86  -trace(H^{-1})=-1.327097e+00
[FW-A] iter= 87  -trace(H^{-1})=-1.325973e+00
[FW-A] iter= 88  -trace(H^{-1})=-1.324910e+00
[FW-A] iter= 89  -trace(H^{-1})=-1.323871e+00
[FW-A] iter= 90  -trace(H^{-1})=-1.322837e+00
[FW-A] iter= 91  -trace(H^{-1})=-1.321853e+00
[FW-A] iter= 92  -trace(H^{-1})=-1.320922e+00
[FW-A] iter= 93  -trace(H^{-1})=-1.320009e+00
[FW-A] iter= 94  -trace(H^{-1})=-1.319104e+00
[FW-A] iter= 95  -trace(H^{-1})=-1.318219e+00
[FW-A] iter= 96  -trace(H^{-1})=-1.317394e+00
[FW-A] iter= 97  -trace(H^{-1})=-1.316591e+00
[FW-A] iter= 98  -trace(H^{-1})=-1.315844e+00
[FW-A] iter= 99  -trace(H^{-1})=-1.315108e+00
[FW-A] iter=100  -trace(H^{-1})=-1.314359e+00
[FW-A] iter=101  -trace(H^{-1})=-1.313654e+00
[FW-A] iter=102  -trace(H^{-1})=-1.312977e+00
[FW-A] iter=103  -trace(H^{-1})=-1.312321e+00
[FW-A] iter=104  -trace(H^{-1})=-1.311664e+00
[FW-A] iter=105  -trace(H^{-1})=-1.311012e+00
[FW-A] iter=106  -trace(H^{-1})=-1.310411e+00
[FW-A] iter=107  -trace(H^{-1})=-1.309815e+00
[FW-A] iter=108  -trace(H^{-1})=-1.309271e+00
[FW-A] iter=109  -trace(H^{-1})=-1.308747e+00
[FW-A] iter=110  -trace(H^{-1})=-1.308208e+00
[FW-A] iter=111  -trace(H^{-1})=-1.307692e+00
[FW-A] iter=112  -trace(H^{-1})=-1.307171e+00
[FW-A] iter=113  -trace(H^{-1})=-1.306666e+00
[FW-A] iter=114  -trace(H^{-1})=-1.306169e+00
[FW-A] iter=115  -trace(H^{-1})=-1.305689e+00
[FW-A] iter=116  -trace(H^{-1})=-1.305258e+00
[FW-A] iter=117  -trace(H^{-1})=-1.304843e+00
[FW-A] iter=118  -trace(H^{-1})=-1.304391e+00
[FW-A] iter=119  -trace(H^{-1})=-1.304024e+00
[FW-A] iter=120  -trace(H^{-1})=-1.303614e+00
[FW-A] iter=121  -trace(H^{-1})=-1.303198e+00
[FW-A] iter=122  -trace(H^{-1})=-1.302803e+00
[FW-A] iter=123  -trace(H^{-1})=-1.302427e+00
[FW-A] iter=124  -trace(H^{-1})=-1.302047e+00
[FW-A] iter=125  -trace(H^{-1})=-1.301673e+00
[FW-A] iter=126  -trace(H^{-1})=-1.301308e+00
[FW-A] iter=127  -trace(H^{-1})=-1.300952e+00
[FW-A] iter=128  -trace(H^{-1})=-1.300636e+00
[FW-A] iter=129  -trace(H^{-1})=-1.300293e+00
[FW-A] iter=130  -trace(H^{-1})=-1.299951e+00
[FW-A] iter=131  -trace(H^{-1})=-1.299628e+00
[FW-A] iter=132  -trace(H^{-1})=-1.299312e+00
[FW-A] iter=133  -trace(H^{-1})=-1.299006e+00
[FW-A] iter=134  -trace(H^{-1})=-1.298727e+00
[FW-A] iter=135  -trace(H^{-1})=-1.298432e+00
[FW-A] iter=136  -trace(H^{-1})=-1.298134e+00
[FW-A] iter=137  -trace(H^{-1})=-1.297854e+00
[FW-A] iter=138  -trace(H^{-1})=-1.297579e+00
[FW-A] iter=139  -trace(H^{-1})=-1.297314e+00
[FW-A] iter=140  -trace(H^{-1})=-1.297067e+00
[FW-A] iter=141  -trace(H^{-1})=-1.296810e+00
[FW-A] iter=142  -trace(H^{-1})=-1.296550e+00
[FW-A] iter=143  -trace(H^{-1})=-1.296306e+00
[FW-A] iter=144  -trace(H^{-1})=-1.296065e+00
[FW-A] iter=145  -trace(H^{-1})=-1.295834e+00
[FW-A] iter=146  -trace(H^{-1})=-1.295641e+00
[FW-A] iter=147  -trace(H^{-1})=-1.295429e+00
[FW-A] iter=148  -trace(H^{-1})=-1.295215e+00
[FW-A] iter=149  -trace(H^{-1})=-1.294997e+00
[FW-A] iter=150  -trace(H^{-1})=-1.294829e+00
[FW-A] iter=151  -trace(H^{-1})=-1.294626e+00
[FW-A] iter=152  -trace(H^{-1})=-1.294422e+00
[FW-A] iter=153  -trace(H^{-1})=-1.294221e+00
[FW-A] iter=154  -trace(H^{-1})=-1.294039e+00
[FW-A] iter=155  -trace(H^{-1})=-1.293843e+00
[FW-A] iter=156  -trace(H^{-1})=-1.293647e+00
[FW-A] iter=157  -trace(H^{-1})=-1.293462e+00
[FW-A] iter=158  -trace(H^{-1})=-1.293281e+00
[FW-A] iter=159  -trace(H^{-1})=-1.293104e+00
[FW-A] iter=160  -trace(H^{-1})=-1.292938e+00
[FW-A] iter=161  -trace(H^{-1})=-1.292766e+00
[FW-A] iter=162  -trace(H^{-1})=-1.292591e+00
[FW-A] iter=163  -trace(H^{-1})=-1.292427e+00
[FW-A] iter=164  -trace(H^{-1})=-1.292266e+00
[FW-A] iter=165  -trace(H^{-1})=-1.292109e+00
[FW-A] iter=166  -trace(H^{-1})=-1.291979e+00
[FW-A] iter=167  -trace(H^{-1})=-1.291823e+00
[FW-A] iter=168  -trace(H^{-1})=-1.291672e+00
[FW-A] iter=169  -trace(H^{-1})=-1.291526e+00
[FW-A] iter=170  -trace(H^{-1})=-1.291386e+00
[FW-A] iter=171  -trace(H^{-1})=-1.291243e+00
[FW-A] iter=172  -trace(H^{-1})=-1.291132e+00
[FW-A] iter=173  -trace(H^{-1})=-1.290992e+00
[FW-A] iter=174  -trace(H^{-1})=-1.290852e+00
[FW-A] iter=175  -trace(H^{-1})=-1.290718e+00
[FW-A] iter=176  -trace(H^{-1})=-1.290588e+00
[FW-A] iter=177  -trace(H^{-1})=-1.290460e+00
[FW-A] iter=178  -trace(H^{-1})=-1.290359e+00
[FW-A] iter=179  -trace(H^{-1})=-1.290228e+00
[FW-A] iter=180  -trace(H^{-1})=-1.290100e+00
[FW-A] iter=181  -trace(H^{-1})=-1.289976e+00
[FW-A] iter=182  -trace(H^{-1})=-1.289854e+00
[FW-A] iter=183  -trace(H^{-1})=-1.289740e+00
[FW-A] iter=184  -trace(H^{-1})=-1.289629e+00
[FW-A] iter=185  -trace(H^{-1})=-1.289528e+00
[FW-A] iter=186  -trace(H^{-1})=-1.289416e+00
[FW-A] iter=187  -trace(H^{-1})=-1.289300e+00
[FW-A] iter=188  -trace(H^{-1})=-1.289196e+00
[FW-A] iter=189  -trace(H^{-1})=-1.289089e+00
[FW-A] iter=190  -trace(H^{-1})=-1.288987e+00
[FW-A] iter=191  -trace(H^{-1})=-1.288891e+00
[FW-A] iter=192  -trace(H^{-1})=-1.288795e+00
[FW-A] iter=193  -trace(H^{-1})=-1.288694e+00
[FW-A] iter=194  -trace(H^{-1})=-1.288593e+00
[FW-A] iter=195  -trace(H^{-1})=-1.288500e+00
[FW-A] iter=196  -trace(H^{-1})=-1.288407e+00
[FW-A] iter=197  -trace(H^{-1})=-1.288324e+00
[FW-A] iter=198  -trace(H^{-1})=-1.288232e+00
[FW-A] iter=199  -trace(H^{-1})=-1.288140e+00
[FW-A] iter=200  -trace(H^{-1})=-1.288049e+00
[FW-A] iter=201  -trace(H^{-1})=-1.287960e+00
[FW-A] iter=202  -trace(H^{-1})=-1.287876e+00
[FW-A] iter=203  -trace(H^{-1})=-1.287796e+00
[FW-A] iter=204  -trace(H^{-1})=-1.287716e+00
[FW-A] iter=205  -trace(H^{-1})=-1.287633e+00
[FW-A] iter=206  -trace(H^{-1})=-1.287547e+00
[FW-A] iter=207  -trace(H^{-1})=-1.287471e+00
[FW-A] iter=208  -trace(H^{-1})=-1.287392e+00
[FW-A] iter=209  -trace(H^{-1})=-1.287325e+00
[FW-A] iter=210  -trace(H^{-1})=-1.287248e+00
[FW-A] iter=211  -trace(H^{-1})=-1.287170e+00
[FW-A] iter=212  -trace(H^{-1})=-1.287094e+00
[FW-A] iter=213  -trace(H^{-1})=-1.287019e+00
[FW-A] iter=214  -trace(H^{-1})=-1.286949e+00
[FW-A] iter=215  -trace(H^{-1})=-1.286880e+00
[FW-A] iter=216  -trace(H^{-1})=-1.286815e+00
[FW-A] iter=217  -trace(H^{-1})=-1.286745e+00
[FW-A] iter=218  -trace(H^{-1})=-1.286672e+00
[FW-A] iter=219  -trace(H^{-1})=-1.286606e+00
[FW-A] iter=220  -trace(H^{-1})=-1.286538e+00
[FW-A] iter=221  -trace(H^{-1})=-1.286482e+00
[FW-A] iter=222  -trace(H^{-1})=-1.286412e+00
[FW-A] iter=223  -trace(H^{-1})=-1.286348e+00
[FW-A] iter=224  -trace(H^{-1})=-1.286282e+00
[FW-A] iter=225  -trace(H^{-1})=-1.286223e+00
[FW-A] iter=226  -trace(H^{-1})=-1.286162e+00
[FW-A] iter=227  -trace(H^{-1})=-1.286108e+00
[FW-A] iter=228  -trace(H^{-1})=-1.286048e+00
[FW-A] iter=229  -trace(H^{-1})=-1.285984e+00
[FW-A] iter=230  -trace(H^{-1})=-1.285926e+00
[FW-A] iter=231  -trace(H^{-1})=-1.285868e+00
[FW-A] iter=232  -trace(H^{-1})=-1.285812e+00
[FW-A] iter=233  -trace(H^{-1})=-1.285761e+00
[FW-A] iter=234  -trace(H^{-1})=-1.285707e+00
[FW-A] iter=235  -trace(H^{-1})=-1.285651e+00
[FW-A] iter=236  -trace(H^{-1})=-1.285597e+00
[FW-A] iter=237  -trace(H^{-1})=-1.285542e+00
[FW-A] iter=238  -trace(H^{-1})=-1.285493e+00
[FW-A] iter=239  -trace(H^{-1})=-1.285445e+00
[FW-A] iter=240  -trace(H^{-1})=-1.285393e+00
[FW-A] iter=241  -trace(H^{-1})=-1.285351e+00
[FW-A] iter=242  -trace(H^{-1})=-1.285296e+00
[FW-A] iter=243  -trace(H^{-1})=-1.285248e+00
[FW-A] iter=244  -trace(H^{-1})=-1.285199e+00
[FW-A] iter=245  -trace(H^{-1})=-1.285151e+00
[FW-A] iter=246  -trace(H^{-1})=-1.285103e+00
[FW-A] iter=247  -trace(H^{-1})=-1.285062e+00
[FW-A] iter=248  -trace(H^{-1})=-1.285014e+00
[FW-A] iter=249  -trace(H^{-1})=-1.284966e+00
[FW-A] iter=250  -trace(H^{-1})=-1.284920e+00
[FW-A] iter=251  -trace(H^{-1})=-1.284875e+00
[FW-A] iter=252  -trace(H^{-1})=-1.284831e+00
[FW-A] iter=253  -trace(H^{-1})=-1.284792e+00
[FW-A] iter=254  -trace(H^{-1})=-1.284748e+00
[FW-A] iter=255  -trace(H^{-1})=-1.284703e+00
[FW-A] iter=256  -trace(H^{-1})=-1.284661e+00
[FW-A] iter=257  -trace(H^{-1})=-1.284619e+00
[FW-A] iter=258  -trace(H^{-1})=-1.284579e+00
[FW-A] iter=259  -trace(H^{-1})=-1.284541e+00
[FW-A] iter=260  -trace(H^{-1})=-1.284501e+00
[FW-A] iter=261  -trace(H^{-1})=-1.284458e+00
[FW-A] iter=262  -trace(H^{-1})=-1.284420e+00
[FW-A] iter=263  -trace(H^{-1})=-1.284381e+00
[FW-A] iter=264  -trace(H^{-1})=-1.284349e+00
[FW-A] iter=265  -trace(H^{-1})=-1.284307e+00
[FW-A] iter=266  -trace(H^{-1})=-1.284271e+00
[FW-A] iter=267  -trace(H^{-1})=-1.284233e+00
[FW-A] iter=268  -trace(H^{-1})=-1.284197e+00
[FW-A] iter=269  -trace(H^{-1})=-1.284160e+00
[FW-A] iter=270  -trace(H^{-1})=-1.284129e+00
[FW-A] iter=271  -trace(H^{-1})=-1.284092e+00
[FW-A] iter=272  -trace(H^{-1})=-1.284055e+00
[FW-A] iter=273  -trace(H^{-1})=-1.284020e+00
[FW-A] iter=274  -trace(H^{-1})=-1.283986e+00
[FW-A] iter=275  -trace(H^{-1})=-1.283952e+00
[FW-A] iter=276  -trace(H^{-1})=-1.283922e+00
[FW-A] iter=277  -trace(H^{-1})=-1.283888e+00
[FW-A] iter=278  -trace(H^{-1})=-1.283854e+00
[FW-A] iter=279  -trace(H^{-1})=-1.283821e+00
[FW-A] iter=280  -trace(H^{-1})=-1.283789e+00
[FW-A] iter=281  -trace(H^{-1})=-1.283758e+00
[FW-A] iter=282  -trace(H^{-1})=-1.283736e+00
[FW-A] iter=283  -trace(H^{-1})=-1.283704e+00
[FW-A] iter=284  -trace(H^{-1})=-1.283672e+00
[FW-A] iter=285  -trace(H^{-1})=-1.283640e+00
[FW-A] iter=286  -trace(H^{-1})=-1.283608e+00
[FW-A] iter=287  -trace(H^{-1})=-1.283579e+00
[FW-A] iter=288  -trace(H^{-1})=-1.283551e+00
[FW-A] iter=289  -trace(H^{-1})=-1.283522e+00
[FW-A] iter=290  -trace(H^{-1})=-1.283505e+00
[FW-A] iter=291  -trace(H^{-1})=-1.283472e+00
[FW-A] iter=292  -trace(H^{-1})=-1.283443e+00
[FW-A] iter=293  -trace(H^{-1})=-1.283412e+00
[FW-A] iter=294  -trace(H^{-1})=-1.283384e+00
[FW-A] iter=295  -trace(H^{-1})=-1.283355e+00
[FW-A] iter=296  -trace(H^{-1})=-1.283329e+00
[FW-A] iter=297  -trace(H^{-1})=-1.283306e+00
[FW-A] iter=298  -trace(H^{-1})=-1.283279e+00
[FW-A] iter=299  -trace(H^{-1})=-1.283250e+00
  [fw-a] min_eig=1.1666e+00  heldout=0.9533  (2.4s)
[FW-D] Building 720 candidate information matrices...
Building FIM:   0%|          | 0/720 [00:00<?, ?candidate/s]Building FIM:  62%|██████▏   | 448/720 [00:00<00:00, 4084.91candidate/s]Building FIM: 100%|██████████| 720/720 [00:00<00:00, 5052.25candidate/s]
[FW-D] Done. Starting Frank-Wolfe D-optimal (select_k=30)...
[FW-D] Pre-extracting dense blocks (intr_dim=9, num_poses=720)...
[FW-D] Block extraction done. Starting iterations...
[FW-D] iter=  0  logdet=8.595005e+01
[FW-D] iter=  1  logdet=8.916198e+01
[FW-D] iter=  2  logdet=8.647204e+01
[FW-D] iter=  3  logdet=8.553088e+01
[FW-D] iter=  4  logdet=8.496986e+01
[FW-D] iter=  5  logdet=8.477351e+01
[FW-D] iter=  6  logdet=8.511082e+01
[FW-D] iter=  7  logdet=8.517827e+01
[FW-D] iter=  8  logdet=8.521633e+01
[FW-D] iter=  9  logdet=8.571281e+01
[FW-D] iter= 10  logdet=8.607101e+01
[FW-D] iter= 11  logdet=8.611668e+01
[FW-D] iter= 12  logdet=8.607891e+01
[FW-D] iter= 13  logdet=8.610397e+01
[FW-D] iter= 14  logdet=8.609398e+01
[FW-D] iter= 15  logdet=8.606920e+01
[FW-D] iter= 16  logdet=8.604276e+01
[FW-D] iter= 17  logdet=8.597474e+01
[FW-D] iter= 18  logdet=8.597180e+01
[FW-D] iter= 19  logdet=8.597703e+01
[FW-D] iter= 20  logdet=8.566785e+01
[FW-D] iter= 21  logdet=8.571066e+01
[FW-D] iter= 22  logdet=8.567243e+01
[FW-D] iter= 23  logdet=8.563486e+01
[FW-D] iter= 24  logdet=8.545993e+01
[FW-D] iter= 25  logdet=8.587786e+01
[FW-D] iter= 26  logdet=8.622327e+01
[FW-D] iter= 27  logdet=8.650739e+01
[FW-D] iter= 28  logdet=8.674670e+01
[FW-D] iter= 29  logdet=8.695301e+01
[FW-D] iter= 30  logdet=8.713100e+01
[FW-D] iter= 31  logdet=8.728937e+01
[FW-D] iter= 32  logdet=8.742895e+01
[FW-D] iter= 33  logdet=8.755332e+01
[FW-D] iter= 34  logdet=8.766514e+01
[FW-D] iter= 35  logdet=8.776558e+01
[FW-D] iter= 36  logdet=8.785696e+01
[FW-D] iter= 37  logdet=8.793903e+01
[FW-D] iter= 38  logdet=8.801502e+01
[FW-D] iter= 39  logdet=8.808370e+01
[FW-D] iter= 40  logdet=8.814707e+01
[FW-D] iter= 41  logdet=8.820526e+01
[FW-D] iter= 42  logdet=8.825868e+01
[FW-D] iter= 43  logdet=8.830850e+01
[FW-D] iter= 44  logdet=8.835408e+01
[FW-D] iter= 45  logdet=8.839704e+01
[FW-D] iter= 46  logdet=8.843668e+01
[FW-D] iter= 47  logdet=8.847358e+01
[FW-D] iter= 48  logdet=8.850814e+01
[FW-D] iter= 49  logdet=8.854035e+01
[FW-D] iter= 50  logdet=8.857069e+01
[FW-D] iter= 51  logdet=8.859883e+01
[FW-D] iter= 52  logdet=8.862571e+01
[FW-D] iter= 53  logdet=8.865063e+01
[FW-D] iter= 54  logdet=8.867436e+01
[FW-D] iter= 55  logdet=8.869661e+01
[FW-D] iter= 56  logdet=8.871760e+01
[FW-D] iter= 57  logdet=8.873756e+01
[FW-D] iter= 58  logdet=8.875620e+01
[FW-D] iter= 59  logdet=8.877420e+01
[FW-D] iter= 60  logdet=8.879105e+01
[FW-D] iter= 61  logdet=8.880713e+01
[FW-D] iter= 62  logdet=8.882236e+01
[FW-D] iter= 63  logdet=8.883684e+01
[FW-D] iter= 64  logdet=8.885069e+01
[FW-D] iter= 65  logdet=8.886374e+01
[FW-D] iter= 66  logdet=8.887638e+01
[FW-D] iter= 67  logdet=8.888825e+01
[FW-D] iter= 68  logdet=8.889974e+01
[FW-D] iter= 69  logdet=8.891057e+01
[FW-D] iter= 70  logdet=8.892111e+01
[FW-D] iter= 71  logdet=8.893099e+01
[FW-D] iter= 72  logdet=8.894063e+01
[FW-D] iter= 73  logdet=8.894971e+01
[FW-D] iter= 74  logdet=8.895859e+01
[FW-D] iter= 75  logdet=8.896694e+01
[FW-D] iter= 76  logdet=8.897509e+01
[FW-D] iter= 77  logdet=8.898284e+01
[FW-D] iter= 78  logdet=8.899029e+01
[FW-D] iter= 79  logdet=8.899750e+01
[FW-D] iter= 80  logdet=8.900434e+01
[FW-D] iter= 81  logdet=8.901105e+01
[FW-D] iter= 82  logdet=8.901742e+01
[FW-D] iter= 83  logdet=8.902360e+01
[FW-D] iter= 84  logdet=8.902952e+01
[FW-D] iter= 85  logdet=8.903525e+01
[FW-D] iter= 86  logdet=8.904079e+01
[FW-D] iter= 87  logdet=8.904608e+01
[FW-D] iter= 88  logdet=8.905128e+01
[FW-D] iter= 89  logdet=8.905621e+01
[FW-D] iter= 90  logdet=8.906105e+01
[FW-D] iter= 91  logdet=8.906566e+01
[FW-D] iter= 92  logdet=8.907021e+01
[FW-D] iter= 93  logdet=8.907450e+01
[FW-D] iter= 94  logdet=8.907875e+01
[FW-D] iter= 95  logdet=8.908278e+01
[FW-D] iter= 96  logdet=8.908678e+01
[FW-D] iter= 97  logdet=8.909056e+01
[FW-D] iter= 98  logdet=8.909430e+01
[FW-D] iter= 99  logdet=8.909788e+01
[FW-D] iter=100  logdet=8.910135e+01
[FW-D] iter=101  logdet=8.910475e+01
[FW-D] iter=102  logdet=8.910800e+01
[FW-D] iter=103  logdet=8.911122e+01
[FW-D] iter=104  logdet=8.911429e+01
[FW-D] iter=105  logdet=8.911728e+01
[FW-D] iter=106  logdet=8.912022e+01
[FW-D] iter=107  logdet=8.912301e+01
[FW-D] iter=108  logdet=8.912581e+01
[FW-D] iter=109  logdet=8.912847e+01
[FW-D] iter=110  logdet=8.913109e+01
[FW-D] iter=111  logdet=8.913362e+01
[FW-D] iter=112  logdet=8.913607e+01
[FW-D] iter=113  logdet=8.913850e+01
[FW-D] iter=114  logdet=8.914079e+01
[FW-D] iter=115  logdet=8.914311e+01
[FW-D] iter=116  logdet=8.914530e+01
[FW-D] iter=117  logdet=8.914748e+01
[FW-D] iter=118  logdet=8.914958e+01
[FW-D] iter=119  logdet=8.915162e+01
[FW-D] iter=120  logdet=8.915364e+01
[FW-D] iter=121  logdet=8.915556e+01
[FW-D] iter=122  logdet=8.915749e+01
[FW-D] iter=123  logdet=8.915934e+01
[FW-D] iter=124  logdet=8.916115e+01
[FW-D] iter=125  logdet=8.916292e+01
[FW-D] iter=126  logdet=8.916464e+01
[FW-D] iter=127  logdet=8.916633e+01
[FW-D] iter=128  logdet=8.916795e+01
[FW-D] iter=129  logdet=8.916958e+01
[FW-D] iter=130  logdet=8.917113e+01
[FW-D] iter=131  logdet=8.917268e+01
[FW-D] iter=132  logdet=8.917416e+01
[FW-D] iter=133  logdet=8.917565e+01
[FW-D] iter=134  logdet=8.917706e+01
[FW-D] iter=135  logdet=8.917848e+01
[FW-D] iter=136  logdet=8.917984e+01
[FW-D] iter=137  logdet=8.918117e+01
[FW-D] iter=138  logdet=8.918249e+01
[FW-D] iter=139  logdet=8.918375e+01
[FW-D] iter=140  logdet=8.918503e+01
[FW-D] iter=141  logdet=8.918625e+01
[FW-D] iter=142  logdet=8.918745e+01
[FW-D] iter=143  logdet=8.918862e+01
[FW-D] iter=144  logdet=8.918978e+01
[FW-D] iter=145  logdet=8.919091e+01
[FW-D] iter=146  logdet=8.919200e+01
[FW-D] iter=147  logdet=8.919309e+01
[FW-D] iter=148  logdet=8.919415e+01
[FW-D] iter=149  logdet=8.919518e+01
[FW-D] iter=150  logdet=8.919621e+01
[FW-D] iter=151  logdet=8.919720e+01
[FW-D] iter=152  logdet=8.919818e+01
[FW-D] iter=153  logdet=8.919913e+01
[FW-D] iter=154  logdet=8.920008e+01
[FW-D] iter=155  logdet=8.920098e+01
[FW-D] iter=156  logdet=8.920191e+01
[FW-D] iter=157  logdet=8.920278e+01
[FW-D] iter=158  logdet=8.920366e+01
[FW-D] iter=159  logdet=8.920451e+01
[FW-D] iter=160  logdet=8.920534e+01
[FW-D] iter=161  logdet=8.920618e+01
[FW-D] iter=162  logdet=8.920696e+01
[FW-D] iter=163  logdet=8.920777e+01
[FW-D] iter=164  logdet=8.920855e+01
[FW-D] iter=165  logdet=8.920931e+01
[FW-D] iter=166  logdet=8.921006e+01
[FW-D] iter=167  logdet=8.921079e+01
[FW-D] iter=168  logdet=8.921152e+01
[FW-D] iter=169  logdet=8.921222e+01
[FW-D] iter=170  logdet=8.921293e+01
[FW-D] iter=171  logdet=8.921361e+01
[FW-D] iter=172  logdet=8.921428e+01
[FW-D] iter=173  logdet=8.921495e+01
[FW-D] iter=174  logdet=8.921558e+01
[FW-D] iter=175  logdet=8.921623e+01
[FW-D] iter=176  logdet=8.921685e+01
[FW-D] iter=177  logdet=8.921748e+01
[FW-D] iter=178  logdet=8.921808e+01
[FW-D] iter=179  logdet=8.921869e+01
[FW-D] iter=180  logdet=8.921926e+01
[FW-D] iter=181  logdet=8.921985e+01
[FW-D] iter=182  logdet=8.922041e+01
[FW-D] iter=183  logdet=8.922097e+01
[FW-D] iter=184  logdet=8.922152e+01
[FW-D] iter=185  logdet=8.922206e+01
[FW-D] iter=186  logdet=8.922260e+01
[FW-D] iter=187  logdet=8.922311e+01
[FW-D] iter=188  logdet=8.922363e+01
[FW-D] iter=189  logdet=8.922413e+01
[FW-D] iter=190  logdet=8.922464e+01
[FW-D] iter=191  logdet=8.922512e+01
[FW-D] iter=192  logdet=8.922561e+01
[FW-D] iter=193  logdet=8.922608e+01
[FW-D] iter=194  logdet=8.922655e+01
[FW-D] iter=195  logdet=8.922701e+01
[FW-D] iter=196  logdet=8.922747e+01
[FW-D] iter=197  logdet=8.922791e+01
[FW-D] iter=198  logdet=8.922836e+01
[FW-D] iter=199  logdet=8.922879e+01
[FW-D] iter=200  logdet=8.922921e+01
[FW-D] iter=201  logdet=8.922964e+01
[FW-D] iter=202  logdet=8.923005e+01
[FW-D] iter=203  logdet=8.923046e+01
[FW-D] iter=204  logdet=8.923086e+01
[FW-D] iter=205  logdet=8.923126e+01
[FW-D] iter=206  logdet=8.923165e+01
[FW-D] iter=207  logdet=8.923202e+01
[FW-D] iter=208  logdet=8.923242e+01
[FW-D] iter=209  logdet=8.923279e+01
[FW-D] iter=210  logdet=8.923316e+01
[FW-D] iter=211  logdet=8.923352e+01
[FW-D] iter=212  logdet=8.923388e+01
[FW-D] iter=213  logdet=8.923424e+01
[FW-D] iter=214  logdet=8.923457e+01
[FW-D] iter=215  logdet=8.923493e+01
[FW-D] iter=216  logdet=8.923526e+01
[FW-D] iter=217  logdet=8.923560e+01
[FW-D] iter=218  logdet=8.923593e+01
[FW-D] iter=219  logdet=8.923625e+01
[FW-D] iter=220  logdet=8.923658e+01
[FW-D] iter=221  logdet=8.923688e+01
[FW-D] iter=222  logdet=8.923720e+01
[FW-D] iter=223  logdet=8.923751e+01
[FW-D] iter=224  logdet=8.923781e+01
[FW-D] iter=225  logdet=8.923811e+01
[FW-D] iter=226  logdet=8.923841e+01
[FW-D] iter=227  logdet=8.923870e+01
[FW-D] iter=228  logdet=8.923898e+01
[FW-D] iter=229  logdet=8.923928e+01
[FW-D] iter=230  logdet=8.923955e+01
[FW-D] iter=231  logdet=8.923983e+01
[FW-D] iter=232  logdet=8.924010e+01
[FW-D] iter=233  logdet=8.924038e+01
[FW-D] iter=234  logdet=8.924064e+01
[FW-D] iter=235  logdet=8.924090e+01
[FW-D] iter=236  logdet=8.924116e+01
[FW-D] iter=237  logdet=8.924142e+01
[FW-D] iter=238  logdet=8.924167e+01
[FW-D] iter=239  logdet=8.924191e+01
[FW-D] iter=240  logdet=8.924217e+01
[FW-D] iter=241  logdet=8.924241e+01
[FW-D] iter=242  logdet=8.924265e+01
[FW-D] iter=243  logdet=8.924289e+01
[FW-D] iter=244  logdet=8.924312e+01
[FW-D] iter=245  logdet=8.924336e+01
[FW-D] iter=246  logdet=8.924358e+01
[FW-D] iter=247  logdet=8.924381e+01
[FW-D] iter=248  logdet=8.924403e+01
[FW-D] iter=249  logdet=8.924425e+01
[FW-D] iter=250  logdet=8.924448e+01
[FW-D] iter=251  logdet=8.924469e+01
[FW-D] iter=252  logdet=8.924490e+01
[FW-D] iter=253  logdet=8.924511e+01
[FW-D] iter=254  logdet=8.924532e+01
[FW-D] iter=255  logdet=8.924552e+01
[FW-D] iter=256  logdet=8.924573e+01
[FW-D] iter=257  logdet=8.924593e+01
[FW-D] iter=258  logdet=8.924613e+01
[FW-D] iter=259  logdet=8.924632e+01
[FW-D] iter=260  logdet=8.924652e+01
[FW-D] iter=261  logdet=8.924671e+01
[FW-D] iter=262  logdet=8.924690e+01
[FW-D] iter=263  logdet=8.924709e+01
[FW-D] iter=264  logdet=8.924727e+01
[FW-D] iter=265  logdet=8.924746e+01
[FW-D] iter=266  logdet=8.924763e+01
[FW-D] iter=267  logdet=8.924782e+01
[FW-D] iter=268  logdet=8.924799e+01
[FW-D] iter=269  logdet=8.924817e+01
[FW-D] iter=270  logdet=8.924834e+01
[FW-D] iter=271  logdet=8.924851e+01
[FW-D] iter=272  logdet=8.924868e+01
[FW-D] iter=273  logdet=8.924885e+01
[FW-D] iter=274  logdet=8.924902e+01
[FW-D] iter=275  logdet=8.924918e+01
[FW-D] iter=276  logdet=8.924934e+01
[FW-D] iter=277  logdet=8.924950e+01
[FW-D] iter=278  logdet=8.924966e+01
[FW-D] iter=279  logdet=8.924982e+01
[FW-D] iter=280  logdet=8.924997e+01
[FW-D] iter=281  logdet=8.925013e+01
[FW-D] iter=282  logdet=8.925028e+01
[FW-D] iter=283  logdet=8.925043e+01
[FW-D] iter=284  logdet=8.925057e+01
[FW-D] iter=285  logdet=8.925073e+01
[FW-D] iter=286  logdet=8.925087e+01
[FW-D] iter=287  logdet=8.925101e+01
[FW-D] iter=288  logdet=8.925116e+01
[FW-D] iter=289  logdet=8.925130e+01
[FW-D] iter=290  logdet=8.925144e+01
[FW-D] iter=291  logdet=8.925157e+01
[FW-D] iter=292  logdet=8.925171e+01
[FW-D] iter=293  logdet=8.925185e+01
[FW-D] iter=294  logdet=8.925198e+01
[FW-D] iter=295  logdet=8.925211e+01
[FW-D] iter=296  logdet=8.925224e+01
[FW-D] iter=297  logdet=8.925238e+01
[FW-D] iter=298  logdet=8.925250e+01
[FW-D] iter=299  logdet=8.925263e+01
  [fw-d] min_eig=9.6354e-01  heldout=1.0998  (2.5s)

============================================================
K = 40  (held-out = 680 frames)
  [random] 25 trials...
  [coverage] min_eig=8.3394e-01  heldout=1.5920  (0.0s)
  [a-optimal] min_eig=1.5129e+00  heldout=0.9800  (12.3s)
  [d-optimal] min_eig=1.4188e+00  heldout=1.1839  (11.9s)
  [greedy-e] min_eig=1.5395e+00  heldout=1.4010  (12.4s)
[FW] Building 720 candidate information matrices...
Building FIM:   0%|          | 0/720 [00:00<?, ?candidate/s]Building FIM:  62%|██████▏   | 448/720 [00:00<00:00, 3559.15candidate/s]Building FIM: 100%|██████████| 720/720 [00:00<00:00, 4335.31candidate/s]
[FW] Done. Starting Frank-Wolfe optimization (select_k=40)...
[FW] Pre-extracting dense blocks (intr_dim=9, num_poses=720)...
[FW] Block extraction done. Starting iterations...
[FW] iter=  0  min_eig=7.974596e-01
[FW] iter=  1  min_eig=6.776567e-01
[FW] iter=  2  min_eig=5.330999e-01
[FW] iter=  3  min_eig=8.098427e-01
[FW] iter=  4  min_eig=6.886633e-01
[FW] iter=  5  min_eig=5.524893e-01
[FW] iter=  6  min_eig=5.540863e-01
[FW] iter=  7  min_eig=5.150590e-01
[FW] iter=  8  min_eig=7.644287e-01
[FW] iter=  9  min_eig=6.968721e-01
[FW] iter= 10  min_eig=7.153136e-01
[FW] iter= 11  min_eig=7.694004e-01
[FW] iter= 12  min_eig=7.314369e-01
[FW] iter= 13  min_eig=7.359934e-01
[FW] iter= 14  min_eig=8.002611e-01
[FW] iter= 15  min_eig=7.936432e-01
[FW] iter= 16  min_eig=7.349008e-01
[FW] iter= 17  min_eig=7.437385e-01
[FW] iter= 18  min_eig=7.119466e-01
[FW] iter= 19  min_eig=8.186362e-01
[FW] iter= 20  min_eig=8.843991e-01
[FW] iter= 21  min_eig=9.487094e-01
[FW] iter= 22  min_eig=1.000253e+00
[FW] iter= 23  min_eig=1.042570e+00
[FW] iter= 24  min_eig=1.075131e+00
[FW] iter= 25  min_eig=1.115100e+00
[FW] iter= 26  min_eig=1.147261e+00
[FW] iter= 27  min_eig=1.173728e+00
[FW] iter= 28  min_eig=1.198338e+00
[FW] iter= 29  min_eig=1.221153e+00
[FW] iter= 30  min_eig=1.241844e+00
[FW] iter= 31  min_eig=1.259527e+00
[FW] iter= 32  min_eig=1.275308e+00
[FW] iter= 33  min_eig=1.285816e+00
[FW] iter= 34  min_eig=1.301404e+00
[FW] iter= 35  min_eig=1.314634e+00
[FW] iter= 36  min_eig=1.327106e+00
[FW] iter= 37  min_eig=1.338738e+00
[FW] iter= 38  min_eig=1.349677e+00
[FW] iter= 39  min_eig=1.359279e+00
[FW] iter= 40  min_eig=1.368853e+00
[FW] iter= 41  min_eig=1.377385e+00
[FW] iter= 42  min_eig=1.385270e+00
[FW] iter= 43  min_eig=1.392830e+00
[FW] iter= 44  min_eig=1.399431e+00
[FW] iter= 45  min_eig=1.405883e+00
[FW] iter= 46  min_eig=1.411699e+00
[FW] iter= 47  min_eig=1.417640e+00
[FW] iter= 48  min_eig=1.422964e+00
[FW] iter= 49  min_eig=1.427918e+00
[FW] iter= 50  min_eig=1.432748e+00
[FW] iter= 51  min_eig=1.436957e+00
[FW] iter= 52  min_eig=1.441368e+00
[FW] iter= 53  min_eig=1.445327e+00
[FW] iter= 54  min_eig=1.448991e+00
[FW] iter= 55  min_eig=1.452636e+00
[FW] iter= 56  min_eig=1.455909e+00
[FW] iter= 57  min_eig=1.459136e+00
[FW] iter= 58  min_eig=1.462172e+00
[FW] iter= 59  min_eig=1.464939e+00
[FW] iter= 60  min_eig=1.467768e+00
[FW] iter= 61  min_eig=1.470310e+00
[FW] iter= 62  min_eig=1.472788e+00
[FW] iter= 63  min_eig=1.475173e+00
[FW] iter= 64  min_eig=1.477306e+00
[FW] iter= 65  min_eig=1.479553e+00
[FW] iter= 66  min_eig=1.481568e+00
[FW] iter= 67  min_eig=1.483507e+00
[FW] iter= 68  min_eig=1.485418e+00
[FW] iter= 69  min_eig=1.487091e+00
[FW] iter= 70  min_eig=1.488908e+00
[FW] iter= 71  min_eig=1.490535e+00
[FW] iter= 72  min_eig=1.492078e+00
[FW] iter= 73  min_eig=1.493634e+00
[FW] iter= 74  min_eig=1.495084e+00
[FW] iter= 75  min_eig=1.496448e+00
[FW] iter= 76  min_eig=1.497781e+00
[FW] iter= 77  min_eig=1.499094e+00
[FW] iter= 78  min_eig=1.500245e+00
[FW] iter= 79  min_eig=1.501411e+00
[FW] iter= 80  min_eig=1.502491e+00
[FW] iter= 81  min_eig=1.503667e+00
[FW] iter= 82  min_eig=1.504717e+00
[FW] iter= 83  min_eig=1.505737e+00
[FW] iter= 84  min_eig=1.506758e+00
[FW] iter= 85  min_eig=1.507640e+00
[FW] iter= 86  min_eig=1.508634e+00
[FW] iter= 87  min_eig=1.509521e+00
[FW] iter= 88  min_eig=1.510361e+00
[FW] iter= 89  min_eig=1.511228e+00
[FW] iter= 90  min_eig=1.512037e+00
[FW] iter= 91  min_eig=1.512801e+00
[FW] iter= 92  min_eig=1.513550e+00
[FW] iter= 93  min_eig=1.514302e+00
[FW] iter= 94  min_eig=1.514949e+00
[FW] iter= 95  min_eig=1.515689e+00
[FW] iter= 96  min_eig=1.516346e+00
[FW] iter= 97  min_eig=1.516974e+00
[FW] iter= 98  min_eig=1.517623e+00
[FW] iter= 99  min_eig=1.518231e+00
[FW] iter=100  min_eig=1.518802e+00
[FW] iter=101  min_eig=1.519371e+00
[FW] iter=102  min_eig=1.519939e+00
[FW] iter=103  min_eig=1.520428e+00
[FW] iter=104  min_eig=1.520994e+00
[FW] iter=105  min_eig=1.521494e+00
[FW] iter=106  min_eig=1.521975e+00
[FW] iter=107  min_eig=1.522474e+00
[FW] iter=108  min_eig=1.522887e+00
[FW] iter=109  min_eig=1.523387e+00
[FW] iter=110  min_eig=1.523826e+00
[FW] iter=111  min_eig=1.524236e+00
[FW] iter=112  min_eig=1.524678e+00
[FW] iter=113  min_eig=1.525084e+00
[FW] iter=114  min_eig=1.525472e+00
[FW] iter=115  min_eig=1.525850e+00
[FW] iter=116  min_eig=1.526242e+00
[FW] iter=117  min_eig=1.526564e+00
[FW] iter=118  min_eig=1.526960e+00
[FW] iter=119  min_eig=1.527305e+00
[FW] iter=120  min_eig=1.527630e+00
[FW] iter=121  min_eig=1.527980e+00
[FW] iter=122  min_eig=1.528304e+00
[FW] iter=123  min_eig=1.528611e+00
[FW] iter=124  min_eig=1.528913e+00
[FW] iter=125  min_eig=1.529226e+00
[FW] iter=126  min_eig=1.529483e+00
[FW] iter=127  min_eig=1.529761e+00
[FW] iter=128  min_eig=1.530011e+00
[FW] iter=129  min_eig=1.530314e+00
[FW] iter=130  min_eig=1.530576e+00
[FW] iter=131  min_eig=1.530831e+00
[FW] iter=132  min_eig=1.531100e+00
[FW] iter=133  min_eig=1.531352e+00
[FW] iter=134  min_eig=1.531588e+00
[FW] iter=135  min_eig=1.531826e+00
[FW] iter=136  min_eig=1.532068e+00
[FW] iter=137  min_eig=1.532271e+00
[FW] iter=138  min_eig=1.532519e+00
[FW] iter=139  min_eig=1.532733e+00
[FW] iter=140  min_eig=1.532941e+00
[FW] iter=141  min_eig=1.533162e+00
[FW] iter=142  min_eig=1.533337e+00
[FW] iter=143  min_eig=1.533565e+00
[FW] iter=144  min_eig=1.533760e+00
[FW] iter=145  min_eig=1.533942e+00
[FW] iter=146  min_eig=1.534145e+00
[FW] iter=147  min_eig=1.534331e+00
[FW] iter=148  min_eig=1.534507e+00
[FW] iter=149  min_eig=1.534680e+00
[FW] iter=150  min_eig=1.534864e+00
[FW] iter=151  min_eig=1.535008e+00
[FW] iter=152  min_eig=1.535199e+00
[FW] iter=153  min_eig=1.535361e+00
[FW] iter=154  min_eig=1.535513e+00
[FW] iter=155  min_eig=1.535682e+00
[FW] iter=156  min_eig=1.535838e+00
[FW] iter=157  min_eig=1.535985e+00
[FW] iter=158  min_eig=1.536131e+00
[FW] iter=159  min_eig=1.536284e+00
[FW] iter=160  min_eig=1.536405e+00
[FW] iter=161  min_eig=1.536566e+00
[FW] iter=162  min_eig=1.536702e+00
[FW] iter=163  min_eig=1.536830e+00
[FW] iter=164  min_eig=1.536973e+00
[FW] iter=165  min_eig=1.537105e+00
[FW] iter=166  min_eig=1.537229e+00
[FW] iter=167  min_eig=1.537352e+00
[FW] iter=168  min_eig=1.537483e+00
[FW] iter=169  min_eig=1.537585e+00
[FW] iter=170  min_eig=1.537722e+00
[FW] iter=171  min_eig=1.537837e+00
[FW] iter=172  min_eig=1.537946e+00
[FW] iter=173  min_eig=1.538068e+00
[FW] iter=174  min_eig=1.538181e+00
[FW] iter=175  min_eig=1.538286e+00
[FW] iter=176  min_eig=1.538391e+00
[FW] iter=177  min_eig=1.538503e+00
[FW] iter=178  min_eig=1.538589e+00
[FW] iter=179  min_eig=1.538707e+00
[FW] iter=180  min_eig=1.538806e+00
[FW] iter=181  min_eig=1.538899e+00
[FW] iter=182  min_eig=1.539004e+00
[FW] iter=183  min_eig=1.539102e+00
[FW] iter=184  min_eig=1.539191e+00
[FW] iter=185  min_eig=1.539282e+00
[FW] iter=186  min_eig=1.539379e+00
[FW] iter=187  min_eig=1.539453e+00
[FW] iter=188  min_eig=1.539555e+00
[FW] iter=189  min_eig=1.539640e+00
[FW] iter=190  min_eig=1.539721e+00
[FW] iter=191  min_eig=1.539812e+00
[FW] iter=192  min_eig=1.539896e+00
[FW] iter=193  min_eig=1.539973e+00
[FW] iter=194  min_eig=1.540053e+00
[FW] iter=195  min_eig=1.540136e+00
[FW] iter=196  min_eig=1.540200e+00
[FW] iter=197  min_eig=1.540289e+00
[FW] iter=198  min_eig=1.540363e+00
[FW] iter=199  min_eig=1.540433e+00
[FW] iter=200  min_eig=1.540512e+00
[FW] iter=201  min_eig=1.540586e+00
[FW] iter=202  min_eig=1.540653e+00
[FW] iter=203  min_eig=1.540723e+00
[FW] iter=204  min_eig=1.540795e+00
[FW] iter=205  min_eig=1.540851e+00
[FW] iter=206  min_eig=1.540914e+00
[FW] iter=207  min_eig=1.540970e+00
[FW] iter=208  min_eig=1.541045e+00
[FW] iter=209  min_eig=1.541107e+00
[FW] iter=210  min_eig=1.541169e+00
[FW] iter=211  min_eig=1.541236e+00
[FW] iter=212  min_eig=1.541284e+00
[FW] iter=213  min_eig=1.541357e+00
[FW] iter=214  min_eig=1.541416e+00
[FW] iter=215  min_eig=1.541471e+00
[FW] iter=216  min_eig=1.541535e+00
[FW] iter=217  min_eig=1.541594e+00
[FW] iter=218  min_eig=1.541647e+00
[FW] iter=219  min_eig=1.541702e+00
[FW] iter=220  min_eig=1.541761e+00
[FW] iter=221  min_eig=1.541804e+00
[FW] iter=222  min_eig=1.541868e+00
[FW] iter=223  min_eig=1.541920e+00
[FW] iter=224  min_eig=1.541969e+00
[FW] iter=225  min_eig=1.542026e+00
[FW] iter=226  min_eig=1.542078e+00
[FW] iter=227  min_eig=1.542125e+00
[FW] iter=228  min_eig=1.542174e+00
[FW] iter=229  min_eig=1.542226e+00
[FW] iter=230  min_eig=1.542264e+00
[FW] iter=231  min_eig=1.542321e+00
[FW] iter=232  min_eig=1.542367e+00
[FW] iter=233  min_eig=1.542410e+00
[FW] iter=234  min_eig=1.542460e+00
[FW] iter=235  min_eig=1.542507e+00
[FW] iter=236  min_eig=1.542549e+00
[FW] iter=237  min_eig=1.542592e+00
[FW] iter=238  min_eig=1.542639e+00
[FW] iter=239  min_eig=1.542672e+00
[FW] iter=240  min_eig=1.542723e+00
[FW] iter=241  min_eig=1.542764e+00
[FW] iter=242  min_eig=1.542803e+00
[FW] iter=243  min_eig=1.542848e+00
[FW] iter=244  min_eig=1.542889e+00
[FW] iter=245  min_eig=1.542927e+00
[FW] iter=246  min_eig=1.542965e+00
[FW] iter=247  min_eig=1.543007e+00
[FW] iter=248  min_eig=1.543037e+00
[FW] iter=249  min_eig=1.543083e+00
[FW] iter=250  min_eig=1.543119e+00
[FW] iter=251  min_eig=1.543154e+00
[FW] iter=252  min_eig=1.543194e+00
[FW] iter=253  min_eig=1.543231e+00
[FW] iter=254  min_eig=1.543265e+00
[FW] iter=255  min_eig=1.543300e+00
[FW] iter=256  min_eig=1.543337e+00
[FW] iter=257  min_eig=1.543364e+00
[FW] iter=258  min_eig=1.543406e+00
[FW] iter=259  min_eig=1.543438e+00
[FW] iter=260  min_eig=1.543469e+00
[FW] iter=261  min_eig=1.543506e+00
[FW] iter=262  min_eig=1.543539e+00
[FW] iter=263  min_eig=1.543569e+00
[FW] iter=264  min_eig=1.543601e+00
[FW] iter=265  min_eig=1.543634e+00
[FW] iter=266  min_eig=1.543658e+00
[FW] iter=267  min_eig=1.543696e+00
[FW] iter=268  min_eig=1.543725e+00
[FW] iter=269  min_eig=1.543753e+00
[FW] iter=270  min_eig=1.543786e+00
[FW] iter=271  min_eig=1.543817e+00
[FW] iter=272  min_eig=1.543844e+00
[FW] iter=273  min_eig=1.543872e+00
[FW] iter=274  min_eig=1.543903e+00
[FW] iter=275  min_eig=1.543924e+00
[FW] iter=276  min_eig=1.543958e+00
[FW] iter=277  min_eig=1.543985e+00
[FW] iter=278  min_eig=1.544010e+00
[FW] iter=279  min_eig=1.544040e+00
[FW] iter=280  min_eig=1.544068e+00
[FW] iter=281  min_eig=1.544092e+00
[FW] iter=282  min_eig=1.544118e+00
[FW] iter=283  min_eig=1.544146e+00
[FW] iter=284  min_eig=1.544165e+00
[FW] iter=285  min_eig=1.544196e+00
[FW] iter=286  min_eig=1.544220e+00
[FW] iter=287  min_eig=1.544243e+00
[FW] iter=288  min_eig=1.544270e+00
[FW] iter=289  min_eig=1.544296e+00
[FW] iter=290  min_eig=1.544318e+00
[FW] iter=291  min_eig=1.544341e+00
[FW] iter=292  min_eig=1.544367e+00
[FW] iter=293  min_eig=1.544384e+00
[FW] iter=294  min_eig=1.544413e+00
[FW] iter=295  min_eig=1.544434e+00
[FW] iter=296  min_eig=1.544455e+00
[FW] iter=297  min_eig=1.544480e+00
[FW] iter=298  min_eig=1.544504e+00
[FW] iter=299  min_eig=1.544523e+00
  [fw-e] min_eig=1.4777e+00  heldout=1.5156  (2.3s)
[FW-A] Building 720 candidate information matrices...
Building FIM:   0%|          | 0/720 [00:00<?, ?candidate/s]Building FIM:  98%|█████████▊| 704/720 [00:00<00:00, 4729.50candidate/s]Building FIM: 100%|██████████| 720/720 [00:00<00:00, 4828.00candidate/s]
[FW-A] Done. Starting Frank-Wolfe A-optimal (select_k=40)...
[FW-A] Pre-extracting dense blocks (intr_dim=9, num_poses=720)...
[FW-A] Block extraction done. Starting iterations...
[FW-A] iter=  0  -trace(H^{-1})=-1.681226e+00
[FW-A] iter=  1  -trace(H^{-1})=-1.813728e+00
[FW-A] iter=  2  -trace(H^{-1})=-2.456222e+00
[FW-A] iter=  3  -trace(H^{-1})=-1.760241e+00
[FW-A] iter=  4  -trace(H^{-1})=-1.936372e+00
[FW-A] iter=  5  -trace(H^{-1})=-2.209475e+00
[FW-A] iter=  6  -trace(H^{-1})=-2.206410e+00
[FW-A] iter=  7  -trace(H^{-1})=-2.314407e+00
[FW-A] iter=  8  -trace(H^{-1})=-1.847797e+00
[FW-A] iter=  9  -trace(H^{-1})=-1.936154e+00
[FW-A] iter= 10  -trace(H^{-1})=-1.916495e+00
[FW-A] iter= 11  -trace(H^{-1})=-1.746007e+00
[FW-A] iter= 12  -trace(H^{-1})=-1.790533e+00
[FW-A] iter= 13  -trace(H^{-1})=-1.804985e+00
[FW-A] iter= 14  -trace(H^{-1})=-1.674216e+00
[FW-A] iter= 15  -trace(H^{-1})=-1.687746e+00
[FW-A] iter= 16  -trace(H^{-1})=-1.790468e+00
[FW-A] iter= 17  -trace(H^{-1})=-1.764989e+00
[FW-A] iter= 18  -trace(H^{-1})=-1.827165e+00
[FW-A] iter= 19  -trace(H^{-1})=-1.661958e+00
[FW-A] iter= 20  -trace(H^{-1})=-1.550466e+00
[FW-A] iter= 21  -trace(H^{-1})=-1.477391e+00
[FW-A] iter= 22  -trace(H^{-1})=-1.422957e+00
[FW-A] iter= 23  -trace(H^{-1})=-1.366780e+00
[FW-A] iter= 24  -trace(H^{-1})=-1.329405e+00
[FW-A] iter= 25  -trace(H^{-1})=-1.296434e+00
[FW-A] iter= 26  -trace(H^{-1})=-1.264692e+00
[FW-A] iter= 27  -trace(H^{-1})=-1.238115e+00
[FW-A] iter= 28  -trace(H^{-1})=-1.216785e+00
[FW-A] iter= 29  -trace(H^{-1})=-1.198920e+00
[FW-A] iter= 30  -trace(H^{-1})=-1.181766e+00
[FW-A] iter= 31  -trace(H^{-1})=-1.167023e+00
[FW-A] iter= 32  -trace(H^{-1})=-1.156863e+00
[FW-A] iter= 33  -trace(H^{-1})=-1.143209e+00
[FW-A] iter= 34  -trace(H^{-1})=-1.132010e+00
[FW-A] iter= 35  -trace(H^{-1})=-1.122055e+00
[FW-A] iter= 36  -trace(H^{-1})=-1.113127e+00
[FW-A] iter= 37  -trace(H^{-1})=-1.105090e+00
[FW-A] iter= 38  -trace(H^{-1})=-1.097709e+00
[FW-A] iter= 39  -trace(H^{-1})=-1.091018e+00
[FW-A] iter= 40  -trace(H^{-1})=-1.084967e+00
[FW-A] iter= 41  -trace(H^{-1})=-1.079320e+00
[FW-A] iter= 42  -trace(H^{-1})=-1.074157e+00
[FW-A] iter= 43  -trace(H^{-1})=-1.069423e+00
[FW-A] iter= 44  -trace(H^{-1})=-1.065048e+00
[FW-A] iter= 45  -trace(H^{-1})=-1.060968e+00
[FW-A] iter= 46  -trace(H^{-1})=-1.057203e+00
[FW-A] iter= 47  -trace(H^{-1})=-1.053732e+00
[FW-A] iter= 48  -trace(H^{-1})=-1.050454e+00
[FW-A] iter= 49  -trace(H^{-1})=-1.047440e+00
[FW-A] iter= 50  -trace(H^{-1})=-1.044556e+00
[FW-A] iter= 51  -trace(H^{-1})=-1.041874e+00
[FW-A] iter= 52  -trace(H^{-1})=-1.039374e+00
[FW-A] iter= 53  -trace(H^{-1})=-1.037030e+00
[FW-A] iter= 54  -trace(H^{-1})=-1.034804e+00
[FW-A] iter= 55  -trace(H^{-1})=-1.032721e+00
[FW-A] iter= 56  -trace(H^{-1})=-1.030774e+00
[FW-A] iter= 57  -trace(H^{-1})=-1.028903e+00
[FW-A] iter= 58  -trace(H^{-1})=-1.027148e+00
[FW-A] iter= 59  -trace(H^{-1})=-1.025513e+00
[FW-A] iter= 60  -trace(H^{-1})=-1.023924e+00
[FW-A] iter= 61  -trace(H^{-1})=-1.022429e+00
[FW-A] iter= 62  -trace(H^{-1})=-1.021045e+00
[FW-A] iter= 63  -trace(H^{-1})=-1.019688e+00
[FW-A] iter= 64  -trace(H^{-1})=-1.018408e+00
[FW-A] iter= 65  -trace(H^{-1})=-1.017203e+00
[FW-A] iter= 66  -trace(H^{-1})=-1.016030e+00
[FW-A] iter= 67  -trace(H^{-1})=-1.014922e+00
[FW-A] iter= 68  -trace(H^{-1})=-1.013885e+00
[FW-A] iter= 69  -trace(H^{-1})=-1.012864e+00
[FW-A] iter= 70  -trace(H^{-1})=-1.011897e+00
[FW-A] iter= 71  -trace(H^{-1})=-1.010981e+00
[FW-A] iter= 72  -trace(H^{-1})=-1.010104e+00
[FW-A] iter= 73  -trace(H^{-1})=-1.009255e+00
[FW-A] iter= 74  -trace(H^{-1})=-1.008450e+00
[FW-A] iter= 75  -trace(H^{-1})=-1.007684e+00
[FW-A] iter= 76  -trace(H^{-1})=-1.006934e+00
[FW-A] iter= 77  -trace(H^{-1})=-1.006220e+00
[FW-A] iter= 78  -trace(H^{-1})=-1.005551e+00
[FW-A] iter= 79  -trace(H^{-1})=-1.004888e+00
[FW-A] iter= 80  -trace(H^{-1})=-1.004256e+00
[FW-A] iter= 81  -trace(H^{-1})=-1.003650e+00
[FW-A] iter= 82  -trace(H^{-1})=-1.003058e+00
[FW-A] iter= 83  -trace(H^{-1})=-1.002494e+00
[FW-A] iter= 84  -trace(H^{-1})=-1.001956e+00
[FW-A] iter= 85  -trace(H^{-1})=-1.001425e+00
[FW-A] iter= 86  -trace(H^{-1})=-1.000919e+00
[FW-A] iter= 87  -trace(H^{-1})=-1.000441e+00
[FW-A] iter= 88  -trace(H^{-1})=-9.999631e-01
[FW-A] iter= 89  -trace(H^{-1})=-9.995066e-01
[FW-A] iter= 90  -trace(H^{-1})=-9.990804e-01
[FW-A] iter= 91  -trace(H^{-1})=-9.986478e-01
[FW-A] iter= 92  -trace(H^{-1})=-9.982346e-01
[FW-A] iter= 93  -trace(H^{-1})=-9.978396e-01
[FW-A] iter= 94  -trace(H^{-1})=-9.974605e-01
[FW-A] iter= 95  -trace(H^{-1})=-9.970850e-01
[FW-A] iter= 96  -trace(H^{-1})=-9.967257e-01
[FW-A] iter= 97  -trace(H^{-1})=-9.963833e-01
[FW-A] iter= 98  -trace(H^{-1})=-9.960431e-01
[FW-A] iter= 99  -trace(H^{-1})=-9.957260e-01
[FW-A] iter=100  -trace(H^{-1})=-9.954012e-01
[FW-A] iter=101  -trace(H^{-1})=-9.950903e-01
[FW-A] iter=102  -trace(H^{-1})=-9.947925e-01
[FW-A] iter=103  -trace(H^{-1})=-9.945065e-01
[FW-A] iter=104  -trace(H^{-1})=-9.942213e-01
[FW-A] iter=105  -trace(H^{-1})=-9.939480e-01
[FW-A] iter=106  -trace(H^{-1})=-9.936888e-01
[FW-A] iter=107  -trace(H^{-1})=-9.934265e-01
[FW-A] iter=108  -trace(H^{-1})=-9.931750e-01
[FW-A] iter=109  -trace(H^{-1})=-9.929396e-01
[FW-A] iter=110  -trace(H^{-1})=-9.926976e-01
[FW-A] iter=111  -trace(H^{-1})=-9.924656e-01
[FW-A] iter=112  -trace(H^{-1})=-9.922500e-01
[FW-A] iter=113  -trace(H^{-1})=-9.920280e-01
[FW-A] iter=114  -trace(H^{-1})=-9.918150e-01
[FW-A] iter=115  -trace(H^{-1})=-9.916130e-01
[FW-A] iter=116  -trace(H^{-1})=-9.914073e-01
[FW-A] iter=117  -trace(H^{-1})=-9.912099e-01
[FW-A] iter=118  -trace(H^{-1})=-9.910254e-01
[FW-A] iter=119  -trace(H^{-1})=-9.908344e-01
[FW-A] iter=120  -trace(H^{-1})=-9.906510e-01
[FW-A] iter=121  -trace(H^{-1})=-9.904749e-01
[FW-A] iter=122  -trace(H^{-1})=-9.903045e-01
[FW-A] iter=123  -trace(H^{-1})=-9.901337e-01
[FW-A] iter=124  -trace(H^{-1})=-9.899696e-01
[FW-A] iter=125  -trace(H^{-1})=-9.898133e-01
[FW-A] iter=126  -trace(H^{-1})=-9.896539e-01
[FW-A] iter=127  -trace(H^{-1})=-9.895008e-01
[FW-A] iter=128  -trace(H^{-1})=-9.893573e-01
[FW-A] iter=129  -trace(H^{-1})=-9.892095e-01
[FW-A] iter=130  -trace(H^{-1})=-9.890675e-01
[FW-A] iter=131  -trace(H^{-1})=-9.889304e-01
[FW-A] iter=132  -trace(H^{-1})=-9.887920e-01
[FW-A] iter=133  -trace(H^{-1})=-9.886590e-01
[FW-A] iter=134  -trace(H^{-1})=-9.885327e-01
[FW-A] iter=135  -trace(H^{-1})=-9.884029e-01
[FW-A] iter=136  -trace(H^{-1})=-9.882781e-01
[FW-A] iter=137  -trace(H^{-1})=-9.881616e-01
[FW-A] iter=138  -trace(H^{-1})=-9.880397e-01
[FW-A] iter=139  -trace(H^{-1})=-9.879224e-01
[FW-A] iter=140  -trace(H^{-1})=-9.878097e-01
[FW-A] iter=141  -trace(H^{-1})=-9.877001e-01
[FW-A] iter=142  -trace(H^{-1})=-9.875897e-01
[FW-A] iter=143  -trace(H^{-1})=-9.874835e-01
[FW-A] iter=144  -trace(H^{-1})=-9.873831e-01
[FW-A] iter=145  -trace(H^{-1})=-9.872799e-01
[FW-A] iter=146  -trace(H^{-1})=-9.871840e-01
[FW-A] iter=147  -trace(H^{-1})=-9.870828e-01
[FW-A] iter=148  -trace(H^{-1})=-9.869854e-01
[FW-A] iter=149  -trace(H^{-1})=-9.868918e-01
[FW-A] iter=150  -trace(H^{-1})=-9.868010e-01
[FW-A] iter=151  -trace(H^{-1})=-9.867090e-01
[FW-A] iter=152  -trace(H^{-1})=-9.866204e-01
[FW-A] iter=153  -trace(H^{-1})=-9.865362e-01
[FW-A] iter=154  -trace(H^{-1})=-9.864490e-01
[FW-A] iter=155  -trace(H^{-1})=-9.863652e-01
[FW-A] iter=156  -trace(H^{-1})=-9.862870e-01
[FW-A] iter=157  -trace(H^{-1})=-9.862044e-01
[FW-A] iter=158  -trace(H^{-1})=-9.861249e-01
[FW-A] iter=159  -trace(H^{-1})=-9.860484e-01
[FW-A] iter=160  -trace(H^{-1})=-9.859738e-01
[FW-A] iter=161  -trace(H^{-1})=-9.858983e-01
[FW-A] iter=162  -trace(H^{-1})=-9.858257e-01
[FW-A] iter=163  -trace(H^{-1})=-9.857560e-01
[FW-A] iter=164  -trace(H^{-1})=-9.856850e-01
[FW-A] iter=165  -trace(H^{-1})=-9.856192e-01
[FW-A] iter=166  -trace(H^{-1})=-9.855489e-01
[FW-A] iter=167  -trace(H^{-1})=-9.854814e-01
[FW-A] iter=168  -trace(H^{-1})=-9.854164e-01
[FW-A] iter=169  -trace(H^{-1})=-9.853532e-01
[FW-A] iter=170  -trace(H^{-1})=-9.852889e-01
[FW-A] iter=171  -trace(H^{-1})=-9.852270e-01
[FW-A] iter=172  -trace(H^{-1})=-9.851681e-01
[FW-A] iter=173  -trace(H^{-1})=-9.851067e-01
[FW-A] iter=174  -trace(H^{-1})=-9.850476e-01
[FW-A] iter=175  -trace(H^{-1})=-9.849927e-01
[FW-A] iter=176  -trace(H^{-1})=-9.849341e-01
[FW-A] iter=177  -trace(H^{-1})=-9.848777e-01
[FW-A] iter=178  -trace(H^{-1})=-9.848262e-01
[FW-A] iter=179  -trace(H^{-1})=-9.847708e-01
[FW-A] iter=180  -trace(H^{-1})=-9.847176e-01
[FW-A] iter=181  -trace(H^{-1})=-9.846671e-01
[FW-A] iter=182  -trace(H^{-1})=-9.846141e-01
[FW-A] iter=183  -trace(H^{-1})=-9.845632e-01
[FW-A] iter=184  -trace(H^{-1})=-9.845161e-01
[FW-A] iter=185  -trace(H^{-1})=-9.844653e-01
[FW-A] iter=186  -trace(H^{-1})=-9.844166e-01
[FW-A] iter=187  -trace(H^{-1})=-9.843697e-01
[FW-A] iter=188  -trace(H^{-1})=-9.843239e-01
[FW-A] iter=189  -trace(H^{-1})=-9.842772e-01
[FW-A] iter=190  -trace(H^{-1})=-9.842323e-01
[FW-A] iter=191  -trace(H^{-1})=-9.841895e-01
[FW-A] iter=192  -trace(H^{-1})=-9.841446e-01
[FW-A] iter=193  -trace(H^{-1})=-9.841015e-01
[FW-A] iter=194  -trace(H^{-1})=-9.840617e-01
[FW-A] iter=195  -trace(H^{-1})=-9.840191e-01
[FW-A] iter=196  -trace(H^{-1})=-9.839783e-01
[FW-A] iter=197  -trace(H^{-1})=-9.839385e-01
[FW-A] iter=198  -trace(H^{-1})=-9.838977e-01
[FW-A] iter=199  -trace(H^{-1})=-9.838584e-01
[FW-A] iter=200  -trace(H^{-1})=-9.838212e-01
[FW-A] iter=201  -trace(H^{-1})=-9.837819e-01
[FW-A] iter=202  -trace(H^{-1})=-9.837441e-01
[FW-A] iter=203  -trace(H^{-1})=-9.837093e-01
[FW-A] iter=204  -trace(H^{-1})=-9.836714e-01
[FW-A] iter=205  -trace(H^{-1})=-9.836351e-01
[FW-A] iter=206  -trace(H^{-1})=-9.836001e-01
[FW-A] iter=207  -trace(H^{-1})=-9.835660e-01
[FW-A] iter=208  -trace(H^{-1})=-9.835309e-01
[FW-A] iter=209  -trace(H^{-1})=-9.834973e-01
[FW-A] iter=210  -trace(H^{-1})=-9.834653e-01
[FW-A] iter=211  -trace(H^{-1})=-9.834315e-01
[FW-A] iter=212  -trace(H^{-1})=-9.833990e-01
[FW-A] iter=213  -trace(H^{-1})=-9.833687e-01
[FW-A] iter=214  -trace(H^{-1})=-9.833365e-01
[FW-A] iter=215  -trace(H^{-1})=-9.833056e-01
[FW-A] iter=216  -trace(H^{-1})=-9.832756e-01
[FW-A] iter=217  -trace(H^{-1})=-9.832446e-01
[FW-A] iter=218  -trace(H^{-1})=-9.832148e-01
[FW-A] iter=219  -trace(H^{-1})=-9.831866e-01
[FW-A] iter=220  -trace(H^{-1})=-9.831566e-01
[FW-A] iter=221  -trace(H^{-1})=-9.831278e-01
[FW-A] iter=222  -trace(H^{-1})=-9.831014e-01
[FW-A] iter=223  -trace(H^{-1})=-9.830724e-01
[FW-A] iter=224  -trace(H^{-1})=-9.830445e-01
[FW-A] iter=225  -trace(H^{-1})=-9.830178e-01
[FW-A] iter=226  -trace(H^{-1})=-9.829917e-01
[FW-A] iter=227  -trace(H^{-1})=-9.829647e-01
[FW-A] iter=228  -trace(H^{-1})=-9.829389e-01
[FW-A] iter=229  -trace(H^{-1})=-9.829144e-01
[FW-A] iter=230  -trace(H^{-1})=-9.828887e-01
[FW-A] iter=231  -trace(H^{-1})=-9.828653e-01
[FW-A] iter=232  -trace(H^{-1})=-9.828393e-01
[FW-A] iter=233  -trace(H^{-1})=-9.828145e-01
[FW-A] iter=234  -trace(H^{-1})=-9.827906e-01
[FW-A] iter=235  -trace(H^{-1})=-9.827674e-01
[FW-A] iter=236  -trace(H^{-1})=-9.827432e-01
[FW-A] iter=237  -trace(H^{-1})=-9.827201e-01
[FW-A] iter=238  -trace(H^{-1})=-9.826983e-01
[FW-A] iter=239  -trace(H^{-1})=-9.826749e-01
[FW-A] iter=240  -trace(H^{-1})=-9.826524e-01
[FW-A] iter=241  -trace(H^{-1})=-9.826319e-01
[FW-A] iter=242  -trace(H^{-1})=-9.826092e-01
[FW-A] iter=243  -trace(H^{-1})=-9.825874e-01
[FW-A] iter=244  -trace(H^{-1})=-9.825682e-01
[FW-A] iter=245  -trace(H^{-1})=-9.825464e-01
[FW-A] iter=246  -trace(H^{-1})=-9.825256e-01
[FW-A] iter=247  -trace(H^{-1})=-9.825061e-01
[FW-A] iter=248  -trace(H^{-1})=-9.824850e-01
[FW-A] iter=249  -trace(H^{-1})=-9.824648e-01
[FW-A] iter=250  -trace(H^{-1})=-9.824465e-01
[FW-A] iter=251  -trace(H^{-1})=-9.824260e-01
[FW-A] iter=252  -trace(H^{-1})=-9.824063e-01
[FW-A] iter=253  -trace(H^{-1})=-9.823875e-01
[FW-A] iter=254  -trace(H^{-1})=-9.823691e-01
[FW-A] iter=255  -trace(H^{-1})=-9.823500e-01
[FW-A] iter=256  -trace(H^{-1})=-9.823317e-01
[FW-A] iter=257  -trace(H^{-1})=-9.823144e-01
[FW-A] iter=258  -trace(H^{-1})=-9.822958e-01
[FW-A] iter=259  -trace(H^{-1})=-9.822780e-01
[FW-A] iter=260  -trace(H^{-1})=-9.822621e-01
[FW-A] iter=261  -trace(H^{-1})=-9.822443e-01
[FW-A] iter=262  -trace(H^{-1})=-9.822272e-01
[FW-A] iter=263  -trace(H^{-1})=-9.822107e-01
[FW-A] iter=264  -trace(H^{-1})=-9.821933e-01
[FW-A] iter=265  -trace(H^{-1})=-9.821767e-01
[FW-A] iter=266  -trace(H^{-1})=-9.821612e-01
[FW-A] iter=267  -trace(H^{-1})=-9.821442e-01
[FW-A] iter=268  -trace(H^{-1})=-9.821280e-01
[FW-A] iter=269  -trace(H^{-1})=-9.821134e-01
[FW-A] iter=270  -trace(H^{-1})=-9.820969e-01
[FW-A] iter=271  -trace(H^{-1})=-9.820811e-01
[FW-A] iter=272  -trace(H^{-1})=-9.820660e-01
[FW-A] iter=273  -trace(H^{-1})=-9.820513e-01
[FW-A] iter=274  -trace(H^{-1})=-9.820359e-01
[FW-A] iter=275  -trace(H^{-1})=-9.820211e-01
[FW-A] iter=276  -trace(H^{-1})=-9.820073e-01
[FW-A] iter=277  -trace(H^{-1})=-9.819922e-01
[FW-A] iter=278  -trace(H^{-1})=-9.819778e-01
[FW-A] iter=279  -trace(H^{-1})=-9.819648e-01
[FW-A] iter=280  -trace(H^{-1})=-9.819503e-01
[FW-A] iter=281  -trace(H^{-1})=-9.819365e-01
[FW-A] iter=282  -trace(H^{-1})=-9.819232e-01
[FW-A] iter=283  -trace(H^{-1})=-9.819091e-01
[FW-A] iter=284  -trace(H^{-1})=-9.818956e-01
[FW-A] iter=285  -trace(H^{-1})=-9.818831e-01
[FW-A] iter=286  -trace(H^{-1})=-9.818693e-01
[FW-A] iter=287  -trace(H^{-1})=-9.818561e-01
[FW-A] iter=288  -trace(H^{-1})=-9.818443e-01
[FW-A] iter=289  -trace(H^{-1})=-9.818308e-01
[FW-A] iter=290  -trace(H^{-1})=-9.818179e-01
[FW-A] iter=291  -trace(H^{-1})=-9.818056e-01
[FW-A] iter=292  -trace(H^{-1})=-9.817936e-01
[FW-A] iter=293  -trace(H^{-1})=-9.817810e-01
[FW-A] iter=294  -trace(H^{-1})=-9.817689e-01
[FW-A] iter=295  -trace(H^{-1})=-9.817579e-01
[FW-A] iter=296  -trace(H^{-1})=-9.817458e-01
[FW-A] iter=297  -trace(H^{-1})=-9.817350e-01
[FW-A] iter=298  -trace(H^{-1})=-9.817226e-01
[FW-A] iter=299  -trace(H^{-1})=-9.817108e-01
  [fw-a] min_eig=1.5071e+00  heldout=1.1447  (2.5s)
[FW-D] Building 720 candidate information matrices...
Building FIM:   0%|          | 0/720 [00:00<?, ?candidate/s]Building FIM:  62%|██████▏   | 448/720 [00:00<00:00, 4343.93candidate/s]Building FIM: 100%|██████████| 720/720 [00:00<00:00, 4637.44candidate/s]
[FW-D] Done. Starting Frank-Wolfe D-optimal (select_k=40)...
[FW-D] Pre-extracting dense blocks (intr_dim=9, num_poses=720)...
[FW-D] Block extraction done. Starting iterations...
[FW-D] iter=  0  logdet=8.853626e+01
[FW-D] iter=  1  logdet=9.170037e+01
[FW-D] iter=  2  logdet=8.895987e+01
[FW-D] iter=  3  logdet=8.818295e+01
[FW-D] iter=  4  logdet=8.771125e+01
[FW-D] iter=  5  logdet=8.783467e+01
[FW-D] iter=  6  logdet=8.787721e+01
[FW-D] iter=  7  logdet=8.854689e+01
[FW-D] iter=  8  logdet=8.866378e+01
[FW-D] iter=  9  logdet=8.869325e+01
[FW-D] iter= 10  logdet=8.872070e+01
[FW-D] iter= 11  logdet=8.862826e+01
[FW-D] iter= 12  logdet=8.854934e+01
[FW-D] iter= 13  logdet=8.848751e+01
[FW-D] iter= 14  logdet=8.853062e+01
[FW-D] iter= 15  logdet=8.820600e+01
[FW-D] iter= 16  logdet=8.824517e+01
[FW-D] iter= 17  logdet=8.820437e+01
[FW-D] iter= 18  logdet=8.802747e+01
[FW-D] iter= 19  logdet=8.850351e+01
[FW-D] iter= 20  logdet=8.890269e+01
[FW-D] iter= 21  logdet=8.922398e+01
[FW-D] iter= 22  logdet=8.948755e+01
[FW-D] iter= 23  logdet=8.970776e+01
[FW-D] iter= 24  logdet=8.989438e+01
[FW-D] iter= 25  logdet=9.005439e+01
[FW-D] iter= 26  logdet=9.019222e+01
[FW-D] iter= 27  logdet=9.031351e+01
[FW-D] iter= 28  logdet=9.042011e+01
[FW-D] iter= 29  logdet=9.051439e+01
[FW-D] iter= 30  logdet=9.059826e+01
[FW-D] iter= 31  logdet=9.067325e+01
[FW-D] iter= 32  logdet=9.074062e+01
[FW-D] iter= 33  logdet=9.079972e+01
[FW-D] iter= 34  logdet=9.085522e+01
[FW-D] iter= 35  logdet=9.090561e+01
[FW-D] iter= 36  logdet=9.095151e+01
[FW-D] iter= 37  logdet=9.099346e+01
[FW-D] iter= 38  logdet=9.103191e+01
[FW-D] iter= 39  logdet=9.106724e+01
[FW-D] iter= 40  logdet=9.109979e+01
[FW-D] iter= 41  logdet=9.112985e+01
[FW-D] iter= 42  logdet=9.115767e+01
[FW-D] iter= 43  logdet=9.118347e+01
[FW-D] iter= 44  logdet=9.120745e+01
[FW-D] iter= 45  logdet=9.122978e+01
[FW-D] iter= 46  logdet=9.124985e+01
[FW-D] iter= 47  logdet=9.126949e+01
[FW-D] iter= 48  logdet=9.128785e+01
[FW-D] iter= 49  logdet=9.130505e+01
[FW-D] iter= 50  logdet=9.132118e+01
[FW-D] iter= 51  logdet=9.133633e+01
[FW-D] iter= 52  logdet=9.135058e+01
[FW-D] iter= 53  logdet=9.136400e+01
[FW-D] iter= 54  logdet=9.137666e+01
[FW-D] iter= 55  logdet=9.138860e+01
[FW-D] iter= 56  logdet=9.139989e+01
[FW-D] iter= 57  logdet=9.141057e+01
[FW-D] iter= 58  logdet=9.142068e+01
[FW-D] iter= 59  logdet=9.142980e+01
[FW-D] iter= 60  logdet=9.143901e+01
[FW-D] iter= 61  logdet=9.144775e+01
[FW-D] iter= 62  logdet=9.145605e+01
[FW-D] iter= 63  logdet=9.146395e+01
[FW-D] iter= 64  logdet=9.147146e+01
[FW-D] iter= 65  logdet=9.147862e+01
[FW-D] iter= 66  logdet=9.148544e+01
[FW-D] iter= 67  logdet=9.149196e+01
[FW-D] iter= 68  logdet=9.149817e+01
[FW-D] iter= 69  logdet=9.150411e+01
[FW-D] iter= 70  logdet=9.150979e+01
[FW-D] iter= 71  logdet=9.151523e+01
[FW-D] iter= 72  logdet=9.152043e+01
[FW-D] iter= 73  logdet=9.152514e+01
[FW-D] iter= 74  logdet=9.152998e+01
[FW-D] iter= 75  logdet=9.153462e+01
[FW-D] iter= 76  logdet=9.153908e+01
[FW-D] iter= 77  logdet=9.154335e+01
[FW-D] iter= 78  logdet=9.154746e+01
[FW-D] iter= 79  logdet=9.155141e+01
[FW-D] iter= 80  logdet=9.155520e+01
[FW-D] iter= 81  logdet=9.155885e+01
[FW-D] iter= 82  logdet=9.156236e+01
[FW-D] iter= 83  logdet=9.156574e+01
[FW-D] iter= 84  logdet=9.156900e+01
[FW-D] iter= 85  logdet=9.157214e+01
[FW-D] iter= 86  logdet=9.157517e+01
[FW-D] iter= 87  logdet=9.157789e+01
[FW-D] iter= 88  logdet=9.158075e+01
[FW-D] iter= 89  logdet=9.158352e+01
[FW-D] iter= 90  logdet=9.158618e+01
[FW-D] iter= 91  logdet=9.158876e+01
[FW-D] iter= 92  logdet=9.159125e+01
[FW-D] iter= 93  logdet=9.159365e+01
[FW-D] iter= 94  logdet=9.159598e+01
[FW-D] iter= 95  logdet=9.159823e+01
[FW-D] iter= 96  logdet=9.160040e+01
[FW-D] iter= 97  logdet=9.160251e+01
[FW-D] iter= 98  logdet=9.160455e+01
[FW-D] iter= 99  logdet=9.160653e+01
[FW-D] iter=100  logdet=9.160844e+01
[FW-D] iter=101  logdet=9.161015e+01
[FW-D] iter=102  logdet=9.161199e+01
[FW-D] iter=103  logdet=9.161376e+01
[FW-D] iter=104  logdet=9.161549e+01
[FW-D] iter=105  logdet=9.161716e+01
[FW-D] iter=106  logdet=9.161878e+01
[FW-D] iter=107  logdet=9.162035e+01
[FW-D] iter=108  logdet=9.162188e+01
[FW-D] iter=109  logdet=9.162337e+01
[FW-D] iter=110  logdet=9.162481e+01
[FW-D] iter=111  logdet=9.162621e+01
[FW-D] iter=112  logdet=9.162758e+01
[FW-D] iter=113  logdet=9.162890e+01
[FW-D] iter=114  logdet=9.163019e+01
[FW-D] iter=115  logdet=9.163133e+01
[FW-D] iter=116  logdet=9.163257e+01
[FW-D] iter=117  logdet=9.163378e+01
[FW-D] iter=118  logdet=9.163496e+01
[FW-D] iter=119  logdet=9.163611e+01
[FW-D] iter=120  logdet=9.163722e+01
[FW-D] iter=121  logdet=9.163831e+01
[FW-D] iter=122  logdet=9.163937e+01
[FW-D] iter=123  logdet=9.164040e+01
[FW-D] iter=124  logdet=9.164141e+01
[FW-D] iter=125  logdet=9.164239e+01
[FW-D] iter=126  logdet=9.164334e+01
[FW-D] iter=127  logdet=9.164427e+01
[FW-D] iter=128  logdet=9.164510e+01
[FW-D] iter=129  logdet=9.164600e+01
[FW-D] iter=130  logdet=9.164688e+01
[FW-D] iter=131  logdet=9.164773e+01
[FW-D] iter=132  logdet=9.164856e+01
[FW-D] iter=133  logdet=9.164938e+01
[FW-D] iter=134  logdet=9.165017e+01
[FW-D] iter=135  logdet=9.165095e+01
[FW-D] iter=136  logdet=9.165171e+01
[FW-D] iter=137  logdet=9.165237e+01
[FW-D] iter=138  logdet=9.165311e+01
[FW-D] iter=139  logdet=9.165383e+01
[FW-D] iter=140  logdet=9.165454e+01
[FW-D] iter=141  logdet=9.165523e+01
[FW-D] iter=142  logdet=9.165590e+01
[FW-D] iter=143  logdet=9.165656e+01
[FW-D] iter=144  logdet=9.165720e+01
[FW-D] iter=145  logdet=9.165783e+01
[FW-D] iter=146  logdet=9.165845e+01
[FW-D] iter=147  logdet=9.165905e+01
[FW-D] iter=148  logdet=9.165964e+01
[FW-D] iter=149  logdet=9.166022e+01
[FW-D] iter=150  logdet=9.166078e+01
[FW-D] iter=151  logdet=9.166126e+01
[FW-D] iter=152  logdet=9.166182e+01
[FW-D] iter=153  logdet=9.166236e+01
[FW-D] iter=154  logdet=9.166289e+01
[FW-D] iter=155  logdet=9.166341e+01
[FW-D] iter=156  logdet=9.166392e+01
[FW-D] iter=157  logdet=9.166442e+01
[FW-D] iter=158  logdet=9.166490e+01
[FW-D] iter=159  logdet=9.166538e+01
[FW-D] iter=160  logdet=9.166585e+01
[FW-D] iter=161  logdet=9.166631e+01
[FW-D] iter=162  logdet=9.166676e+01
[FW-D] iter=163  logdet=9.166720e+01
[FW-D] iter=164  logdet=9.166763e+01
[FW-D] iter=165  logdet=9.166805e+01
[FW-D] iter=166  logdet=9.166841e+01
[FW-D] iter=167  logdet=9.166883e+01
[FW-D] iter=168  logdet=9.166924e+01
[FW-D] iter=169  logdet=9.166964e+01
[FW-D] iter=170  logdet=9.167003e+01
[FW-D] iter=171  logdet=9.167042e+01
[FW-D] iter=172  logdet=9.167080e+01
[FW-D] iter=173  logdet=9.167117e+01
[FW-D] iter=174  logdet=9.167153e+01
[FW-D] iter=175  logdet=9.167189e+01
[FW-D] iter=176  logdet=9.167224e+01
[FW-D] iter=177  logdet=9.167258e+01
[FW-D] iter=178  logdet=9.167292e+01
[FW-D] iter=179  logdet=9.167325e+01
[FW-D] iter=180  logdet=9.167353e+01
[FW-D] iter=181  logdet=9.167386e+01
[FW-D] iter=182  logdet=9.167418e+01
[FW-D] iter=183  logdet=9.167449e+01
[FW-D] iter=184  logdet=9.167480e+01
[FW-D] iter=185  logdet=9.167511e+01
[FW-D] iter=186  logdet=9.167541e+01
[FW-D] iter=187  logdet=9.167570e+01
[FW-D] iter=188  logdet=9.167599e+01
[FW-D] iter=189  logdet=9.167628e+01
[FW-D] iter=190  logdet=9.167655e+01
[FW-D] iter=191  logdet=9.167683e+01
[FW-D] iter=192  logdet=9.167710e+01
[FW-D] iter=193  logdet=9.167736e+01
[FW-D] iter=194  logdet=9.167762e+01
[FW-D] iter=195  logdet=9.167784e+01
[FW-D] iter=196  logdet=9.167810e+01
[FW-D] iter=197  logdet=9.167835e+01
[FW-D] iter=198  logdet=9.167860e+01
[FW-D] iter=199  logdet=9.167884e+01
[FW-D] iter=200  logdet=9.167909e+01
[FW-D] iter=201  logdet=9.167932e+01
[FW-D] iter=202  logdet=9.167956e+01
[FW-D] iter=203  logdet=9.167979e+01
[FW-D] iter=204  logdet=9.168001e+01
[FW-D] iter=205  logdet=9.168023e+01
[FW-D] iter=206  logdet=9.168045e+01
[FW-D] iter=207  logdet=9.168066e+01
[FW-D] iter=208  logdet=9.168088e+01
[FW-D] iter=209  logdet=9.168105e+01
[FW-D] iter=210  logdet=9.168126e+01
[FW-D] iter=211  logdet=9.168146e+01
[FW-D] iter=212  logdet=9.168167e+01
[FW-D] iter=213  logdet=9.168187e+01
[FW-D] iter=214  logdet=9.168206e+01
[FW-D] iter=215  logdet=9.168226e+01
[FW-D] iter=216  logdet=9.168245e+01
[FW-D] iter=217  logdet=9.168264e+01
[FW-D] iter=218  logdet=9.168282e+01
[FW-D] iter=219  logdet=9.168300e+01
[FW-D] iter=220  logdet=9.168318e+01
[FW-D] iter=221  logdet=9.168336e+01
[FW-D] iter=222  logdet=9.168353e+01
[FW-D] iter=223  logdet=9.168370e+01
[FW-D] iter=224  logdet=9.168384e+01
[FW-D] iter=225  logdet=9.168401e+01
[FW-D] iter=226  logdet=9.168418e+01
[FW-D] iter=227  logdet=9.168435e+01
[FW-D] iter=228  logdet=9.168451e+01
[FW-D] iter=229  logdet=9.168467e+01
[FW-D] iter=230  logdet=9.168483e+01
[FW-D] iter=231  logdet=9.168499e+01
[FW-D] iter=232  logdet=9.168514e+01
[FW-D] iter=233  logdet=9.168529e+01
[FW-D] iter=234  logdet=9.168544e+01
[FW-D] iter=235  logdet=9.168559e+01
[FW-D] iter=236  logdet=9.168573e+01
[FW-D] iter=237  logdet=9.168587e+01
[FW-D] iter=238  logdet=9.168599e+01
[FW-D] iter=239  logdet=9.168613e+01
[FW-D] iter=240  logdet=9.168627e+01
[FW-D] iter=241  logdet=9.168641e+01
[FW-D] iter=242  logdet=9.168655e+01
[FW-D] iter=243  logdet=9.168668e+01
[FW-D] iter=244  logdet=9.168681e+01
[FW-D] iter=245  logdet=9.168695e+01
[FW-D] iter=246  logdet=9.168707e+01
[FW-D] iter=247  logdet=9.168720e+01
[FW-D] iter=248  logdet=9.168733e+01
[FW-D] iter=249  logdet=9.168745e+01
[FW-D] iter=250  logdet=9.168757e+01
[FW-D] iter=251  logdet=9.168769e+01
[FW-D] iter=252  logdet=9.168781e+01
[FW-D] iter=253  logdet=9.168790e+01
[FW-D] iter=254  logdet=9.168802e+01
[FW-D] iter=255  logdet=9.168814e+01
[FW-D] iter=256  logdet=9.168826e+01
[FW-D] iter=257  logdet=9.168837e+01
[FW-D] iter=258  logdet=9.168848e+01
[FW-D] iter=259  logdet=9.168859e+01
[FW-D] iter=260  logdet=9.168870e+01
[FW-D] iter=261  logdet=9.168881e+01
[FW-D] iter=262  logdet=9.168892e+01
[FW-D] iter=263  logdet=9.168902e+01
[FW-D] iter=264  logdet=9.168913e+01
[FW-D] iter=265  logdet=9.168923e+01
[FW-D] iter=266  logdet=9.168933e+01
[FW-D] iter=267  logdet=9.168943e+01
[FW-D] iter=268  logdet=9.168951e+01
[FW-D] iter=269  logdet=9.168961e+01
[FW-D] iter=270  logdet=9.168971e+01
[FW-D] iter=271  logdet=9.168980e+01
[FW-D] iter=272  logdet=9.168990e+01
[FW-D] iter=273  logdet=9.169000e+01
[FW-D] iter=274  logdet=9.169009e+01
[FW-D] iter=275  logdet=9.169018e+01
[FW-D] iter=276  logdet=9.169027e+01
[FW-D] iter=277  logdet=9.169036e+01
[FW-D] iter=278  logdet=9.169045e+01
[FW-D] iter=279  logdet=9.169054e+01
[FW-D] iter=280  logdet=9.169063e+01
[FW-D] iter=281  logdet=9.169071e+01
[FW-D] iter=282  logdet=9.169078e+01
[FW-D] iter=283  logdet=9.169086e+01
[FW-D] iter=284  logdet=9.169095e+01
[FW-D] iter=285  logdet=9.169103e+01
[FW-D] iter=286  logdet=9.169112e+01
[FW-D] iter=287  logdet=9.169120e+01
[FW-D] iter=288  logdet=9.169128e+01
[FW-D] iter=289  logdet=9.169136e+01
[FW-D] iter=290  logdet=9.169144e+01
[FW-D] iter=291  logdet=9.169152e+01
[FW-D] iter=292  logdet=9.169159e+01
[FW-D] iter=293  logdet=9.169167e+01
[FW-D] iter=294  logdet=9.169174e+01
[FW-D] iter=295  logdet=9.169182e+01
[FW-D] iter=296  logdet=9.169188e+01
[FW-D] iter=297  logdet=9.169195e+01
[FW-D] iter=298  logdet=9.169202e+01
[FW-D] iter=299  logdet=9.169209e+01
  [fw-d] min_eig=1.4101e+00  heldout=1.1637  (2.5s)

============================================================
K = 50  (held-out = 670 frames)
  [random] 25 trials...
  [coverage] min_eig=1.0207e+00  heldout=1.2625  (0.0s)
  [a-optimal] min_eig=1.8591e+00  heldout=0.9742  (18.3s)
  [d-optimal] min_eig=1.5870e+00  heldout=1.0795  (17.9s)
  [greedy-e] min_eig=1.8843e+00  heldout=1.2536  (17.8s)
[FW] Building 720 candidate information matrices...
Building FIM:   0%|          | 0/720 [00:00<?, ?candidate/s]Building FIM:  98%|█████████▊| 704/720 [00:00<00:00, 4648.82candidate/s]Building FIM: 100%|██████████| 720/720 [00:00<00:00, 4739.16candidate/s]
[FW] Done. Starting Frank-Wolfe optimization (select_k=50)...
[FW] Pre-extracting dense blocks (intr_dim=9, num_poses=720)...
[FW] Block extraction done. Starting iterations...
[FW] iter=  0  min_eig=9.962273e-01
[FW] iter=  1  min_eig=7.015734e-01
[FW] iter=  2  min_eig=7.175989e-01
[FW] iter=  3  min_eig=9.971776e-01
[FW] iter=  4  min_eig=7.998229e-01
[FW] iter=  5  min_eig=7.532463e-01
[FW] iter=  6  min_eig=8.921101e-01
[FW] iter=  7  min_eig=8.467734e-01
[FW] iter=  8  min_eig=8.396845e-01
[FW] iter=  9  min_eig=9.499522e-01
[FW] iter= 10  min_eig=8.738627e-01
[FW] iter= 11  min_eig=9.374884e-01
[FW] iter= 12  min_eig=9.608974e-01
[FW] iter= 13  min_eig=8.906978e-01
[FW] iter= 14  min_eig=8.701226e-01
[FW] iter= 15  min_eig=1.000859e+00
[FW] iter= 16  min_eig=1.069568e+00
[FW] iter= 17  min_eig=1.147944e+00
[FW] iter= 18  min_eig=1.243393e+00
[FW] iter= 19  min_eig=1.305334e+00
[FW] iter= 20  min_eig=1.358738e+00
[FW] iter= 21  min_eig=1.405044e+00
[FW] iter= 22  min_eig=1.444045e+00
[FW] iter= 23  min_eig=1.479618e+00
[FW] iter= 24  min_eig=1.511976e+00
[FW] iter= 25  min_eig=1.539885e+00
[FW] iter= 26  min_eig=1.564937e+00
[FW] iter= 27  min_eig=1.587301e+00
[FW] iter= 28  min_eig=1.607466e+00
[FW] iter= 29  min_eig=1.626355e+00
[FW] iter= 30  min_eig=1.643425e+00
[FW] iter= 31  min_eig=1.658137e+00
[FW] iter= 32  min_eig=1.671572e+00
[FW] iter= 33  min_eig=1.684363e+00
[FW] iter= 34  min_eig=1.696294e+00
[FW] iter= 35  min_eig=1.707337e+00
[FW] iter= 36  min_eig=1.717152e+00
[FW] iter= 37  min_eig=1.726536e+00
[FW] iter= 38  min_eig=1.734780e+00
[FW] iter= 39  min_eig=1.742168e+00
[FW] iter= 40  min_eig=1.749182e+00
[FW] iter= 41  min_eig=1.755586e+00
[FW] iter= 42  min_eig=1.762006e+00
[FW] iter= 43  min_eig=1.767988e+00
[FW] iter= 44  min_eig=1.773010e+00
[FW] iter= 45  min_eig=1.778118e+00
[FW] iter= 46  min_eig=1.782794e+00
[FW] iter= 47  min_eig=1.786957e+00
[FW] iter= 48  min_eig=1.791312e+00
[FW] iter= 49  min_eig=1.795395e+00
[FW] iter= 50  min_eig=1.798865e+00
[FW] iter= 51  min_eig=1.802300e+00
[FW] iter= 52  min_eig=1.805589e+00
[FW] iter= 53  min_eig=1.808938e+00
[FW] iter= 54  min_eig=1.811888e+00
[FW] iter= 55  min_eig=1.814520e+00
[FW] iter= 56  min_eig=1.817048e+00
[FW] iter= 57  min_eig=1.819576e+00
[FW] iter= 58  min_eig=1.822142e+00
[FW] iter= 59  min_eig=1.824500e+00
[FW] iter= 60  min_eig=1.826695e+00
[FW] iter= 61  min_eig=1.828748e+00
[FW] iter= 62  min_eig=1.830856e+00
[FW] iter= 63  min_eig=1.832781e+00
[FW] iter= 64  min_eig=1.834630e+00
[FW] iter= 65  min_eig=1.836389e+00
[FW] iter= 66  min_eig=1.838064e+00
[FW] iter= 67  min_eig=1.839677e+00
[FW] iter= 68  min_eig=1.841204e+00
[FW] iter= 69  min_eig=1.842649e+00
[FW] iter= 70  min_eig=1.844026e+00
[FW] iter= 71  min_eig=1.845394e+00
[FW] iter= 72  min_eig=1.846696e+00
[FW] iter= 73  min_eig=1.847843e+00
[FW] iter= 74  min_eig=1.849088e+00
[FW] iter= 75  min_eig=1.850241e+00
[FW] iter= 76  min_eig=1.851263e+00
[FW] iter= 77  min_eig=1.852367e+00
[FW] iter= 78  min_eig=1.853386e+00
[FW] iter= 79  min_eig=1.854300e+00
[FW] iter= 80  min_eig=1.855286e+00
[FW] iter= 81  min_eig=1.856188e+00
[FW] iter= 82  min_eig=1.857011e+00
[FW] iter= 83  min_eig=1.857894e+00
[FW] iter= 84  min_eig=1.858698e+00
[FW] iter= 85  min_eig=1.859441e+00
[FW] iter= 86  min_eig=1.860233e+00
[FW] iter= 87  min_eig=1.860952e+00
[FW] iter= 88  min_eig=1.861628e+00
[FW] iter= 89  min_eig=1.862342e+00
[FW] iter= 90  min_eig=1.863005e+00
[FW] iter= 91  min_eig=1.863644e+00
[FW] iter= 92  min_eig=1.864269e+00
[FW] iter= 93  min_eig=1.864866e+00
[FW] iter= 94  min_eig=1.865438e+00
[FW] iter= 95  min_eig=1.865982e+00
[FW] iter= 96  min_eig=1.866538e+00
[FW] iter= 97  min_eig=1.867072e+00
[FW] iter= 98  min_eig=1.867585e+00
[FW] iter= 99  min_eig=1.868069e+00
[FW] iter=100  min_eig=1.868543e+00
[FW] iter=101  min_eig=1.869014e+00
[FW] iter=102  min_eig=1.869429e+00
[FW] iter=103  min_eig=1.869910e+00
[FW] iter=104  min_eig=1.870323e+00
[FW] iter=105  min_eig=1.870740e+00
[FW] iter=106  min_eig=1.871140e+00
[FW] iter=107  min_eig=1.871504e+00
[FW] iter=108  min_eig=1.871920e+00
[FW] iter=109  min_eig=1.872298e+00
[FW] iter=110  min_eig=1.872648e+00
[FW] iter=111  min_eig=1.873016e+00
[FW] iter=112  min_eig=1.873364e+00
[FW] iter=113  min_eig=1.873695e+00
[FW] iter=114  min_eig=1.874010e+00
[FW] iter=115  min_eig=1.874310e+00
[FW] iter=116  min_eig=1.874641e+00
[FW] iter=117  min_eig=1.874946e+00
[FW] iter=118  min_eig=1.875238e+00
[FW] iter=119  min_eig=1.875527e+00
[FW] iter=120  min_eig=1.875806e+00
[FW] iter=121  min_eig=1.876079e+00
[FW] iter=122  min_eig=1.876337e+00
[FW] iter=123  min_eig=1.876585e+00
[FW] iter=124  min_eig=1.876847e+00
[FW] iter=125  min_eig=1.877095e+00
[FW] iter=126  min_eig=1.877338e+00
[FW] iter=127  min_eig=1.877565e+00
[FW] iter=128  min_eig=1.877788e+00
[FW] iter=129  min_eig=1.878017e+00
[FW] iter=130  min_eig=1.878211e+00
[FW] iter=131  min_eig=1.878449e+00
[FW] iter=132  min_eig=1.878650e+00
[FW] iter=133  min_eig=1.878852e+00
[FW] iter=134  min_eig=1.879053e+00
[FW] iter=135  min_eig=1.879229e+00
[FW] iter=136  min_eig=1.879441e+00
[FW] iter=137  min_eig=1.879633e+00
[FW] iter=138  min_eig=1.879806e+00
[FW] iter=139  min_eig=1.879989e+00
[FW] iter=140  min_eig=1.880168e+00
[FW] iter=141  min_eig=1.880324e+00
[FW] iter=142  min_eig=1.880508e+00
[FW] iter=143  min_eig=1.880672e+00
[FW] iter=144  min_eig=1.880831e+00
[FW] iter=145  min_eig=1.880976e+00
[FW] iter=146  min_eig=1.881140e+00
[FW] iter=147  min_eig=1.881293e+00
[FW] iter=148  min_eig=1.881443e+00
[FW] iter=149  min_eig=1.881585e+00
[FW] iter=150  min_eig=1.881720e+00
[FW] iter=151  min_eig=1.881864e+00
[FW] iter=152  min_eig=1.882004e+00
[FW] iter=153  min_eig=1.882140e+00
[FW] iter=154  min_eig=1.882267e+00
[FW] iter=155  min_eig=1.882392e+00
[FW] iter=156  min_eig=1.882520e+00
[FW] iter=157  min_eig=1.882648e+00
[FW] iter=158  min_eig=1.882772e+00
[FW] iter=159  min_eig=1.882886e+00
[FW] iter=160  min_eig=1.883002e+00
[FW] iter=161  min_eig=1.883116e+00
[FW] iter=162  min_eig=1.883215e+00
[FW] iter=163  min_eig=1.883341e+00
[FW] iter=164  min_eig=1.883454e+00
[FW] iter=165  min_eig=1.883553e+00
[FW] iter=166  min_eig=1.883660e+00
[FW] iter=167  min_eig=1.883762e+00
[FW] iter=168  min_eig=1.883853e+00
[FW] iter=169  min_eig=1.883963e+00
[FW] iter=170  min_eig=1.884066e+00
[FW] iter=171  min_eig=1.884165e+00
[FW] iter=172  min_eig=1.884261e+00
[FW] iter=173  min_eig=1.884357e+00
[FW] iter=174  min_eig=1.884451e+00
[FW] iter=175  min_eig=1.884541e+00
[FW] iter=176  min_eig=1.884632e+00
[FW] iter=177  min_eig=1.884718e+00
[FW] iter=178  min_eig=1.884798e+00
[FW] iter=179  min_eig=1.884889e+00
[FW] iter=180  min_eig=1.884972e+00
[FW] iter=181  min_eig=1.885052e+00
[FW] iter=182  min_eig=1.885127e+00
[FW] iter=183  min_eig=1.885211e+00
[FW] iter=184  min_eig=1.885291e+00
[FW] iter=185  min_eig=1.885365e+00
[FW] iter=186  min_eig=1.885437e+00
[FW] iter=187  min_eig=1.885516e+00
[FW] iter=188  min_eig=1.885590e+00
[FW] iter=189  min_eig=1.885657e+00
[FW] iter=190  min_eig=1.885725e+00
[FW] iter=191  min_eig=1.885793e+00
[FW] iter=192  min_eig=1.885851e+00
[FW] iter=193  min_eig=1.885929e+00
[FW] iter=194  min_eig=1.885998e+00
[FW] iter=195  min_eig=1.886058e+00
[FW] iter=196  min_eig=1.886123e+00
[FW] iter=197  min_eig=1.886188e+00
[FW] iter=198  min_eig=1.886242e+00
[FW] iter=199  min_eig=1.886311e+00
[FW] iter=200  min_eig=1.886375e+00
[FW] iter=201  min_eig=1.886436e+00
[FW] iter=202  min_eig=1.886495e+00
[FW] iter=203  min_eig=1.886556e+00
[FW] iter=204  min_eig=1.886615e+00
[FW] iter=205  min_eig=1.886671e+00
[FW] iter=206  min_eig=1.886727e+00
[FW] iter=207  min_eig=1.886782e+00
[FW] iter=208  min_eig=1.886830e+00
[FW] iter=209  min_eig=1.886888e+00
[FW] iter=210  min_eig=1.886941e+00
[FW] iter=211  min_eig=1.886990e+00
[FW] iter=212  min_eig=1.887037e+00
[FW] iter=213  min_eig=1.887092e+00
[FW] iter=214  min_eig=1.887143e+00
[FW] iter=215  min_eig=1.887189e+00
[FW] iter=216  min_eig=1.887234e+00
[FW] iter=217  min_eig=1.887286e+00
[FW] iter=218  min_eig=1.887334e+00
[FW] iter=219  min_eig=1.887376e+00
[FW] iter=220  min_eig=1.887420e+00
[FW] iter=221  min_eig=1.887467e+00
[FW] iter=222  min_eig=1.887514e+00
[FW] iter=223  min_eig=1.887554e+00
[FW] iter=224  min_eig=1.887597e+00
[FW] iter=225  min_eig=1.887641e+00
[FW] iter=226  min_eig=1.887685e+00
[FW] iter=227  min_eig=1.887724e+00
[FW] iter=228  min_eig=1.887768e+00
[FW] iter=229  min_eig=1.887810e+00
[FW] iter=230  min_eig=1.887851e+00
[FW] iter=231  min_eig=1.887889e+00
[FW] iter=232  min_eig=1.887922e+00
[FW] iter=233  min_eig=1.887962e+00
[FW] iter=234  min_eig=1.888000e+00
[FW] iter=235  min_eig=1.888040e+00
[FW] iter=236  min_eig=1.888078e+00
[FW] iter=237  min_eig=1.888115e+00
[FW] iter=238  min_eig=1.888151e+00
[FW] iter=239  min_eig=1.888186e+00
[FW] iter=240  min_eig=1.888217e+00
[FW] iter=241  min_eig=1.888256e+00
[FW] iter=242  min_eig=1.888290e+00
[FW] iter=243  min_eig=1.888323e+00
[FW] iter=244  min_eig=1.888353e+00
[FW] iter=245  min_eig=1.888389e+00
[FW] iter=246  min_eig=1.888422e+00
[FW] iter=247  min_eig=1.888453e+00
[FW] iter=248  min_eig=1.888483e+00
[FW] iter=249  min_eig=1.888516e+00
[FW] iter=250  min_eig=1.888549e+00
[FW] iter=251  min_eig=1.888577e+00
[FW] iter=252  min_eig=1.888606e+00
[FW] iter=253  min_eig=1.888638e+00
[FW] iter=254  min_eig=1.888669e+00
[FW] iter=255  min_eig=1.888695e+00
[FW] iter=256  min_eig=1.888724e+00
[FW] iter=257  min_eig=1.888754e+00
[FW] iter=258  min_eig=1.888776e+00
[FW] iter=259  min_eig=1.888809e+00
[FW] iter=260  min_eig=1.888838e+00
[FW] iter=261  min_eig=1.888867e+00
[FW] iter=262  min_eig=1.888894e+00
[FW] iter=263  min_eig=1.888922e+00
[FW] iter=264  min_eig=1.888950e+00
[FW] iter=265  min_eig=1.888977e+00
[FW] iter=266  min_eig=1.889003e+00
[FW] iter=267  min_eig=1.889029e+00
[FW] iter=268  min_eig=1.889054e+00
[FW] iter=269  min_eig=1.889079e+00
[FW] iter=270  min_eig=1.889100e+00
[FW] iter=271  min_eig=1.889128e+00
[FW] iter=272  min_eig=1.889152e+00
[FW] iter=273  min_eig=1.889174e+00
[FW] iter=274  min_eig=1.889196e+00
[FW] iter=275  min_eig=1.889221e+00
[FW] iter=276  min_eig=1.889246e+00
[FW] iter=277  min_eig=1.889267e+00
[FW] iter=278  min_eig=1.889288e+00
[FW] iter=279  min_eig=1.889312e+00
[FW] iter=280  min_eig=1.889335e+00
[FW] iter=281  min_eig=1.889355e+00
[FW] iter=282  min_eig=1.889375e+00
[FW] iter=283  min_eig=1.889398e+00
[FW] iter=284  min_eig=1.889421e+00
[FW] iter=285  min_eig=1.889439e+00
[FW] iter=286  min_eig=1.889460e+00
[FW] iter=287  min_eig=1.889481e+00
[FW] iter=288  min_eig=1.889502e+00
[FW] iter=289  min_eig=1.889521e+00
[FW] iter=290  min_eig=1.889543e+00
[FW] iter=291  min_eig=1.889564e+00
[FW] iter=292  min_eig=1.889583e+00
[FW] iter=293  min_eig=1.889604e+00
[FW] iter=294  min_eig=1.889624e+00
[FW] iter=295  min_eig=1.889643e+00
[FW] iter=296  min_eig=1.889663e+00
[FW] iter=297  min_eig=1.889682e+00
[FW] iter=298  min_eig=1.889701e+00
[FW] iter=299  min_eig=1.889720e+00
  [fw-e] min_eig=1.8870e+00  heldout=1.2071  (2.0s)
[FW-A] Building 720 candidate information matrices...
Building FIM:   0%|          | 0/720 [00:00<?, ?candidate/s]Building FIM:  98%|█████████▊| 704/720 [00:00<00:00, 5052.70candidate/s]Building FIM: 100%|██████████| 720/720 [00:00<00:00, 5151.94candidate/s]
[FW-A] Done. Starting Frank-Wolfe A-optimal (select_k=50)...
[FW-A] Pre-extracting dense blocks (intr_dim=9, num_poses=720)...
[FW-A] Block extraction done. Starting iterations...
[FW-A] iter=  0  -trace(H^{-1})=-1.345635e+00
[FW-A] iter=  1  -trace(H^{-1})=-1.701176e+00
[FW-A] iter=  2  -trace(H^{-1})=-1.833590e+00
[FW-A] iter=  3  -trace(H^{-1})=-1.406203e+00
[FW-A] iter=  4  -trace(H^{-1})=-1.595808e+00
[FW-A] iter=  5  -trace(H^{-1})=-1.645144e+00
[FW-A] iter=  6  -trace(H^{-1})=-1.487833e+00
[FW-A] iter=  7  -trace(H^{-1})=-1.498368e+00
[FW-A] iter=  8  -trace(H^{-1})=-1.503871e+00
[FW-A] iter=  9  -trace(H^{-1})=-1.373317e+00
[FW-A] iter= 10  -trace(H^{-1})=-1.444063e+00
[FW-A] iter= 11  -trace(H^{-1})=-1.382709e+00
[FW-A] iter= 12  -trace(H^{-1})=-1.394641e+00
[FW-A] iter= 13  -trace(H^{-1})=-1.480841e+00
[FW-A] iter= 14  -trace(H^{-1})=-1.487321e+00
[FW-A] iter= 15  -trace(H^{-1})=-1.356075e+00
[FW-A] iter= 16  -trace(H^{-1})=-1.258445e+00
[FW-A] iter= 17  -trace(H^{-1})=-1.199302e+00
[FW-A] iter= 18  -trace(H^{-1})=-1.126090e+00
[FW-A] iter= 19  -trace(H^{-1})=-1.082479e+00
[FW-A] iter= 20  -trace(H^{-1})=-1.053621e+00
[FW-A] iter= 21  -trace(H^{-1})=-1.018749e+00
[FW-A] iter= 22  -trace(H^{-1})=-9.968832e-01
[FW-A] iter= 23  -trace(H^{-1})=-9.837921e-01
[FW-A] iter= 24  -trace(H^{-1})=-9.618396e-01
[FW-A] iter= 25  -trace(H^{-1})=-9.474504e-01
[FW-A] iter= 26  -trace(H^{-1})=-9.367623e-01
[FW-A] iter= 27  -trace(H^{-1})=-9.240787e-01
[FW-A] iter= 28  -trace(H^{-1})=-9.140796e-01
[FW-A] iter= 29  -trace(H^{-1})=-9.059752e-01
[FW-A] iter= 30  -trace(H^{-1})=-8.979837e-01
[FW-A] iter= 31  -trace(H^{-1})=-8.913314e-01
[FW-A] iter= 32  -trace(H^{-1})=-8.852456e-01
[FW-A] iter= 33  -trace(H^{-1})=-8.799294e-01
[FW-A] iter= 34  -trace(H^{-1})=-8.749528e-01
[FW-A] iter= 35  -trace(H^{-1})=-8.706353e-01
[FW-A] iter= 36  -trace(H^{-1})=-8.665035e-01
[FW-A] iter= 37  -trace(H^{-1})=-8.627504e-01
[FW-A] iter= 38  -trace(H^{-1})=-8.592762e-01
[FW-A] iter= 39  -trace(H^{-1})=-8.561540e-01
[FW-A] iter= 40  -trace(H^{-1})=-8.532004e-01
[FW-A] iter= 41  -trace(H^{-1})=-8.505762e-01
[FW-A] iter= 42  -trace(H^{-1})=-8.480396e-01
[FW-A] iter= 43  -trace(H^{-1})=-8.458143e-01
[FW-A] iter= 44  -trace(H^{-1})=-8.436159e-01
[FW-A] iter= 45  -trace(H^{-1})=-8.415400e-01
[FW-A] iter= 46  -trace(H^{-1})=-8.395151e-01
[FW-A] iter= 47  -trace(H^{-1})=-8.376150e-01
[FW-A] iter= 48  -trace(H^{-1})=-8.358552e-01
[FW-A] iter= 49  -trace(H^{-1})=-8.342145e-01
[FW-A] iter= 50  -trace(H^{-1})=-8.326714e-01
[FW-A] iter= 51  -trace(H^{-1})=-8.312278e-01
[FW-A] iter= 52  -trace(H^{-1})=-8.298732e-01
[FW-A] iter= 53  -trace(H^{-1})=-8.285971e-01
[FW-A] iter= 54  -trace(H^{-1})=-8.274357e-01
[FW-A] iter= 55  -trace(H^{-1})=-8.262936e-01
[FW-A] iter= 56  -trace(H^{-1})=-8.252240e-01
[FW-A] iter= 57  -trace(H^{-1})=-8.242140e-01
[FW-A] iter= 58  -trace(H^{-1})=-8.232567e-01
[FW-A] iter= 59  -trace(H^{-1})=-8.223839e-01
[FW-A] iter= 60  -trace(H^{-1})=-8.215179e-01
[FW-A] iter= 61  -trace(H^{-1})=-8.207020e-01
[FW-A] iter= 62  -trace(H^{-1})=-8.199279e-01
[FW-A] iter= 63  -trace(H^{-1})=-8.191902e-01
[FW-A] iter= 64  -trace(H^{-1})=-8.185176e-01
[FW-A] iter= 65  -trace(H^{-1})=-8.178446e-01
[FW-A] iter= 66  -trace(H^{-1})=-8.172072e-01
[FW-A] iter= 67  -trace(H^{-1})=-8.166002e-01
[FW-A] iter= 68  -trace(H^{-1})=-8.160191e-01
[FW-A] iter= 69  -trace(H^{-1})=-8.154899e-01
[FW-A] iter= 70  -trace(H^{-1})=-8.149560e-01
[FW-A] iter= 71  -trace(H^{-1})=-8.144482e-01
[FW-A] iter= 72  -trace(H^{-1})=-8.139629e-01
[FW-A] iter= 73  -trace(H^{-1})=-8.134966e-01
[FW-A] iter= 74  -trace(H^{-1})=-8.130729e-01
[FW-A] iter= 75  -trace(H^{-1})=-8.126420e-01
[FW-A] iter= 76  -trace(H^{-1})=-8.122305e-01
[FW-A] iter= 77  -trace(H^{-1})=-8.118363e-01
[FW-A] iter= 78  -trace(H^{-1})=-8.114561e-01
[FW-A] iter= 79  -trace(H^{-1})=-8.111118e-01
[FW-A] iter= 80  -trace(H^{-1})=-8.107588e-01
[FW-A] iter= 81  -trace(H^{-1})=-8.104205e-01
[FW-A] iter= 82  -trace(H^{-1})=-8.100956e-01
[FW-A] iter= 83  -trace(H^{-1})=-8.097814e-01
[FW-A] iter= 84  -trace(H^{-1})=-8.094979e-01
[FW-A] iter= 85  -trace(H^{-1})=-8.092051e-01
[FW-A] iter= 86  -trace(H^{-1})=-8.089234e-01
[FW-A] iter= 87  -trace(H^{-1})=-8.086524e-01
[FW-A] iter= 88  -trace(H^{-1})=-8.083896e-01
[FW-A] iter= 89  -trace(H^{-1})=-8.081391e-01
[FW-A] iter= 90  -trace(H^{-1})=-8.078933e-01
[FW-A] iter= 91  -trace(H^{-1})=-8.076611e-01
[FW-A] iter= 92  -trace(H^{-1})=-8.074309e-01
[FW-A] iter= 93  -trace(H^{-1})=-8.072096e-01
[FW-A] iter= 94  -trace(H^{-1})=-8.069954e-01
[FW-A] iter= 95  -trace(H^{-1})=-8.067877e-01
[FW-A] iter= 96  -trace(H^{-1})=-8.065888e-01
[FW-A] iter= 97  -trace(H^{-1})=-8.063936e-01
[FW-A] iter= 98  -trace(H^{-1})=-8.062122e-01
[FW-A] iter= 99  -trace(H^{-1})=-8.060277e-01
[FW-A] iter=100  -trace(H^{-1})=-8.058495e-01
[FW-A] iter=101  -trace(H^{-1})=-8.056775e-01
[FW-A] iter=102  -trace(H^{-1})=-8.055108e-01
[FW-A] iter=103  -trace(H^{-1})=-8.053485e-01
[FW-A] iter=104  -trace(H^{-1})=-8.051930e-01
[FW-A] iter=105  -trace(H^{-1})=-8.050394e-01
[FW-A] iter=106  -trace(H^{-1})=-8.048930e-01
[FW-A] iter=107  -trace(H^{-1})=-8.047482e-01
[FW-A] iter=108  -trace(H^{-1})=-8.046087e-01
[FW-A] iter=109  -trace(H^{-1})=-8.044790e-01
[FW-A] iter=110  -trace(H^{-1})=-8.043448e-01
[FW-A] iter=111  -trace(H^{-1})=-8.042149e-01
[FW-A] iter=112  -trace(H^{-1})=-8.040891e-01
[FW-A] iter=113  -trace(H^{-1})=-8.039672e-01
[FW-A] iter=114  -trace(H^{-1})=-8.038478e-01
[FW-A] iter=115  -trace(H^{-1})=-8.037334e-01
[FW-A] iter=116  -trace(H^{-1})=-8.036200e-01
[FW-A] iter=117  -trace(H^{-1})=-8.035113e-01
[FW-A] iter=118  -trace(H^{-1})=-8.034104e-01
[FW-A] iter=119  -trace(H^{-1})=-8.033039e-01
[FW-A] iter=120  -trace(H^{-1})=-8.032019e-01
[FW-A] iter=121  -trace(H^{-1})=-8.031021e-01
[FW-A] iter=122  -trace(H^{-1})=-8.030049e-01
[FW-A] iter=123  -trace(H^{-1})=-8.029112e-01
[FW-A] iter=124  -trace(H^{-1})=-8.028185e-01
[FW-A] iter=125  -trace(H^{-1})=-8.027289e-01
[FW-A] iter=126  -trace(H^{-1})=-8.026421e-01
[FW-A] iter=127  -trace(H^{-1})=-8.025623e-01
[FW-A] iter=128  -trace(H^{-1})=-8.024767e-01
[FW-A] iter=129  -trace(H^{-1})=-8.023947e-01
[FW-A] iter=130  -trace(H^{-1})=-8.023144e-01
[FW-A] iter=131  -trace(H^{-1})=-8.022360e-01
[FW-A] iter=132  -trace(H^{-1})=-8.021604e-01
[FW-A] iter=133  -trace(H^{-1})=-8.020853e-01
[FW-A] iter=134  -trace(H^{-1})=-8.020133e-01
[FW-A] iter=135  -trace(H^{-1})=-8.019480e-01
[FW-A] iter=136  -trace(H^{-1})=-8.018767e-01
[FW-A] iter=137  -trace(H^{-1})=-8.018083e-01
[FW-A] iter=138  -trace(H^{-1})=-8.017410e-01
[FW-A] iter=139  -trace(H^{-1})=-8.016754e-01
[FW-A] iter=140  -trace(H^{-1})=-8.016119e-01
[FW-A] iter=141  -trace(H^{-1})=-8.015490e-01
[FW-A] iter=142  -trace(H^{-1})=-8.014890e-01
[FW-A] iter=143  -trace(H^{-1})=-8.014284e-01
[FW-A] iter=144  -trace(H^{-1})=-8.013704e-01
[FW-A] iter=145  -trace(H^{-1})=-8.013130e-01
[FW-A] iter=146  -trace(H^{-1})=-8.012573e-01
[FW-A] iter=147  -trace(H^{-1})=-8.012071e-01
[FW-A] iter=148  -trace(H^{-1})=-8.011515e-01
[FW-A] iter=149  -trace(H^{-1})=-8.010982e-01
[FW-A] iter=150  -trace(H^{-1})=-8.010465e-01
[FW-A] iter=151  -trace(H^{-1})=-8.009952e-01
[FW-A] iter=152  -trace(H^{-1})=-8.009453e-01
[FW-A] iter=153  -trace(H^{-1})=-8.008970e-01
[FW-A] iter=154  -trace(H^{-1})=-8.008492e-01
[FW-A] iter=155  -trace(H^{-1})=-8.008026e-01
[FW-A] iter=156  -trace(H^{-1})=-8.007617e-01
[FW-A] iter=157  -trace(H^{-1})=-8.007150e-01
[FW-A] iter=158  -trace(H^{-1})=-8.006703e-01
[FW-A] iter=159  -trace(H^{-1})=-8.006267e-01
[FW-A] iter=160  -trace(H^{-1})=-8.005835e-01
[FW-A] iter=161  -trace(H^{-1})=-8.005422e-01
[FW-A] iter=162  -trace(H^{-1})=-8.005005e-01
[FW-A] iter=163  -trace(H^{-1})=-8.004606e-01
[FW-A] iter=164  -trace(H^{-1})=-8.004210e-01
[FW-A] iter=165  -trace(H^{-1})=-8.003824e-01
[FW-A] iter=166  -trace(H^{-1})=-8.003447e-01
[FW-A] iter=167  -trace(H^{-1})=-8.003073e-01
[FW-A] iter=168  -trace(H^{-1})=-8.002748e-01
[FW-A] iter=169  -trace(H^{-1})=-8.002371e-01
[FW-A] iter=170  -trace(H^{-1})=-8.002011e-01
[FW-A] iter=171  -trace(H^{-1})=-8.001658e-01
[FW-A] iter=172  -trace(H^{-1})=-8.001314e-01
[FW-A] iter=173  -trace(H^{-1})=-8.000979e-01
[FW-A] iter=174  -trace(H^{-1})=-8.000649e-01
[FW-A] iter=175  -trace(H^{-1})=-8.000325e-01
[FW-A] iter=176  -trace(H^{-1})=-8.000009e-01
[FW-A] iter=177  -trace(H^{-1})=-7.999694e-01
[FW-A] iter=178  -trace(H^{-1})=-7.999424e-01
[FW-A] iter=179  -trace(H^{-1})=-7.999106e-01
[FW-A] iter=180  -trace(H^{-1})=-7.998801e-01
[FW-A] iter=181  -trace(H^{-1})=-7.998505e-01
[FW-A] iter=182  -trace(H^{-1})=-7.998217e-01
[FW-A] iter=183  -trace(H^{-1})=-7.997932e-01
[FW-A] iter=184  -trace(H^{-1})=-7.997653e-01
[FW-A] iter=185  -trace(H^{-1})=-7.997381e-01
[FW-A] iter=186  -trace(H^{-1})=-7.997110e-01
[FW-A] iter=187  -trace(H^{-1})=-7.996884e-01
[FW-A] iter=188  -trace(H^{-1})=-7.996609e-01
[FW-A] iter=189  -trace(H^{-1})=-7.996345e-01
[FW-A] iter=190  -trace(H^{-1})=-7.996087e-01
[FW-A] iter=191  -trace(H^{-1})=-7.995835e-01
[FW-A] iter=192  -trace(H^{-1})=-7.995590e-01
[FW-A] iter=193  -trace(H^{-1})=-7.995348e-01
[FW-A] iter=194  -trace(H^{-1})=-7.995110e-01
[FW-A] iter=195  -trace(H^{-1})=-7.994879e-01
[FW-A] iter=196  -trace(H^{-1})=-7.994646e-01
[FW-A] iter=197  -trace(H^{-1})=-7.994425e-01
[FW-A] iter=198  -trace(H^{-1})=-7.994198e-01
[FW-A] iter=199  -trace(H^{-1})=-7.993999e-01
[FW-A] iter=200  -trace(H^{-1})=-7.993777e-01
[FW-A] iter=201  -trace(H^{-1})=-7.993559e-01
[FW-A] iter=202  -trace(H^{-1})=-7.993348e-01
[FW-A] iter=203  -trace(H^{-1})=-7.993139e-01
[FW-A] iter=204  -trace(H^{-1})=-7.992933e-01
[FW-A] iter=205  -trace(H^{-1})=-7.992734e-01
[FW-A] iter=206  -trace(H^{-1})=-7.992534e-01
[FW-A] iter=207  -trace(H^{-1})=-7.992344e-01
[FW-A] iter=208  -trace(H^{-1})=-7.992148e-01
[FW-A] iter=209  -trace(H^{-1})=-7.991972e-01
[FW-A] iter=210  -trace(H^{-1})=-7.991781e-01
[FW-A] iter=211  -trace(H^{-1})=-7.991595e-01
[FW-A] iter=212  -trace(H^{-1})=-7.991412e-01
[FW-A] iter=213  -trace(H^{-1})=-7.991231e-01
[FW-A] iter=214  -trace(H^{-1})=-7.991057e-01
[FW-A] iter=215  -trace(H^{-1})=-7.990880e-01
[FW-A] iter=216  -trace(H^{-1})=-7.990708e-01
[FW-A] iter=217  -trace(H^{-1})=-7.990541e-01
[FW-A] iter=218  -trace(H^{-1})=-7.990393e-01
[FW-A] iter=219  -trace(H^{-1})=-7.990221e-01
[FW-A] iter=220  -trace(H^{-1})=-7.990056e-01
[FW-A] iter=221  -trace(H^{-1})=-7.989894e-01
[FW-A] iter=222  -trace(H^{-1})=-7.989733e-01
[FW-A] iter=223  -trace(H^{-1})=-7.989579e-01
[FW-A] iter=224  -trace(H^{-1})=-7.989422e-01
[FW-A] iter=225  -trace(H^{-1})=-7.989272e-01
[FW-A] iter=226  -trace(H^{-1})=-7.989143e-01
[FW-A] iter=227  -trace(H^{-1})=-7.988988e-01
[FW-A] iter=228  -trace(H^{-1})=-7.988840e-01
[FW-A] iter=229  -trace(H^{-1})=-7.988693e-01
[FW-A] iter=230  -trace(H^{-1})=-7.988548e-01
[FW-A] iter=231  -trace(H^{-1})=-7.988408e-01
[FW-A] iter=232  -trace(H^{-1})=-7.988267e-01
[FW-A] iter=233  -trace(H^{-1})=-7.988134e-01
[FW-A] iter=234  -trace(H^{-1})=-7.987995e-01
[FW-A] iter=235  -trace(H^{-1})=-7.987863e-01
[FW-A] iter=236  -trace(H^{-1})=-7.987731e-01
[FW-A] iter=237  -trace(H^{-1})=-7.987601e-01
[FW-A] iter=238  -trace(H^{-1})=-7.987492e-01
[FW-A] iter=239  -trace(H^{-1})=-7.987358e-01
[FW-A] iter=240  -trace(H^{-1})=-7.987230e-01
[FW-A] iter=241  -trace(H^{-1})=-7.987106e-01
[FW-A] iter=242  -trace(H^{-1})=-7.986981e-01
[FW-A] iter=243  -trace(H^{-1})=-7.986859e-01
[FW-A] iter=244  -trace(H^{-1})=-7.986741e-01
[FW-A] iter=245  -trace(H^{-1})=-7.986623e-01
[FW-A] iter=246  -trace(H^{-1})=-7.986507e-01
[FW-A] iter=247  -trace(H^{-1})=-7.986411e-01
[FW-A] iter=248  -trace(H^{-1})=-7.986291e-01
[FW-A] iter=249  -trace(H^{-1})=-7.986176e-01
[FW-A] iter=250  -trace(H^{-1})=-7.986065e-01
[FW-A] iter=251  -trace(H^{-1})=-7.985952e-01
[FW-A] iter=252  -trace(H^{-1})=-7.985843e-01
[FW-A] iter=253  -trace(H^{-1})=-7.985737e-01
[FW-A] iter=254  -trace(H^{-1})=-7.985631e-01
[FW-A] iter=255  -trace(H^{-1})=-7.985526e-01
[FW-A] iter=256  -trace(H^{-1})=-7.985424e-01
[FW-A] iter=257  -trace(H^{-1})=-7.985322e-01
[FW-A] iter=258  -trace(H^{-1})=-7.985239e-01
[FW-A] iter=259  -trace(H^{-1})=-7.985133e-01
[FW-A] iter=260  -trace(H^{-1})=-7.985031e-01
[FW-A] iter=261  -trace(H^{-1})=-7.984935e-01
[FW-A] iter=262  -trace(H^{-1})=-7.984835e-01
[FW-A] iter=263  -trace(H^{-1})=-7.984740e-01
[FW-A] iter=264  -trace(H^{-1})=-7.984645e-01
[FW-A] iter=265  -trace(H^{-1})=-7.984552e-01
[FW-A] iter=266  -trace(H^{-1})=-7.984461e-01
[FW-A] iter=267  -trace(H^{-1})=-7.984369e-01
[FW-A] iter=268  -trace(H^{-1})=-7.984299e-01
[FW-A] iter=269  -trace(H^{-1})=-7.984203e-01
[FW-A] iter=270  -trace(H^{-1})=-7.984112e-01
[FW-A] iter=271  -trace(H^{-1})=-7.984022e-01
[FW-A] iter=272  -trace(H^{-1})=-7.983935e-01
[FW-A] iter=273  -trace(H^{-1})=-7.983850e-01
[FW-A] iter=274  -trace(H^{-1})=-7.983766e-01
[FW-A] iter=275  -trace(H^{-1})=-7.983682e-01
[FW-A] iter=276  -trace(H^{-1})=-7.983601e-01
[FW-A] iter=277  -trace(H^{-1})=-7.983518e-01
[FW-A] iter=278  -trace(H^{-1})=-7.983441e-01
[FW-A] iter=279  -trace(H^{-1})=-7.983359e-01
[FW-A] iter=280  -trace(H^{-1})=-7.983291e-01
[FW-A] iter=281  -trace(H^{-1})=-7.983210e-01
[FW-A] iter=282  -trace(H^{-1})=-7.983131e-01
[FW-A] iter=283  -trace(H^{-1})=-7.983054e-01
[FW-A] iter=284  -trace(H^{-1})=-7.982978e-01
[FW-A] iter=285  -trace(H^{-1})=-7.982902e-01
[FW-A] iter=286  -trace(H^{-1})=-7.982830e-01
[FW-A] iter=287  -trace(H^{-1})=-7.982755e-01
[FW-A] iter=288  -trace(H^{-1})=-7.982685e-01
[FW-A] iter=289  -trace(H^{-1})=-7.982612e-01
[FW-A] iter=290  -trace(H^{-1})=-7.982549e-01
[FW-A] iter=291  -trace(H^{-1})=-7.982477e-01
[FW-A] iter=292  -trace(H^{-1})=-7.982406e-01
[FW-A] iter=293  -trace(H^{-1})=-7.982337e-01
[FW-A] iter=294  -trace(H^{-1})=-7.982268e-01
[FW-A] iter=295  -trace(H^{-1})=-7.982202e-01
[FW-A] iter=296  -trace(H^{-1})=-7.982133e-01
[FW-A] iter=297  -trace(H^{-1})=-7.982068e-01
[FW-A] iter=298  -trace(H^{-1})=-7.982004e-01
[FW-A] iter=299  -trace(H^{-1})=-7.981949e-01
  [fw-a] min_eig=1.8368e+00  heldout=1.2503  (2.2s)
[FW-D] Building 720 candidate information matrices...
Building FIM:   0%|          | 0/720 [00:00<?, ?candidate/s]Building FIM:  98%|█████████▊| 704/720 [00:00<00:00, 5191.75candidate/s]Building FIM: 100%|██████████| 720/720 [00:00<00:00, 5270.57candidate/s]
[FW-D] Done. Starting Frank-Wolfe D-optimal (select_k=50)...
[FW-D] Pre-extracting dense blocks (intr_dim=9, num_poses=720)...
[FW-D] Block extraction done. Starting iterations...
[FW-D] iter=  0  logdet=9.054279e+01
[FW-D] iter=  1  logdet=9.342005e+01
[FW-D] iter=  2  logdet=9.058979e+01
[FW-D] iter=  3  logdet=9.006164e+01
[FW-D] iter=  4  logdet=8.996407e+01
[FW-D] iter=  5  logdet=8.995309e+01
[FW-D] iter=  6  logdet=9.074088e+01
[FW-D] iter=  7  logdet=9.067070e+01
[FW-D] iter=  8  logdet=9.065589e+01
[FW-D] iter=  9  logdet=9.051543e+01
[FW-D] iter= 10  logdet=9.041308e+01
[FW-D] iter= 11  logdet=9.043480e+01
[FW-D] iter= 12  logdet=9.020037e+01
[FW-D] iter= 13  logdet=9.019511e+01
[FW-D] iter= 14  logdet=9.012722e+01
[FW-D] iter= 15  logdet=9.043368e+01
[FW-D] iter= 16  logdet=9.090225e+01
[FW-D] iter= 17  logdet=9.125898e+01
[FW-D] iter= 18  logdet=9.153913e+01
[FW-D] iter= 19  logdet=9.176923e+01
[FW-D] iter= 20  logdet=9.195849e+01
[FW-D] iter= 21  logdet=9.211723e+01
[FW-D] iter= 22  logdet=9.225271e+01
[FW-D] iter= 23  logdet=9.236911e+01
[FW-D] iter= 24  logdet=9.246993e+01
[FW-D] iter= 25  logdet=9.255789e+01
[FW-D] iter= 26  logdet=9.263515e+01
[FW-D] iter= 27  logdet=9.270314e+01
[FW-D] iter= 28  logdet=9.276389e+01
[FW-D] iter= 29  logdet=9.281811e+01
[FW-D] iter= 30  logdet=9.286671e+01
[FW-D] iter= 31  logdet=9.291046e+01
[FW-D] iter= 32  logdet=9.295000e+01
[FW-D] iter= 33  logdet=9.298585e+01
[FW-D] iter= 34  logdet=9.301846e+01
[FW-D] iter= 35  logdet=9.304793e+01
[FW-D] iter= 36  logdet=9.307526e+01
[FW-D] iter= 37  logdet=9.310032e+01
[FW-D] iter= 38  logdet=9.312337e+01
[FW-D] iter= 39  logdet=9.314462e+01
[FW-D] iter= 40  logdet=9.316426e+01
[FW-D] iter= 41  logdet=9.318243e+01
[FW-D] iter= 42  logdet=9.319930e+01
[FW-D] iter= 43  logdet=9.321486e+01
[FW-D] iter= 44  logdet=9.322949e+01
[FW-D] iter= 45  logdet=9.324314e+01
[FW-D] iter= 46  logdet=9.325588e+01
[FW-D] iter= 47  logdet=9.326781e+01
[FW-D] iter= 48  logdet=9.327898e+01
[FW-D] iter= 49  logdet=9.328947e+01
[FW-D] iter= 50  logdet=9.329932e+01
[FW-D] iter= 51  logdet=9.330858e+01
[FW-D] iter= 52  logdet=9.331732e+01
[FW-D] iter= 53  logdet=9.332556e+01
[FW-D] iter= 54  logdet=9.333334e+01
[FW-D] iter= 55  logdet=9.334062e+01
[FW-D] iter= 56  logdet=9.334760e+01
[FW-D] iter= 57  logdet=9.335421e+01
[FW-D] iter= 58  logdet=9.336048e+01
[FW-D] iter= 59  logdet=9.336642e+01
[FW-D] iter= 60  logdet=9.337207e+01
[FW-D] iter= 61  logdet=9.337734e+01
[FW-D] iter= 62  logdet=9.338247e+01
[FW-D] iter= 63  logdet=9.338735e+01
[FW-D] iter= 64  logdet=9.339200e+01
[FW-D] iter= 65  logdet=9.339644e+01
[FW-D] iter= 66  logdet=9.340067e+01
[FW-D] iter= 67  logdet=9.340471e+01
[FW-D] iter= 68  logdet=9.340857e+01
[FW-D] iter= 69  logdet=9.341226e+01
[FW-D] iter= 70  logdet=9.341580e+01
[FW-D] iter= 71  logdet=9.341918e+01
[FW-D] iter= 72  logdet=9.342238e+01
[FW-D] iter= 73  logdet=9.342550e+01
[FW-D] iter= 74  logdet=9.342849e+01
[FW-D] iter= 75  logdet=9.343136e+01
[FW-D] iter= 76  logdet=9.343412e+01
[FW-D] iter= 77  logdet=9.343676e+01
[FW-D] iter= 78  logdet=9.343931e+01
[FW-D] iter= 79  logdet=9.344171e+01
[FW-D] iter= 80  logdet=9.344407e+01
[FW-D] iter= 81  logdet=9.344635e+01
[FW-D] iter= 82  logdet=9.344855e+01
[FW-D] iter= 83  logdet=9.345066e+01
[FW-D] iter= 84  logdet=9.345270e+01
[FW-D] iter= 85  logdet=9.345467e+01
[FW-D] iter= 86  logdet=9.345656e+01
[FW-D] iter= 87  logdet=9.345839e+01
[FW-D] iter= 88  logdet=9.346016e+01
[FW-D] iter= 89  logdet=9.346187e+01
[FW-D] iter= 90  logdet=9.346350e+01
[FW-D] iter= 91  logdet=9.346510e+01
[FW-D] iter= 92  logdet=9.346665e+01
[FW-D] iter= 93  logdet=9.346815e+01
[FW-D] iter= 94  logdet=9.346960e+01
[FW-D] iter= 95  logdet=9.347100e+01
[FW-D] iter= 96  logdet=9.347232e+01
[FW-D] iter= 97  logdet=9.347364e+01
[FW-D] iter= 98  logdet=9.347493e+01
[FW-D] iter= 99  logdet=9.347617e+01
[FW-D] iter=100  logdet=9.347738e+01
[FW-D] iter=101  logdet=9.347855e+01
[FW-D] iter=102  logdet=9.347968e+01
[FW-D] iter=103  logdet=9.348078e+01
[FW-D] iter=104  logdet=9.348185e+01
[FW-D] iter=105  logdet=9.348289e+01
[FW-D] iter=106  logdet=9.348390e+01
[FW-D] iter=107  logdet=9.348486e+01
[FW-D] iter=108  logdet=9.348581e+01
[FW-D] iter=109  logdet=9.348674e+01
[FW-D] iter=110  logdet=9.348765e+01
[FW-D] iter=111  logdet=9.348853e+01
[FW-D] iter=112  logdet=9.348938e+01
[FW-D] iter=113  logdet=9.349021e+01
[FW-D] iter=114  logdet=9.349099e+01
[FW-D] iter=115  logdet=9.349179e+01
[FW-D] iter=116  logdet=9.349256e+01
[FW-D] iter=117  logdet=9.349331e+01
[FW-D] iter=118  logdet=9.349405e+01
[FW-D] iter=119  logdet=9.349476e+01
[FW-D] iter=120  logdet=9.349545e+01
[FW-D] iter=121  logdet=9.349613e+01
[FW-D] iter=122  logdet=9.349679e+01
[FW-D] iter=123  logdet=9.349744e+01
[FW-D] iter=124  logdet=9.349807e+01
[FW-D] iter=125  logdet=9.349867e+01
[FW-D] iter=126  logdet=9.349927e+01
[FW-D] iter=127  logdet=9.349986e+01
[FW-D] iter=128  logdet=9.350043e+01
[FW-D] iter=129  logdet=9.350099e+01
[FW-D] iter=130  logdet=9.350153e+01
[FW-D] iter=131  logdet=9.350206e+01
[FW-D] iter=132  logdet=9.350257e+01
[FW-D] iter=133  logdet=9.350308e+01
[FW-D] iter=134  logdet=9.350358e+01
[FW-D] iter=135  logdet=9.350407e+01
[FW-D] iter=136  logdet=9.350455e+01
[FW-D] iter=137  logdet=9.350501e+01
[FW-D] iter=138  logdet=9.350547e+01
[FW-D] iter=139  logdet=9.350592e+01
[FW-D] iter=140  logdet=9.350635e+01
[FW-D] iter=141  logdet=9.350678e+01
[FW-D] iter=142  logdet=9.350720e+01
[FW-D] iter=143  logdet=9.350761e+01
[FW-D] iter=144  logdet=9.350801e+01
[FW-D] iter=145  logdet=9.350840e+01
[FW-D] iter=146  logdet=9.350879e+01
[FW-D] iter=147  logdet=9.350915e+01
[FW-D] iter=148  logdet=9.350952e+01
[FW-D] iter=149  logdet=9.350988e+01
[FW-D] iter=150  logdet=9.351024e+01
[FW-D] iter=151  logdet=9.351059e+01
[FW-D] iter=152  logdet=9.351093e+01
[FW-D] iter=153  logdet=9.351126e+01
[FW-D] iter=154  logdet=9.351159e+01
[FW-D] iter=155  logdet=9.351190e+01
[FW-D] iter=156  logdet=9.351222e+01
[FW-D] iter=157  logdet=9.351253e+01
[FW-D] iter=158  logdet=9.351284e+01
[FW-D] iter=159  logdet=9.351314e+01
[FW-D] iter=160  logdet=9.351343e+01
[FW-D] iter=161  logdet=9.351372e+01
[FW-D] iter=162  logdet=9.351400e+01
[FW-D] iter=163  logdet=9.351427e+01
[FW-D] iter=164  logdet=9.351454e+01
[FW-D] iter=165  logdet=9.351480e+01
[FW-D] iter=166  logdet=9.351506e+01
[FW-D] iter=167  logdet=9.351532e+01
[FW-D] iter=168  logdet=9.351557e+01
[FW-D] iter=169  logdet=9.351582e+01
[FW-D] iter=170  logdet=9.351607e+01
[FW-D] iter=171  logdet=9.351631e+01
[FW-D] iter=172  logdet=9.351654e+01
[FW-D] iter=173  logdet=9.351677e+01
[FW-D] iter=174  logdet=9.351699e+01
[FW-D] iter=175  logdet=9.351722e+01
[FW-D] iter=176  logdet=9.351744e+01
[FW-D] iter=177  logdet=9.351766e+01
[FW-D] iter=178  logdet=9.351787e+01
[FW-D] iter=179  logdet=9.351808e+01
[FW-D] iter=180  logdet=9.351828e+01
[FW-D] iter=181  logdet=9.351848e+01
[FW-D] iter=182  logdet=9.351868e+01
[FW-D] iter=183  logdet=9.351887e+01
[FW-D] iter=184  logdet=9.351906e+01
[FW-D] iter=185  logdet=9.351925e+01
[FW-D] iter=186  logdet=9.351944e+01
[FW-D] iter=187  logdet=9.351962e+01
[FW-D] iter=188  logdet=9.351980e+01
[FW-D] iter=189  logdet=9.351998e+01
[FW-D] iter=190  logdet=9.352015e+01
[FW-D] iter=191  logdet=9.352032e+01
[FW-D] iter=192  logdet=9.352049e+01
[FW-D] iter=193  logdet=9.352066e+01
[FW-D] iter=194  logdet=9.352082e+01
[FW-D] iter=195  logdet=9.352098e+01
[FW-D] iter=196  logdet=9.352114e+01
[FW-D] iter=197  logdet=9.352130e+01
[FW-D] iter=198  logdet=9.352145e+01
[FW-D] iter=199  logdet=9.352161e+01
[FW-D] iter=200  logdet=9.352175e+01
[FW-D] iter=201  logdet=9.352189e+01
[FW-D] iter=202  logdet=9.352204e+01
[FW-D] iter=203  logdet=9.352218e+01
[FW-D] iter=204  logdet=9.352232e+01
[FW-D] iter=205  logdet=9.352246e+01
[FW-D] iter=206  logdet=9.352260e+01
[FW-D] iter=207  logdet=9.352274e+01
[FW-D] iter=208  logdet=9.352287e+01
[FW-D] iter=209  logdet=9.352300e+01
[FW-D] iter=210  logdet=9.352313e+01
[FW-D] iter=211  logdet=9.352325e+01
[FW-D] iter=212  logdet=9.352338e+01
[FW-D] iter=213  logdet=9.352351e+01
[FW-D] iter=214  logdet=9.352363e+01
[FW-D] iter=215  logdet=9.352375e+01
[FW-D] iter=216  logdet=9.352387e+01
[FW-D] iter=217  logdet=9.352398e+01
[FW-D] iter=218  logdet=9.352410e+01
[FW-D] iter=219  logdet=9.352420e+01
[FW-D] iter=220  logdet=9.352432e+01
[FW-D] iter=221  logdet=9.352443e+01
[FW-D] iter=222  logdet=9.352454e+01
[FW-D] iter=223  logdet=9.352465e+01
[FW-D] iter=224  logdet=9.352476e+01
[FW-D] iter=225  logdet=9.352486e+01
[FW-D] iter=226  logdet=9.352496e+01
[FW-D] iter=227  logdet=9.352506e+01
[FW-D] iter=228  logdet=9.352516e+01
[FW-D] iter=229  logdet=9.352526e+01
[FW-D] iter=230  logdet=9.352536e+01
[FW-D] iter=231  logdet=9.352546e+01
[FW-D] iter=232  logdet=9.352556e+01
[FW-D] iter=233  logdet=9.352565e+01
[FW-D] iter=234  logdet=9.352575e+01
[FW-D] iter=235  logdet=9.352584e+01
[FW-D] iter=236  logdet=9.352593e+01
[FW-D] iter=237  logdet=9.352602e+01
[FW-D] iter=238  logdet=9.352610e+01
[FW-D] iter=239  logdet=9.352619e+01
[FW-D] iter=240  logdet=9.352628e+01
[FW-D] iter=241  logdet=9.352636e+01
[FW-D] iter=242  logdet=9.352645e+01
[FW-D] iter=243  logdet=9.352653e+01
[FW-D] iter=244  logdet=9.352661e+01
[FW-D] iter=245  logdet=9.352669e+01
[FW-D] iter=246  logdet=9.352677e+01
[FW-D] iter=247  logdet=9.352685e+01
[FW-D] iter=248  logdet=9.352693e+01
[FW-D] iter=249  logdet=9.352701e+01
[FW-D] iter=250  logdet=9.352709e+01
[FW-D] iter=251  logdet=9.352716e+01
[FW-D] iter=252  logdet=9.352724e+01
[FW-D] iter=253  logdet=9.352731e+01
[FW-D] iter=254  logdet=9.352738e+01
[FW-D] iter=255  logdet=9.352745e+01
[FW-D] iter=256  logdet=9.352752e+01
[FW-D] iter=257  logdet=9.352759e+01
[FW-D] iter=258  logdet=9.352766e+01
[FW-D] iter=259  logdet=9.352773e+01
[FW-D] iter=260  logdet=9.352780e+01
[FW-D] iter=261  logdet=9.352787e+01
[FW-D] iter=262  logdet=9.352793e+01
[FW-D] iter=263  logdet=9.352800e+01
[FW-D] iter=264  logdet=9.352807e+01
[FW-D] iter=265  logdet=9.352813e+01
[FW-D] iter=266  logdet=9.352819e+01
[FW-D] iter=267  logdet=9.352825e+01
[FW-D] iter=268  logdet=9.352832e+01
[FW-D] iter=269  logdet=9.352838e+01
[FW-D] iter=270  logdet=9.352844e+01
[FW-D] iter=271  logdet=9.352850e+01
[FW-D] iter=272  logdet=9.352856e+01
[FW-D] iter=273  logdet=9.352861e+01
[FW-D] iter=274  logdet=9.352867e+01
[FW-D] iter=275  logdet=9.352873e+01
[FW-D] iter=276  logdet=9.352879e+01
[FW-D] iter=277  logdet=9.352884e+01
[FW-D] iter=278  logdet=9.352890e+01
[FW-D] iter=279  logdet=9.352895e+01
[FW-D] iter=280  logdet=9.352901e+01
[FW-D] iter=281  logdet=9.352906e+01
[FW-D] iter=282  logdet=9.352912e+01
[FW-D] iter=283  logdet=9.352917e+01
[FW-D] iter=284  logdet=9.352922e+01
[FW-D] iter=285  logdet=9.352927e+01
[FW-D] iter=286  logdet=9.352932e+01
[FW-D] iter=287  logdet=9.352937e+01
[FW-D] iter=288  logdet=9.352942e+01
[FW-D] iter=289  logdet=9.352947e+01
[FW-D] iter=290  logdet=9.352952e+01
[FW-D] iter=291  logdet=9.352957e+01
[FW-D] iter=292  logdet=9.352962e+01
[FW-D] iter=293  logdet=9.352966e+01
[FW-D] iter=294  logdet=9.352971e+01
[FW-D] iter=295  logdet=9.352976e+01
[FW-D] iter=296  logdet=9.352980e+01
[FW-D] iter=297  logdet=9.352985e+01
[FW-D] iter=298  logdet=9.352990e+01
[FW-D] iter=299  logdet=9.352994e+01
  [fw-d] min_eig=1.5869e+00  heldout=1.1104  (2.2s)

--- K=5 (held-out=715) ---
Method                   min_eig        logdet  focal_err_px     pp_err_px      dist_err     train_rms   heldout_rms
--------------------------------------------------------------------------------------------------------------------
random                4.6258e-02    6.7932e+01    3.7652e+00    5.5100e+00    3.6665e-02    6.9113e-01    5.5592e+00
coverage              2.3507e-03    6.2773e+01    1.4644e+01    4.1072e+01    1.6992e-02    6.7041e-01    4.0625e+01
a-optimal             1.9029e-01    7.2921e+01    2.2995e+00    4.5832e+00    1.5768e-03    6.9114e-01    4.5698e+00
d-optimal             1.4249e-01    7.3643e+01    1.6763e+00    5.0247e+00    5.4789e-03    7.2309e-01    5.1482e+00
greedy-e              1.9730e-01    7.1768e+01    6.5624e-01    1.2618e+00    8.4711e-02    7.0926e-01    1.4735e+00
fw-e                  1.7723e-03    6.6488e+01    3.9414e+01    3.9777e+01    3.4860e-02    6.8309e-01    3.8214e+01
fw-a                  2.2340e-03    6.8202e+01    1.8881e+01    3.7640e+01    1.2541e-02    6.8575e-01    3.8302e+01
fw-d                  1.4249e-01    7.3643e+01    1.5201e+00    4.2964e+00    1.9179e-02    7.1400e-01    4.3815e+00

--- K=10 (held-out=710) ---
Method                   min_eig        logdet  focal_err_px     pp_err_px      dist_err     train_rms   heldout_rms
--------------------------------------------------------------------------------------------------------------------
random                1.2019e-01    7.4866e+01    2.6257e+00    4.5835e+00    2.9187e-02    6.9349e-01    4.6970e+00
coverage              5.7544e-02    7.3850e+01    2.2573e-01    1.4008e+00    4.7624e-02    6.9493e-01    1.5010e+00
a-optimal             3.9944e-01    7.9367e+01    3.3722e-02    1.0589e+00    1.3777e-02    6.9351e-01    1.2805e+00
d-optimal             3.4049e-01    7.9934e+01    7.1848e-01    1.9707e+00    2.0895e-02    6.9522e-01    2.1317e+00
greedy-e              4.1486e-01    7.8591e+01    6.3629e-01    2.1004e+00    2.1412e-02    7.0263e-01    2.3666e+00
fw-e                  4.2853e-01    7.8882e+01    4.5249e-01    1.4402e+00    9.2289e-03    6.8347e-01    1.6385e+00
fw-a                  2.9077e-02    7.6674e+01    1.6178e+00    3.4516e+00    3.1339e-02    6.9195e-01    3.5907e+00
fw-d                  2.8263e-01    7.9861e+01    8.4877e-01    2.6314e+00    1.2237e-02    6.9254e-01    2.7387e+00

--- K=15 (held-out=705) ---
Method                   min_eig        logdet  focal_err_px     pp_err_px      dist_err     train_rms   heldout_rms
--------------------------------------------------------------------------------------------------------------------
random                2.6135e-01    7.9319e+01    1.2102e+00    2.2542e+00    2.9031e-02    6.9271e-01    2.3693e+00
coverage              1.9205e-01    7.8314e+01    1.5388e+00    3.1856e+00    4.2157e-02    6.8952e-01    3.2596e+00
a-optimal             6.1801e-01    8.2942e+01    2.0891e-01    1.1797e+00    2.7724e-02    6.9603e-01    1.3905e+00
d-optimal             5.5977e-01    8.3463e+01    7.3750e-01    1.1346e+00    2.7522e-03    7.0160e-01    1.3318e+00
greedy-e              6.1338e-01    8.2692e+01    5.4583e-01    1.4521e+00    6.0537e-03    6.9808e-01    1.6679e+00
fw-e                  6.1606e-01    8.2857e+01    4.8545e-01    1.6720e+00    7.3432e-03    6.9870e-01    1.7981e+00
fw-a                  6.1606e-01    8.2857e+01    4.8545e-01    1.6720e+00    7.3432e-03    6.9870e-01    1.7981e+00
fw-d                  5.5977e-01    8.3463e+01    7.3750e-01    1.1346e+00    2.7522e-03    7.0160e-01    1.3318e+00

--- K=20 (held-out=700) ---
Method                   min_eig        logdet  focal_err_px     pp_err_px      dist_err     train_rms   heldout_rms
--------------------------------------------------------------------------------------------------------------------
random                3.5605e-01    8.2125e+01    7.0676e-01    1.3016e+00    1.7115e-02    6.9564e-01    1.4789e+00
coverage              2.8846e-01    8.0932e+01    1.0771e+00    2.4582e+00    3.5836e-02    6.9234e-01    2.6275e+00
a-optimal             8.0860e-01    8.5335e+01    1.9060e-01    1.1823e+00    1.2757e-02    6.8998e-01    1.3949e+00
d-optimal             7.4112e-01    8.5871e+01    8.6352e-01    1.1498e+00    9.3586e-03    7.0083e-01    1.3478e+00
greedy-e              8.0938e-01    8.5243e+01    4.2379e-01    1.3160e+00    5.0117e-03    6.9964e-01    1.5294e+00
fw-e                  7.7805e-01    8.5087e+01    2.9307e-01    1.0892e+00    8.8140e-03    6.9457e-01    1.2714e+00
fw-a                  7.7805e-01    8.5087e+01    2.9307e-01    1.0892e+00    8.8140e-03    6.9457e-01    1.2714e+00
fw-d                  7.5077e-01    8.5826e+01    8.5873e-01    1.1407e+00    3.3895e-03    6.9909e-01    1.3424e+00

--- K=30 (held-out=690) ---
Method                   min_eig        logdet  focal_err_px     pp_err_px      dist_err     train_rms   heldout_rms
--------------------------------------------------------------------------------------------------------------------
random                5.2263e-01    8.5712e+01    6.1016e-01    1.2009e+00    1.6335e-02    6.9706e-01    1.3882e+00
coverage              5.1772e-01    8.4970e+01    4.5426e-01    1.4748e+00    4.4758e-02    6.9844e-01    1.7119e+00
a-optimal             1.1623e+00    8.8580e+01    4.2607e-01    1.0721e+00    3.7691e-03    6.9587e-01    1.2631e+00
d-optimal             1.0767e+00    8.9269e+01    6.9987e-01    8.4043e-01    8.7369e-03    7.0372e-01    1.0591e+00
greedy-e              1.1785e+00    8.8421e+01    4.6398e-01    1.0485e+00    3.7086e-03    6.9724e-01    1.2147e+00
fw-e                  1.1833e+00    8.8327e+01    4.1074e-01    1.3153e+00    2.6864e-03    6.9885e-01    1.4675e+00
fw-a                  1.1666e+00    8.8512e+01    1.4607e-01    7.0233e-01    1.5049e-03    6.9722e-01    9.5330e-01
fw-d                  9.6354e-01    8.9166e+01    6.5951e-01    8.6454e-01    4.5057e-03    7.0526e-01    1.0998e+00

--- K=40 (held-out=680) ---
Method                   min_eig        logdet  focal_err_px     pp_err_px      dist_err     train_rms   heldout_rms
--------------------------------------------------------------------------------------------------------------------
random                7.5783e-01    8.8417e+01    6.1231e-01    1.1767e+00    1.3414e-02    6.9548e-01    1.3602e+00
coverage              8.3394e-01    8.7980e+01    6.7617e-01    1.4085e+00    5.6471e-02    6.9499e-01    1.5920e+00
a-optimal             1.5129e+00    9.0929e+01    3.9010e-01    7.7862e-01    1.4201e-02    6.9808e-01    9.8004e-01
d-optimal             1.4188e+00    9.1701e+01    5.8433e-01    9.7505e-01    6.3802e-03    7.0036e-01    1.1839e+00
greedy-e              1.5395e+00    9.0722e+01    3.3641e-01    1.2182e+00    1.2513e-03    7.0089e-01    1.4010e+00
fw-e                  1.4777e+00    9.0757e+01    4.2884e-01    1.3605e+00    6.2093e-03    7.0059e-01    1.5156e+00
fw-a                  1.5071e+00    9.0878e+01    4.0850e-01    9.8381e-01    1.6230e-02    7.0018e-01    1.1447e+00
fw-d                  1.4101e+00    9.1700e+01    5.5263e-01    9.4067e-01    9.2972e-03    7.0005e-01    1.1637e+00

--- K=50 (held-out=670) ---
Method                   min_eig        logdet  focal_err_px     pp_err_px      dist_err     train_rms   heldout_rms
--------------------------------------------------------------------------------------------------------------------
random                9.3320e-01    9.0376e+01    4.8332e-01    9.9020e-01    1.3525e-02    6.9443e-01    1.1989e+00
coverage              1.0207e+00    9.0079e+01    5.5530e-01    1.0962e+00    3.4903e-02    6.9671e-01    1.2625e+00
a-optimal             1.8591e+00    9.2796e+01    2.7194e-01    7.7630e-01    1.3186e-02    6.9682e-01    9.7421e-01
d-optimal             1.5870e+00    9.3536e+01    6.1742e-01    8.5650e-01    2.5857e-03    6.9768e-01    1.0795e+00
greedy-e              1.8843e+00    9.2626e+01    2.6935e-01    1.0549e+00    4.4511e-03    7.0110e-01    1.2536e+00
fw-e                  1.8870e+00    9.2640e+01    3.5313e-01    1.0216e+00    4.4272e-03    6.9800e-01    1.2071e+00
fw-a                  1.8368e+00    9.2808e+01    4.4177e-01    1.1206e+00    8.8614e-03    7.0122e-01    1.2503e+00
fw-d                  1.5869e+00    9.3535e+01    6.6474e-01    8.9212e-01    3.5772e-03    6.9669e-01    1.1104e+00

Saved: results/fresh_ksweep_20260427/charuco_sigma05_20260427_052031/k_sweep_calib_metrics.json
