
=== K-Sweep: Full Calibration Metrics (held-out = N-K) ===
  problem        : results/k20/datasets/aprilgrid_zero/all_candidate_problem_sigma10.npz
  total N        : 720
  K values       : [5, 10, 15, 20, 30, 40, 50]
  random trials  : 25
  held-out       : all N-K unselected frames per method

============================================================
K = 5  (held-out = 715 frames)
  [random] 25 trials...
  [coverage] min_eig=2.3505e-03  heldout=49.1449  (0.0s)
  [a-optimal] min_eig=5.7212e-02  heldout=4.7100  (2.9s)
  [d-optimal] min_eig=3.7236e-02  heldout=1.8729  (2.8s)
  [greedy-e] min_eig=5.1906e-02  heldout=4.3568  (2.7s)
[FW] Building 720 candidate information matrices...
Building FIM:   0%|          | 0/720 [00:00<?, ?candidate/s]Building FIM:   4%|▍         | 32/720 [00:00<00:10, 64.58candidate/s]Building FIM:   9%|▉         | 64/720 [00:00<00:05, 120.52candidate/s]Building FIM:  18%|█▊        | 128/720 [00:00<00:02, 221.72candidate/s]Building FIM:  27%|██▋       | 192/720 [00:00<00:01, 269.21candidate/s]Building FIM:  44%|████▍     | 320/720 [00:01<00:00, 456.85candidate/s]Building FIM:  62%|██████▏   | 448/720 [00:01<00:00, 568.30candidate/s]Building FIM:  80%|████████  | 576/720 [00:01<00:00, 603.42candidate/s]Building FIM:  98%|█████████▊| 704/720 [00:01<00:00, 633.87candidate/s]Building FIM: 100%|██████████| 720/720 [00:01<00:00, 451.42candidate/s]
[FW] Done. Starting Frank-Wolfe optimization (select_k=5)...
[FW] Pre-extracting dense blocks (intr_dim=9, num_poses=720)...
[FW] Block extraction done. Starting iterations...
[FW] iter=  0  min_eig=2.754726e-02
[FW] iter=  1  min_eig=2.350869e-03
[FW] iter=  2  min_eig=2.351178e-03
[FW] iter=  3  min_eig=2.378253e-02
[FW] iter=  4  min_eig=2.052574e-02
[FW] iter=  5  min_eig=1.657156e-02
[FW] iter=  6  min_eig=1.492916e-02
[FW] iter=  7  min_eig=1.403200e-02
[FW] iter=  8  min_eig=1.328945e-02
[FW] iter=  9  min_eig=1.166078e-02
[FW] iter= 10  min_eig=1.080974e-02
[FW] iter= 11  min_eig=9.873891e-03
[FW] iter= 12  min_eig=8.980307e-03
[FW] iter= 13  min_eig=8.196981e-03
[FW] iter= 14  min_eig=7.560131e-03
[FW] iter= 15  min_eig=7.036967e-03
[FW] iter= 16  min_eig=6.544170e-03
[FW] iter= 17  min_eig=6.124874e-03
[FW] iter= 18  min_eig=5.840741e-03
[FW] iter= 19  min_eig=6.705492e-03
[FW] iter= 20  min_eig=6.350232e-03
[FW] iter= 21  min_eig=6.140057e-03
[FW] iter= 22  min_eig=1.167810e-02
[FW] iter= 23  min_eig=1.090910e-02
[FW] iter= 24  min_eig=1.045178e-02
[FW] iter= 25  min_eig=1.038693e-02
[FW] iter= 26  min_eig=1.010569e-02
[FW] iter= 27  min_eig=1.003543e-02
[FW] iter= 28  min_eig=9.756164e-03
[FW] iter= 29  min_eig=9.686192e-03
[FW] iter= 30  min_eig=9.470741e-03
[FW] iter= 31  min_eig=1.197826e-02
[FW] iter= 32  min_eig=1.272502e-02
[FW] iter= 33  min_eig=1.363548e-02
[FW] iter= 34  min_eig=1.364665e-02
[FW] iter= 35  min_eig=1.334902e-02
[FW] iter= 36  min_eig=1.329033e-02
[FW] iter= 37  min_eig=1.298373e-02
[FW] iter= 38  min_eig=1.277407e-02
[FW] iter= 39  min_eig=1.271415e-02
[FW] iter= 40  min_eig=1.318058e-02
[FW] iter= 41  min_eig=1.350469e-02
[FW] iter= 42  min_eig=1.740505e-02
[FW] iter= 43  min_eig=1.712194e-02
[FW] iter= 44  min_eig=1.709270e-02
[FW] iter= 45  min_eig=2.107401e-02
[FW] iter= 46  min_eig=2.193741e-02
[FW] iter= 47  min_eig=2.207797e-02
[FW] iter= 48  min_eig=2.275759e-02
[FW] iter= 49  min_eig=2.512707e-02
[FW] iter= 50  min_eig=2.579120e-02
[FW] iter= 51  min_eig=2.700475e-02
[FW] iter= 52  min_eig=2.663127e-02
[FW] iter= 53  min_eig=2.681055e-02
[FW] iter= 54  min_eig=2.682045e-02
[FW] iter= 55  min_eig=2.751258e-02
[FW] iter= 56  min_eig=2.818843e-02
[FW] iter= 57  min_eig=2.798228e-02
[FW] iter= 58  min_eig=2.778956e-02
[FW] iter= 59  min_eig=2.823759e-02
[FW] iter= 60  min_eig=2.860334e-02
[FW] iter= 61  min_eig=2.808120e-02
[FW] iter= 62  min_eig=2.773144e-02
[FW] iter= 63  min_eig=2.706139e-02
[FW] iter= 64  min_eig=2.632913e-02
[FW] iter= 65  min_eig=2.631950e-02
[FW] iter= 66  min_eig=2.609003e-02
[FW] iter= 67  min_eig=2.627381e-02
[FW] iter= 68  min_eig=2.622683e-02
[FW] iter= 69  min_eig=2.680019e-02
[FW] iter= 70  min_eig=2.671346e-02
[FW] iter= 71  min_eig=2.655580e-02
[FW] iter= 72  min_eig=2.643454e-02
[FW] iter= 73  min_eig=2.701774e-02
[FW] iter= 74  min_eig=2.733434e-02
[FW] iter= 75  min_eig=2.797057e-02
[FW] iter= 76  min_eig=2.788495e-02
[FW] iter= 77  min_eig=2.751812e-02
[FW] iter= 78  min_eig=2.776224e-02
[FW] iter= 79  min_eig=2.857089e-02
[FW] iter= 80  min_eig=2.868916e-02
[FW] iter= 81  min_eig=2.887486e-02
[FW] iter= 82  min_eig=2.923830e-02
[FW] iter= 83  min_eig=2.899633e-02
[FW] iter= 84  min_eig=2.916582e-02
[FW] iter= 85  min_eig=2.901305e-02
[FW] iter= 86  min_eig=2.962331e-02
[FW] iter= 87  min_eig=2.947774e-02
[FW] iter= 88  min_eig=2.942849e-02
[FW] iter= 89  min_eig=2.923799e-02
[FW] iter= 90  min_eig=2.907415e-02
[FW] iter= 91  min_eig=2.892275e-02
[FW] iter= 92  min_eig=2.892844e-02
[FW] iter= 93  min_eig=2.901841e-02
[FW] iter= 94  min_eig=2.921449e-02
[FW] iter= 95  min_eig=2.896794e-02
[FW] iter= 96  min_eig=2.851003e-02
[FW] iter= 97  min_eig=2.826399e-02
[FW] iter= 98  min_eig=2.797670e-02
[FW] iter= 99  min_eig=2.816650e-02
[FW] iter=100  min_eig=2.819512e-02
[FW] iter=101  min_eig=2.816982e-02
[FW] iter=102  min_eig=2.824486e-02
[FW] iter=103  min_eig=2.865212e-02
[FW] iter=104  min_eig=2.903104e-02
[FW] iter=105  min_eig=2.927580e-02
[FW] iter=106  min_eig=2.901410e-02
[FW] iter=107  min_eig=2.914687e-02
[FW] iter=108  min_eig=2.921974e-02
[FW] iter=109  min_eig=2.941248e-02
[FW] iter=110  min_eig=2.965941e-02
[FW] iter=111  min_eig=2.981169e-02
[FW] iter=112  min_eig=2.993341e-02
[FW] iter=113  min_eig=3.015879e-02
[FW] iter=114  min_eig=3.016761e-02
[FW] iter=115  min_eig=3.000763e-02
[FW] iter=116  min_eig=3.004354e-02
[FW] iter=117  min_eig=3.009415e-02
[FW] iter=118  min_eig=2.980384e-02
[FW] iter=119  min_eig=2.952062e-02
[FW] iter=120  min_eig=2.954550e-02
[FW] iter=121  min_eig=2.923772e-02
[FW] iter=122  min_eig=2.883812e-02
[FW] iter=123  min_eig=2.844295e-02
[FW] iter=124  min_eig=2.805322e-02
[FW] iter=125  min_eig=2.780074e-02
[FW] iter=126  min_eig=2.786262e-02
[FW] iter=127  min_eig=2.789158e-02
[FW] iter=128  min_eig=2.815135e-02
[FW] iter=129  min_eig=2.828259e-02
[FW] iter=130  min_eig=2.841299e-02
[FW] iter=131  min_eig=2.848392e-02
[FW] iter=132  min_eig=2.852034e-02
[FW] iter=133  min_eig=2.853106e-02
[FW] iter=134  min_eig=2.852046e-02
[FW] iter=135  min_eig=2.830269e-02
[FW] iter=136  min_eig=2.796124e-02
[FW] iter=137  min_eig=2.762201e-02
[FW] iter=138  min_eig=2.728855e-02
[FW] iter=139  min_eig=2.696053e-02
[FW] iter=140  min_eig=2.689374e-02
[FW] iter=141  min_eig=2.688202e-02
[FW] iter=142  min_eig=2.684149e-02
[FW] iter=143  min_eig=2.671944e-02
[FW] iter=144  min_eig=2.658642e-02
[FW] iter=145  min_eig=2.759057e-02
[FW] iter=146  min_eig=2.834588e-02
[FW] iter=147  min_eig=2.891167e-02
[FW] iter=148  min_eig=2.933055e-02
[FW] iter=149  min_eig=2.977164e-02
[FW] iter=150  min_eig=3.018300e-02
[FW] iter=151  min_eig=3.055793e-02
[FW] iter=152  min_eig=3.097789e-02
[FW] iter=153  min_eig=3.136019e-02
[FW] iter=154  min_eig=3.175279e-02
[FW] iter=155  min_eig=3.212967e-02
[FW] iter=156  min_eig=3.249911e-02
[FW] iter=157  min_eig=3.284426e-02
[FW] iter=158  min_eig=3.320352e-02
[FW] iter=159  min_eig=3.355830e-02
[FW] iter=160  min_eig=3.389960e-02
[FW] iter=161  min_eig=3.421969e-02
[FW] iter=162  min_eig=3.455825e-02
[FW] iter=163  min_eig=3.488397e-02
[FW] iter=164  min_eig=3.519677e-02
[FW] iter=165  min_eig=3.549298e-02
[FW] iter=166  min_eig=3.580581e-02
[FW] iter=167  min_eig=3.610598e-02
[FW] iter=168  min_eig=3.639928e-02
[FW] iter=169  min_eig=3.667507e-02
[FW] iter=170  min_eig=3.696532e-02
[FW] iter=171  min_eig=3.722561e-02
[FW] iter=172  min_eig=3.750890e-02
[FW] iter=173  min_eig=3.778238e-02
[FW] iter=174  min_eig=3.804660e-02
[FW] iter=175  min_eig=3.829614e-02
[FW] iter=176  min_eig=3.855713e-02
[FW] iter=177  min_eig=3.880736e-02
[FW] iter=178  min_eig=3.904438e-02
[FW] iter=179  min_eig=3.929175e-02
[FW] iter=180  min_eig=3.953041e-02
[FW] iter=181  min_eig=3.975976e-02
[FW] iter=182  min_eig=3.998276e-02
[FW] iter=183  min_eig=4.021217e-02
[FW] iter=184  min_eig=4.043220e-02
[FW] iter=185  min_eig=4.064197e-02
[FW] iter=186  min_eig=4.086235e-02
[FW] iter=187  min_eig=4.107457e-02
[FW] iter=188  min_eig=4.127209e-02
[FW] iter=189  min_eig=4.147031e-02
[FW] iter=190  min_eig=4.167924e-02
[FW] iter=191  min_eig=4.187962e-02
[FW] iter=192  min_eig=4.207371e-02
[FW] iter=193  min_eig=4.225448e-02
[FW] iter=194  min_eig=4.243988e-02
[FW] iter=195  min_eig=4.263212e-02
[FW] iter=196  min_eig=4.281615e-02
[FW] iter=197  min_eig=4.299618e-02
[FW] iter=198  min_eig=4.316181e-02
[FW] iter=199  min_eig=4.334248e-02
[FW] iter=200  min_eig=4.351739e-02
[FW] iter=201  min_eig=4.368594e-02
[FW] iter=202  min_eig=4.384758e-02
[FW] iter=203  min_eig=4.401532e-02
[FW] iter=204  min_eig=4.417716e-02
[FW] iter=205  min_eig=4.432413e-02
[FW] iter=206  min_eig=4.448467e-02
[FW] iter=207  min_eig=4.464407e-02
[FW] iter=208  min_eig=4.479689e-02
[FW] iter=209  min_eig=4.494035e-02
[FW] iter=210  min_eig=4.509271e-02
[FW] iter=211  min_eig=4.523882e-02
[FW] iter=212  min_eig=4.537487e-02
[FW] iter=213  min_eig=4.552148e-02
[FW] iter=214  min_eig=4.566010e-02
[FW] iter=215  min_eig=4.579212e-02
[FW] iter=216  min_eig=4.593159e-02
[FW] iter=217  min_eig=4.606347e-02
[FW] iter=218  min_eig=4.619159e-02
[FW] iter=219  min_eig=4.632436e-02
[FW] iter=220  min_eig=4.645206e-02
[FW] iter=221  min_eig=4.657185e-02
[FW] iter=222  min_eig=4.670129e-02
[FW] iter=223  min_eig=4.682613e-02
[FW] iter=224  min_eig=4.694174e-02
[FW] iter=225  min_eig=4.706480e-02
[FW] iter=226  min_eig=4.718353e-02
[FW] iter=227  min_eig=4.729197e-02
[FW] iter=228  min_eig=4.741190e-02
[FW] iter=229  min_eig=4.752816e-02
[FW] iter=230  min_eig=4.764042e-02
[FW] iter=231  min_eig=4.774260e-02
[FW] iter=232  min_eig=4.785669e-02
[FW] iter=233  min_eig=4.796668e-02
[FW] iter=234  min_eig=4.806889e-02
[FW] iter=235  min_eig=4.817701e-02
[FW] iter=236  min_eig=4.827149e-02
[FW] iter=237  min_eig=4.837897e-02
[FW] iter=238  min_eig=4.848248e-02
[FW] iter=239  min_eig=4.857877e-02
[FW] iter=240  min_eig=4.868017e-02
[FW] iter=241  min_eig=4.877594e-02
[FW] iter=242  min_eig=4.886927e-02
[FW] iter=243  min_eig=4.896620e-02
[FW] iter=244  min_eig=4.905917e-02
[FW] iter=245  min_eig=4.914743e-02
[FW] iter=246  min_eig=4.924235e-02
[FW] iter=247  min_eig=4.933371e-02
[FW] iter=248  min_eig=4.941819e-02
[FW] iter=249  min_eig=4.950279e-02
[FW] iter=250  min_eig=4.959455e-02
[FW] iter=251  min_eig=4.968238e-02
[FW] iter=252  min_eig=4.976735e-02
[FW] iter=253  min_eig=4.984548e-02
[FW] iter=254  min_eig=4.993094e-02
[FW] iter=255  min_eig=5.001545e-02
[FW] iter=256  min_eig=5.009631e-02
[FW] iter=257  min_eig=5.017037e-02
[FW] iter=258  min_eig=5.025324e-02
[FW] iter=259  min_eig=5.033333e-02
[FW] iter=260  min_eig=5.040982e-02
[FW] iter=261  min_eig=5.048443e-02
[FW] iter=262  min_eig=5.056170e-02
[FW] iter=263  min_eig=5.063343e-02
[FW] iter=264  min_eig=5.070953e-02
[FW] iter=265  min_eig=5.077930e-02
[FW] iter=266  min_eig=5.085012e-02
[FW] iter=267  min_eig=5.092375e-02
[FW] iter=268  min_eig=5.099503e-02
[FW] iter=269  min_eig=5.106086e-02
[FW] iter=270  min_eig=5.113284e-02
[FW] iter=271  min_eig=5.120168e-02
[FW] iter=272  min_eig=5.126506e-02
[FW] iter=273  min_eig=5.132977e-02
[FW] iter=274  min_eig=5.139932e-02
[FW] iter=275  min_eig=5.146581e-02
[FW] iter=276  min_eig=5.153008e-02
[FW] iter=277  min_eig=5.159001e-02
[FW] iter=278  min_eig=5.165509e-02
[FW] iter=279  min_eig=5.171935e-02
[FW] iter=280  min_eig=5.178076e-02
[FW] iter=281  min_eig=5.183767e-02
[FW] iter=282  min_eig=5.190110e-02
[FW] iter=283  min_eig=5.196225e-02
[FW] iter=284  min_eig=5.202062e-02
[FW] iter=285  min_eig=5.207492e-02
[FW] iter=286  min_eig=5.213585e-02
[FW] iter=287  min_eig=5.219382e-02
[FW] iter=288  min_eig=5.225103e-02
[FW] iter=289  min_eig=5.230670e-02
[FW] iter=290  min_eig=5.236078e-02
[FW] iter=291  min_eig=5.241755e-02
[FW] iter=292  min_eig=5.247235e-02
[FW] iter=293  min_eig=5.252329e-02
[FW] iter=294  min_eig=5.257888e-02
[FW] iter=295  min_eig=5.263196e-02
[FW] iter=296  min_eig=5.268132e-02
[FW] iter=297  min_eig=5.273518e-02
[FW] iter=298  min_eig=5.278691e-02
[FW] iter=299  min_eig=5.283481e-02
  [fw-e] min_eig=1.7706e-03  heldout=59.0877  (5.3s)
[FW-A] Building 720 candidate information matrices...
Building FIM:   0%|          | 0/720 [00:00<?, ?candidate/s]Building FIM:  44%|████▍     | 320/720 [00:00<00:00, 3169.26candidate/s]Building FIM: 100%|██████████| 720/720 [00:00<00:00, 3588.65candidate/s]
[FW-A] Done. Starting Frank-Wolfe A-optimal (select_k=5)...
[FW-A] Pre-extracting dense blocks (intr_dim=9, num_poses=720)...
[FW-A] Block extraction done. Starting iterations...
[FW-A] iter=  0  -trace(H^{-1})=-4.955334e+01
[FW-A] iter=  1  -trace(H^{-1})=-4.330315e+02
[FW-A] iter=  2  -trace(H^{-1})=-4.388550e+02
[FW-A] iter=  3  -trace(H^{-1})=-5.408690e+01
[FW-A] iter=  4  -trace(H^{-1})=-6.383552e+01
[FW-A] iter=  5  -trace(H^{-1})=-7.285563e+01
[FW-A] iter=  6  -trace(H^{-1})=-8.941954e+01
[FW-A] iter=  7  -trace(H^{-1})=-8.750988e+01
[FW-A] iter=  8  -trace(H^{-1})=-9.163684e+01
[FW-A] iter=  9  -trace(H^{-1})=-8.976146e+01
[FW-A] iter= 10  -trace(H^{-1})=-9.410840e+01
[FW-A] iter= 11  -trace(H^{-1})=-1.006814e+02
[FW-A] iter= 12  -trace(H^{-1})=-1.045406e+02
[FW-A] iter= 13  -trace(H^{-1})=-1.105539e+02
[FW-A] iter= 14  -trace(H^{-1})=-1.169117e+02
[FW-A] iter= 15  -trace(H^{-1})=-1.243753e+02
[FW-A] iter= 16  -trace(H^{-1})=-1.312840e+02
[FW-A] iter= 17  -trace(H^{-1})=-1.380964e+02
[FW-A] iter= 18  -trace(H^{-1})=-1.329623e+02
[FW-A] iter= 19  -trace(H^{-1})=-1.398398e+02
[FW-A] iter= 20  -trace(H^{-1})=-1.461234e+02
[FW-A] iter= 21  -trace(H^{-1})=-9.807446e+01
[FW-A] iter= 22  -trace(H^{-1})=-1.022690e+02
[FW-A] iter= 23  -trace(H^{-1})=-1.065136e+02
[FW-A] iter= 24  -trace(H^{-1})=-1.086841e+02
[FW-A] iter= 25  -trace(H^{-1})=-1.096562e+02
[FW-A] iter= 26  -trace(H^{-1})=-1.112047e+02
[FW-A] iter= 27  -trace(H^{-1})=-1.132955e+02
[FW-A] iter= 28  -trace(H^{-1})=-1.160981e+02
[FW-A] iter= 29  -trace(H^{-1})=-1.168191e+02
[FW-A] iter= 30  -trace(H^{-1})=-1.095089e+02
[FW-A] iter= 31  -trace(H^{-1})=-9.904445e+01
[FW-A] iter= 32  -trace(H^{-1})=-9.352106e+01
[FW-A] iter= 33  -trace(H^{-1})=-8.811677e+01
[FW-A] iter= 34  -trace(H^{-1})=-8.778661e+01
[FW-A] iter= 35  -trace(H^{-1})=-8.952715e+01
[FW-A] iter= 36  -trace(H^{-1})=-8.971644e+01
[FW-A] iter= 37  -trace(H^{-1})=-9.048523e+01
[FW-A] iter= 38  -trace(H^{-1})=-9.228460e+01
[FW-A] iter= 39  -trace(H^{-1})=-9.268164e+01
[FW-A] iter= 40  -trace(H^{-1})=-9.048478e+01
[FW-A] iter= 41  -trace(H^{-1})=-8.769719e+01
[FW-A] iter= 42  -trace(H^{-1})=-7.071545e+01
[FW-A] iter= 43  -trace(H^{-1})=-7.223543e+01
[FW-A] iter= 44  -trace(H^{-1})=-7.197527e+01
[FW-A] iter= 45  -trace(H^{-1})=-6.316147e+01
[FW-A] iter= 46  -trace(H^{-1})=-5.876618e+01
[FW-A] iter= 47  -trace(H^{-1})=-5.906477e+01
[FW-A] iter= 48  -trace(H^{-1})=-5.629780e+01
[FW-A] iter= 49  -trace(H^{-1})=-5.435957e+01
[FW-A] iter= 50  -trace(H^{-1})=-5.263513e+01
[FW-A] iter= 51  -trace(H^{-1})=-4.994858e+01
[FW-A] iter= 52  -trace(H^{-1})=-5.044314e+01
[FW-A] iter= 53  -trace(H^{-1})=-5.119124e+01
[FW-A] iter= 54  -trace(H^{-1})=-4.988287e+01
[FW-A] iter= 55  -trace(H^{-1})=-4.923890e+01
[FW-A] iter= 56  -trace(H^{-1})=-4.798761e+01
[FW-A] iter= 57  -trace(H^{-1})=-4.782594e+01
[FW-A] iter= 58  -trace(H^{-1})=-4.812159e+01
[FW-A] iter= 59  -trace(H^{-1})=-4.853241e+01
[FW-A] iter= 60  -trace(H^{-1})=-4.773779e+01
[FW-A] iter= 61  -trace(H^{-1})=-4.815187e+01
[FW-A] iter= 62  -trace(H^{-1})=-4.854783e+01
[FW-A] iter= 63  -trace(H^{-1})=-4.922830e+01
[FW-A] iter= 64  -trace(H^{-1})=-5.019915e+01
[FW-A] iter= 65  -trace(H^{-1})=-5.046188e+01
[FW-A] iter= 66  -trace(H^{-1})=-5.077253e+01
[FW-A] iter= 67  -trace(H^{-1})=-5.050357e+01
[FW-A] iter= 68  -trace(H^{-1})=-5.054777e+01
[FW-A] iter= 69  -trace(H^{-1})=-4.990032e+01
[FW-A] iter= 70  -trace(H^{-1})=-5.054034e+01
[FW-A] iter= 71  -trace(H^{-1})=-5.027838e+01
[FW-A] iter= 72  -trace(H^{-1})=-5.025758e+01
[FW-A] iter= 73  -trace(H^{-1})=-4.952172e+01
[FW-A] iter= 74  -trace(H^{-1})=-4.882537e+01
[FW-A] iter= 75  -trace(H^{-1})=-4.838692e+01
[FW-A] iter= 76  -trace(H^{-1})=-4.824132e+01
[FW-A] iter= 77  -trace(H^{-1})=-4.859778e+01
[FW-A] iter= 78  -trace(H^{-1})=-4.837552e+01
[FW-A] iter= 79  -trace(H^{-1})=-4.762774e+01
[FW-A] iter= 80  -trace(H^{-1})=-4.697474e+01
[FW-A] iter= 81  -trace(H^{-1})=-4.741665e+01
[FW-A] iter= 82  -trace(H^{-1})=-4.639161e+01
[FW-A] iter= 83  -trace(H^{-1})=-4.640767e+01
[FW-A] iter= 84  -trace(H^{-1})=-4.638816e+01
[FW-A] iter= 85  -trace(H^{-1})=-4.672280e+01
[FW-A] iter= 86  -trace(H^{-1})=-4.618103e+01
[FW-A] iter= 87  -trace(H^{-1})=-4.635352e+01
[FW-A] iter= 88  -trace(H^{-1})=-4.619009e+01
[FW-A] iter= 89  -trace(H^{-1})=-4.593495e+01
[FW-A] iter= 90  -trace(H^{-1})=-4.655475e+01
[FW-A] iter= 91  -trace(H^{-1})=-4.673934e+01
[FW-A] iter= 92  -trace(H^{-1})=-4.669531e+01
[FW-A] iter= 93  -trace(H^{-1})=-4.702933e+01
[FW-A] iter= 94  -trace(H^{-1})=-4.680009e+01
[FW-A] iter= 95  -trace(H^{-1})=-4.717058e+01
[FW-A] iter= 96  -trace(H^{-1})=-4.770007e+01
[FW-A] iter= 97  -trace(H^{-1})=-4.807056e+01
[FW-A] iter= 98  -trace(H^{-1})=-4.852759e+01
[FW-A] iter= 99  -trace(H^{-1})=-4.836931e+01
[FW-A] iter=100  -trace(H^{-1})=-4.866613e+01
[FW-A] iter=101  -trace(H^{-1})=-4.823740e+01
[FW-A] iter=102  -trace(H^{-1})=-4.837848e+01
[FW-A] iter=103  -trace(H^{-1})=-4.778359e+01
[FW-A] iter=104  -trace(H^{-1})=-4.716723e+01
[FW-A] iter=105  -trace(H^{-1})=-4.699844e+01
[FW-A] iter=106  -trace(H^{-1})=-4.741357e+01
[FW-A] iter=107  -trace(H^{-1})=-4.718472e+01
[FW-A] iter=108  -trace(H^{-1})=-4.717314e+01
[FW-A] iter=109  -trace(H^{-1})=-4.696704e+01
[FW-A] iter=110  -trace(H^{-1})=-4.640950e+01
[FW-A] iter=111  -trace(H^{-1})=-4.628382e+01
[FW-A] iter=112  -trace(H^{-1})=-4.610015e+01
[FW-A] iter=113  -trace(H^{-1})=-4.588870e+01
[FW-A] iter=114  -trace(H^{-1})=-4.618633e+01
[FW-A] iter=115  -trace(H^{-1})=-4.596570e+01
[FW-A] iter=116  -trace(H^{-1})=-4.610721e+01
[FW-A] iter=117  -trace(H^{-1})=-4.607613e+01
[FW-A] iter=118  -trace(H^{-1})=-4.647529e+01
[FW-A] iter=119  -trace(H^{-1})=-4.684085e+01
[FW-A] iter=120  -trace(H^{-1})=-4.714222e+01
[FW-A] iter=121  -trace(H^{-1})=-4.724750e+01
[FW-A] iter=122  -trace(H^{-1})=-4.769136e+01
[FW-A] iter=123  -trace(H^{-1})=-4.815262e+01
[FW-A] iter=124  -trace(H^{-1})=-4.863440e+01
[FW-A] iter=125  -trace(H^{-1})=-4.900262e+01
[FW-A] iter=126  -trace(H^{-1})=-4.895617e+01
[FW-A] iter=127  -trace(H^{-1})=-4.893695e+01
[FW-A] iter=128  -trace(H^{-1})=-4.847377e+01
[FW-A] iter=129  -trace(H^{-1})=-4.825898e+01
[FW-A] iter=130  -trace(H^{-1})=-4.812544e+01
[FW-A] iter=131  -trace(H^{-1})=-4.789897e+01
[FW-A] iter=132  -trace(H^{-1})=-4.783453e+01
[FW-A] iter=133  -trace(H^{-1})=-4.789500e+01
[FW-A] iter=134  -trace(H^{-1})=-4.791992e+01
[FW-A] iter=135  -trace(H^{-1})=-4.819713e+01
[FW-A] iter=136  -trace(H^{-1})=-4.865506e+01
[FW-A] iter=137  -trace(H^{-1})=-4.914371e+01
[FW-A] iter=138  -trace(H^{-1})=-4.964543e+01
[FW-A] iter=139  -trace(H^{-1})=-5.016545e+01
[FW-A] iter=140  -trace(H^{-1})=-5.026616e+01
[FW-A] iter=141  -trace(H^{-1})=-5.027777e+01
[FW-A] iter=142  -trace(H^{-1})=-5.033900e+01
[FW-A] iter=143  -trace(H^{-1})=-5.054533e+01
[FW-A] iter=144  -trace(H^{-1})=-5.078418e+01
[FW-A] iter=145  -trace(H^{-1})=-4.939846e+01
[FW-A] iter=146  -trace(H^{-1})=-4.840797e+01
[FW-A] iter=147  -trace(H^{-1})=-4.769343e+01
[FW-A] iter=148  -trace(H^{-1})=-4.704496e+01
[FW-A] iter=149  -trace(H^{-1})=-4.647270e+01
[FW-A] iter=150  -trace(H^{-1})=-4.594553e+01
[FW-A] iter=151  -trace(H^{-1})=-4.545553e+01
[FW-A] iter=152  -trace(H^{-1})=-4.496291e+01
[FW-A] iter=153  -trace(H^{-1})=-4.450070e+01
[FW-A] iter=154  -trace(H^{-1})=-4.407862e+01
[FW-A] iter=155  -trace(H^{-1})=-4.364412e+01
[FW-A] iter=156  -trace(H^{-1})=-4.323533e+01
[FW-A] iter=157  -trace(H^{-1})=-4.285114e+01
[FW-A] iter=158  -trace(H^{-1})=-4.248358e+01
[FW-A] iter=159  -trace(H^{-1})=-4.211921e+01
[FW-A] iter=160  -trace(H^{-1})=-4.177562e+01
[FW-A] iter=161  -trace(H^{-1})=-4.144860e+01
[FW-A] iter=162  -trace(H^{-1})=-4.112489e+01
[FW-A] iter=163  -trace(H^{-1})=-4.081766e+01
[FW-A] iter=164  -trace(H^{-1})=-4.052244e+01
[FW-A] iter=165  -trace(H^{-1})=-4.023927e+01
[FW-A] iter=166  -trace(H^{-1})=-3.995916e+01
[FW-A] iter=167  -trace(H^{-1})=-3.969219e+01
[FW-A] iter=168  -trace(H^{-1})=-3.944024e+01
[FW-A] iter=169  -trace(H^{-1})=-3.918417e+01
[FW-A] iter=170  -trace(H^{-1})=-3.894110e+01
[FW-A] iter=171  -trace(H^{-1})=-3.871608e+01
[FW-A] iter=172  -trace(H^{-1})=-3.848221e+01
[FW-A] iter=173  -trace(H^{-1})=-3.825992e+01
[FW-A] iter=174  -trace(H^{-1})=-3.805180e+01
[FW-A] iter=175  -trace(H^{-1})=-3.783999e+01
[FW-A] iter=176  -trace(H^{-1})=-3.763844e+01
[FW-A] iter=177  -trace(H^{-1})=-3.745083e+01
[FW-A] iter=178  -trace(H^{-1})=-3.725583e+01
[FW-A] iter=179  -trace(H^{-1})=-3.707007e+01
[FW-A] iter=180  -trace(H^{-1})=-3.689540e+01
[FW-A] iter=181  -trace(H^{-1})=-3.671754e+01
[FW-A] iter=182  -trace(H^{-1})=-3.654796e+01
[FW-A] iter=183  -trace(H^{-1})=-3.638921e+01
[FW-A] iter=184  -trace(H^{-1})=-3.622435e+01
[FW-A] iter=185  -trace(H^{-1})=-3.606703e+01
[FW-A] iter=186  -trace(H^{-1})=-3.591842e+01
[FW-A] iter=187  -trace(H^{-1})=-3.576715e+01
[FW-A] iter=188  -trace(H^{-1})=-3.562163e+01
[FW-A] iter=189  -trace(H^{-1})=-3.548088e+01
[FW-A] iter=190  -trace(H^{-1})=-3.534462e+01
[FW-A] iter=191  -trace(H^{-1})=-3.520947e+01
[FW-A] iter=192  -trace(H^{-1})=-3.508167e+01
[FW-A] iter=193  -trace(H^{-1})=-3.495151e+01
[FW-A] iter=194  -trace(H^{-1})=-3.482602e+01
[FW-A] iter=195  -trace(H^{-1})=-3.470448e+01
[FW-A] iter=196  -trace(H^{-1})=-3.458697e+01
[FW-A] iter=197  -trace(H^{-1})=-3.446886e+01
[FW-A] iter=198  -trace(H^{-1})=-3.435852e+01
[FW-A] iter=199  -trace(H^{-1})=-3.424684e+01
[FW-A] iter=200  -trace(H^{-1})=-3.413815e+01
[FW-A] iter=201  -trace(H^{-1})=-3.403240e+01
[FW-A] iter=202  -trace(H^{-1})=-3.392701e+01
[FW-A] iter=203  -trace(H^{-1})=-3.382772e+01
[FW-A] iter=204  -trace(H^{-1})=-3.372542e+01
[FW-A] iter=205  -trace(H^{-1})=-3.362790e+01
[FW-A] iter=206  -trace(H^{-1})=-3.353531e+01
[FW-A] iter=207  -trace(H^{-1})=-3.343915e+01
[FW-A] iter=208  -trace(H^{-1})=-3.334757e+01
[FW-A] iter=209  -trace(H^{-1})=-3.326142e+01
[FW-A] iter=210  -trace(H^{-1})=-3.317027e+01
[FW-A] iter=211  -trace(H^{-1})=-3.308329e+01
[FW-A] iter=212  -trace(H^{-1})=-3.299998e+01
[FW-A] iter=213  -trace(H^{-1})=-3.291527e+01
[FW-A] iter=214  -trace(H^{-1})=-3.283359e+01
[FW-A] iter=215  -trace(H^{-1})=-3.275542e+01
[FW-A] iter=216  -trace(H^{-1})=-3.267517e+01
[FW-A] iter=217  -trace(H^{-1})=-3.259856e+01
[FW-A] iter=218  -trace(H^{-1})=-3.252321e+01
[FW-A] iter=219  -trace(H^{-1})=-3.244843e+01
[FW-A] iter=220  -trace(H^{-1})=-3.237733e+01
[FW-A] iter=221  -trace(H^{-1})=-3.230430e+01
[FW-A] iter=222  -trace(H^{-1})=-3.223457e+01
[FW-A] iter=223  -trace(H^{-1})=-3.216746e+01
[FW-A] iter=224  -trace(H^{-1})=-3.209825e+01
[FW-A] iter=225  -trace(H^{-1})=-3.203221e+01
[FW-A] iter=226  -trace(H^{-1})=-3.196931e+01
[FW-A] iter=227  -trace(H^{-1})=-3.190318e+01
[FW-A] iter=228  -trace(H^{-1})=-3.184000e+01
[FW-A] iter=229  -trace(H^{-1})=-3.178066e+01
[FW-A] iter=230  -trace(H^{-1})=-3.171784e+01
[FW-A] iter=231  -trace(H^{-1})=-3.165781e+01
[FW-A] iter=232  -trace(H^{-1})=-3.159973e+01
[FW-A] iter=233  -trace(H^{-1})=-3.154090e+01
[FW-A] iter=234  -trace(H^{-1})=-3.148480e+01
[FW-A] iter=235  -trace(H^{-1})=-3.143007e+01
[FW-A] iter=236  -trace(H^{-1})=-3.137367e+01
[FW-A] iter=237  -trace(H^{-1})=-3.131976e+01
[FW-A] iter=238  -trace(H^{-1})=-3.126797e+01
[FW-A] iter=239  -trace(H^{-1})=-3.121422e+01
[FW-A] iter=240  -trace(H^{-1})=-3.116284e+01
[FW-A] iter=241  -trace(H^{-1})=-3.111228e+01
[FW-A] iter=242  -trace(H^{-1})=-3.106181e+01
[FW-A] iter=243  -trace(H^{-1})=-3.101389e+01
[FW-A] iter=244  -trace(H^{-1})=-3.096430e+01
[FW-A] iter=245  -trace(H^{-1})=-3.091689e+01
[FW-A] iter=246  -trace(H^{-1})=-3.087132e+01
[FW-A] iter=247  -trace(H^{-1})=-3.082394e+01
[FW-A] iter=248  -trace(H^{-1})=-3.077865e+01
[FW-A] iter=249  -trace(H^{-1})=-3.073565e+01
[FW-A] iter=250  -trace(H^{-1})=-3.069002e+01
[FW-A] iter=251  -trace(H^{-1})=-3.064639e+01
[FW-A] iter=252  -trace(H^{-1})=-3.060424e+01
[FW-A] iter=253  -trace(H^{-1})=-3.056127e+01
[FW-A] iter=254  -trace(H^{-1})=-3.051968e+01
[FW-A] iter=255  -trace(H^{-1})=-3.047960e+01
[FW-A] iter=256  -trace(H^{-1})=-3.043831e+01
[FW-A] iter=257  -trace(H^{-1})=-3.039883e+01
[FW-A] iter=258  -trace(H^{-1})=-3.036064e+01
[FW-A] iter=259  -trace(H^{-1})=-3.032112e+01
[FW-A] iter=260  -trace(H^{-1})=-3.028300e+01
[FW-A] iter=261  -trace(H^{-1})=-3.024687e+01
[FW-A] iter=262  -trace(H^{-1})=-3.020863e+01
[FW-A] iter=263  -trace(H^{-1})=-3.017206e+01
[FW-A] iter=264  -trace(H^{-1})=-3.013646e+01
[FW-A] iter=265  -trace(H^{-1})=-3.010036e+01
[FW-A] iter=266  -trace(H^{-1})=-3.006546e+01
[FW-A] iter=267  -trace(H^{-1})=-3.003151e+01
[FW-A] iter=268  -trace(H^{-1})=-2.999671e+01
[FW-A] iter=269  -trace(H^{-1})=-2.996334e+01
[FW-A] iter=270  -trace(H^{-1})=-2.993116e+01
[FW-A] iter=271  -trace(H^{-1})=-2.989746e+01
[FW-A] iter=272  -trace(H^{-1})=-2.986524e+01
[FW-A] iter=273  -trace(H^{-1})=-2.983453e+01
[FW-A] iter=274  -trace(H^{-1})=-2.980212e+01
[FW-A] iter=275  -trace(H^{-1})=-2.977110e+01
[FW-A] iter=276  -trace(H^{-1})=-2.974193e+01
[FW-A] iter=277  -trace(H^{-1})=-2.971073e+01
[FW-A] iter=278  -trace(H^{-1})=-2.968079e+01
[FW-A] iter=279  -trace(H^{-1})=-2.965175e+01
[FW-A] iter=280  -trace(H^{-1})=-2.962212e+01
[FW-A] iter=281  -trace(H^{-1})=-2.959345e+01
[FW-A] iter=282  -trace(H^{-1})=-2.956569e+01
[FW-A] iter=283  -trace(H^{-1})=-2.953703e+01
[FW-A] iter=284  -trace(H^{-1})=-2.950964e+01
[FW-A] iter=285  -trace(H^{-1})=-2.948320e+01
[FW-A] iter=286  -trace(H^{-1})=-2.945558e+01
[FW-A] iter=287  -trace(H^{-1})=-2.942907e+01
[FW-A] iter=288  -trace(H^{-1})=-2.940361e+01
[FW-A] iter=289  -trace(H^{-1})=-2.937686e+01
[FW-A] iter=290  -trace(H^{-1})=-2.935129e+01
[FW-A] iter=291  -trace(H^{-1})=-2.932709e+01
[FW-A] iter=292  -trace(H^{-1})=-2.930106e+01
[FW-A] iter=293  -trace(H^{-1})=-2.927619e+01
[FW-A] iter=294  -trace(H^{-1})=-2.925217e+01
[FW-A] iter=295  -trace(H^{-1})=-2.922749e+01
[FW-A] iter=296  -trace(H^{-1})=-2.920360e+01
[FW-A] iter=297  -trace(H^{-1})=-2.918058e+01
[FW-A] iter=298  -trace(H^{-1})=-2.915665e+01
[FW-A] iter=299  -trace(H^{-1})=-2.913378e+01
  [fw-a] min_eig=5.6262e-02  heldout=3.5169  (4.7s)
[FW-D] Building 720 candidate information matrices...
Building FIM:   0%|          | 0/720 [00:00<?, ?candidate/s]Building FIM:  62%|██████▏   | 448/720 [00:00<00:00, 3214.02candidate/s]Building FIM: 100%|██████████| 720/720 [00:00<00:00, 3523.07candidate/s]
[FW-D] Done. Starting Frank-Wolfe D-optimal (select_k=5)...
[FW-D] Pre-extracting dense blocks (intr_dim=9, num_poses=720)...
[FW-D] Block extraction done. Starting iterations...
[FW-D] iter=  0  logdet=5.762570e+01
[FW-D] iter=  1  logdet=5.851032e+01
[FW-D] iter=  2  logdet=5.661163e+01
[FW-D] iter=  3  logdet=5.778721e+01
[FW-D] iter=  4  logdet=5.681463e+01
[FW-D] iter=  5  logdet=5.583971e+01
[FW-D] iter=  6  logdet=5.485013e+01
[FW-D] iter=  7  logdet=5.444036e+01
[FW-D] iter=  8  logdet=5.403100e+01
[FW-D] iter=  9  logdet=5.431437e+01
[FW-D] iter= 10  logdet=5.411102e+01
[FW-D] iter= 11  logdet=5.408310e+01
[FW-D] iter= 12  logdet=5.399539e+01
[FW-D] iter= 13  logdet=5.389295e+01
[FW-D] iter= 14  logdet=5.402674e+01
[FW-D] iter= 15  logdet=5.384261e+01
[FW-D] iter= 16  logdet=5.380452e+01
[FW-D] iter= 17  logdet=5.451047e+01
[FW-D] iter= 18  logdet=5.526717e+01
[FW-D] iter= 19  logdet=5.571605e+01
[FW-D] iter= 20  logdet=5.573643e+01
[FW-D] iter= 21  logdet=5.582070e+01
[FW-D] iter= 22  logdet=5.583199e+01
[FW-D] iter= 23  logdet=5.592211e+01
[FW-D] iter= 24  logdet=5.587485e+01
[FW-D] iter= 25  logdet=5.594199e+01
[FW-D] iter= 26  logdet=5.591991e+01
[FW-D] iter= 27  logdet=5.594348e+01
[FW-D] iter= 28  logdet=5.587946e+01
[FW-D] iter= 29  logdet=5.620518e+01
[FW-D] iter= 30  logdet=5.639825e+01
[FW-D] iter= 31  logdet=5.659100e+01
[FW-D] iter= 32  logdet=5.673975e+01
[FW-D] iter= 33  logdet=5.672579e+01
[FW-D] iter= 34  logdet=5.668744e+01
[FW-D] iter= 35  logdet=5.663908e+01
[FW-D] iter= 36  logdet=5.660508e+01
[FW-D] iter= 37  logdet=5.655881e+01
[FW-D] iter= 38  logdet=5.649463e+01
[FW-D] iter= 39  logdet=5.649741e+01
[FW-D] iter= 40  logdet=5.705578e+01
[FW-D] iter= 41  logdet=5.708495e+01
[FW-D] iter= 42  logdet=5.702329e+01
[FW-D] iter= 43  logdet=5.699856e+01
[FW-D] iter= 44  logdet=5.725705e+01
[FW-D] iter= 45  logdet=5.741076e+01
[FW-D] iter= 46  logdet=5.739723e+01
[FW-D] iter= 47  logdet=5.752237e+01
[FW-D] iter= 48  logdet=5.761112e+01
[FW-D] iter= 49  logdet=5.769977e+01
[FW-D] iter= 50  logdet=5.769987e+01
[FW-D] iter= 51  logdet=5.773702e+01
[FW-D] iter= 52  logdet=5.783862e+01
[FW-D] iter= 53  logdet=5.782500e+01
[FW-D] iter= 54  logdet=5.791402e+01
[FW-D] iter= 55  logdet=5.791625e+01
[FW-D] iter= 56  logdet=5.789276e+01
[FW-D] iter= 57  logdet=5.791597e+01
[FW-D] iter= 58  logdet=5.797706e+01
[FW-D] iter= 59  logdet=5.801441e+01
[FW-D] iter= 60  logdet=5.797395e+01
[FW-D] iter= 61  logdet=5.794560e+01
[FW-D] iter= 62  logdet=5.792016e+01
[FW-D] iter= 63  logdet=5.789641e+01
[FW-D] iter= 64  logdet=5.785391e+01
[FW-D] iter= 65  logdet=5.787107e+01
[FW-D] iter= 66  logdet=5.790230e+01
[FW-D] iter= 67  logdet=5.787170e+01
[FW-D] iter= 68  logdet=5.785369e+01
[FW-D] iter= 69  logdet=5.784151e+01
[FW-D] iter= 70  logdet=5.784712e+01
[FW-D] iter= 71  logdet=5.783473e+01
[FW-D] iter= 72  logdet=5.786882e+01
[FW-D] iter= 73  logdet=5.792708e+01
[FW-D] iter= 74  logdet=5.801566e+01
[FW-D] iter= 75  logdet=5.799700e+01
[FW-D] iter= 76  logdet=5.799839e+01
[FW-D] iter= 77  logdet=5.798718e+01
[FW-D] iter= 78  logdet=5.798653e+01
[FW-D] iter= 79  logdet=5.803186e+01
[FW-D] iter= 80  logdet=5.804259e+01
[FW-D] iter= 81  logdet=5.802202e+01
[FW-D] iter= 82  logdet=5.806136e+01
[FW-D] iter= 83  logdet=5.807043e+01
[FW-D] iter= 84  logdet=5.806731e+01
[FW-D] iter= 85  logdet=5.806805e+01
[FW-D] iter= 86  logdet=5.808843e+01
[FW-D] iter= 87  logdet=5.807804e+01
[FW-D] iter= 88  logdet=5.806447e+01
[FW-D] iter= 89  logdet=5.805093e+01
[FW-D] iter= 90  logdet=5.803266e+01
[FW-D] iter= 91  logdet=5.800306e+01
[FW-D] iter= 92  logdet=5.800288e+01
[FW-D] iter= 93  logdet=5.810963e+01
[FW-D] iter= 94  logdet=5.808285e+01
[FW-D] iter= 95  logdet=5.805362e+01
[FW-D] iter= 96  logdet=5.801970e+01
[FW-D] iter= 97  logdet=5.799842e+01
[FW-D] iter= 98  logdet=5.795380e+01
[FW-D] iter= 99  logdet=5.794761e+01
[FW-D] iter=100  logdet=5.794350e+01
[FW-D] iter=101  logdet=5.791996e+01
[FW-D] iter=102  logdet=5.797361e+01
[FW-D] iter=103  logdet=5.802799e+01
[FW-D] iter=104  logdet=5.798430e+01
[FW-D] iter=105  logdet=5.798758e+01
[FW-D] iter=106  logdet=5.796185e+01
[FW-D] iter=107  logdet=5.791395e+01
[FW-D] iter=108  logdet=5.790302e+01
[FW-D] iter=109  logdet=5.788805e+01
[FW-D] iter=110  logdet=5.792502e+01
[FW-D] iter=111  logdet=5.792324e+01
[FW-D] iter=112  logdet=5.788939e+01
[FW-D] iter=113  logdet=5.789898e+01
[FW-D] iter=114  logdet=5.787617e+01
[FW-D] iter=115  logdet=5.785676e+01
[FW-D] iter=116  logdet=5.783213e+01
[FW-D] iter=117  logdet=5.781224e+01
[FW-D] iter=118  logdet=5.777106e+01
[FW-D] iter=119  logdet=5.776902e+01
[FW-D] iter=120  logdet=5.775192e+01
[FW-D] iter=121  logdet=5.772760e+01
[FW-D] iter=122  logdet=5.770371e+01
[FW-D] iter=123  logdet=5.769968e+01
[FW-D] iter=124  logdet=5.767302e+01
[FW-D] iter=125  logdet=5.762641e+01
[FW-D] iter=126  logdet=5.765176e+01
[FW-D] iter=127  logdet=5.762000e+01
[FW-D] iter=128  logdet=5.765101e+01
[FW-D] iter=129  logdet=5.766870e+01
[FW-D] iter=130  logdet=5.768245e+01
[FW-D] iter=131  logdet=5.768598e+01
[FW-D] iter=132  logdet=5.766846e+01
[FW-D] iter=133  logdet=5.763206e+01
[FW-D] iter=134  logdet=5.760072e+01
[FW-D] iter=135  logdet=5.759374e+01
[FW-D] iter=136  logdet=5.756169e+01
[FW-D] iter=137  logdet=5.751176e+01
[FW-D] iter=138  logdet=5.745733e+01
[FW-D] iter=139  logdet=5.739598e+01
[FW-D] iter=140  logdet=5.736637e+01
[FW-D] iter=141  logdet=5.734351e+01
[FW-D] iter=142  logdet=5.731667e+01
[FW-D] iter=143  logdet=5.726807e+01
[FW-D] iter=144  logdet=5.720741e+01
[FW-D] iter=145  logdet=5.734269e+01
[FW-D] iter=146  logdet=5.745844e+01
[FW-D] iter=147  logdet=5.755900e+01
[FW-D] iter=148  logdet=5.764738e+01
[FW-D] iter=149  logdet=5.773112e+01
[FW-D] iter=150  logdet=5.781031e+01
[FW-D] iter=151  logdet=5.788534e+01
[FW-D] iter=152  logdet=5.795657e+01
[FW-D] iter=153  logdet=5.802429e+01
[FW-D] iter=154  logdet=5.808901e+01
[FW-D] iter=155  logdet=5.815088e+01
[FW-D] iter=156  logdet=5.821039e+01
[FW-D] iter=157  logdet=5.826746e+01
[FW-D] iter=158  logdet=5.832225e+01
[FW-D] iter=159  logdet=5.837488e+01
[FW-D] iter=160  logdet=5.842542e+01
[FW-D] iter=161  logdet=5.847416e+01
[FW-D] iter=162  logdet=5.852107e+01
[FW-D] iter=163  logdet=5.856624e+01
[FW-D] iter=164  logdet=5.860976e+01
[FW-D] iter=165  logdet=5.865166e+01
[FW-D] iter=166  logdet=5.869218e+01
[FW-D] iter=167  logdet=5.873160e+01
[FW-D] iter=168  logdet=5.876995e+01
[FW-D] iter=169  logdet=5.880727e+01
[FW-D] iter=170  logdet=5.884358e+01
[FW-D] iter=171  logdet=5.887894e+01
[FW-D] iter=172  logdet=5.891338e+01
[FW-D] iter=173  logdet=5.894692e+01
[FW-D] iter=174  logdet=5.897962e+01
[FW-D] iter=175  logdet=5.901149e+01
[FW-D] iter=176  logdet=5.904257e+01
[FW-D] iter=177  logdet=5.907294e+01
[FW-D] iter=178  logdet=5.910262e+01
[FW-D] iter=179  logdet=5.913164e+01
[FW-D] iter=180  logdet=5.916002e+01
[FW-D] iter=181  logdet=5.918777e+01
[FW-D] iter=182  logdet=5.921497e+01
[FW-D] iter=183  logdet=5.924159e+01
[FW-D] iter=184  logdet=5.926762e+01
[FW-D] iter=185  logdet=5.929316e+01
[FW-D] iter=186  logdet=5.931810e+01
[FW-D] iter=187  logdet=5.934271e+01
[FW-D] iter=188  logdet=5.936681e+01
[FW-D] iter=189  logdet=5.939040e+01
[FW-D] iter=190  logdet=5.941355e+01
[FW-D] iter=191  logdet=5.943620e+01
[FW-D] iter=192  logdet=5.945855e+01
[FW-D] iter=193  logdet=5.948045e+01
[FW-D] iter=194  logdet=5.950191e+01
[FW-D] iter=195  logdet=5.952300e+01
[FW-D] iter=196  logdet=5.954361e+01
[FW-D] iter=197  logdet=5.956401e+01
[FW-D] iter=198  logdet=5.958400e+01
[FW-D] iter=199  logdet=5.960360e+01
[FW-D] iter=200  logdet=5.962268e+01
[FW-D] iter=201  logdet=5.964169e+01
[FW-D] iter=202  logdet=5.966033e+01
[FW-D] iter=203  logdet=5.967863e+01
[FW-D] iter=204  logdet=5.969658e+01
[FW-D] iter=205  logdet=5.971408e+01
[FW-D] iter=206  logdet=5.973150e+01
[FW-D] iter=207  logdet=5.974861e+01
[FW-D] iter=208  logdet=5.976540e+01
[FW-D] iter=209  logdet=5.978188e+01
[FW-D] iter=210  logdet=5.979811e+01
[FW-D] iter=211  logdet=5.981405e+01
[FW-D] iter=212  logdet=5.982973e+01
[FW-D] iter=213  logdet=5.984515e+01
[FW-D] iter=214  logdet=5.986037e+01
[FW-D] iter=215  logdet=5.987533e+01
[FW-D] iter=216  logdet=5.989004e+01
[FW-D] iter=217  logdet=5.990450e+01
[FW-D] iter=218  logdet=5.991878e+01
[FW-D] iter=219  logdet=5.993280e+01
[FW-D] iter=220  logdet=5.994663e+01
[FW-D] iter=221  logdet=5.996022e+01
[FW-D] iter=222  logdet=5.997362e+01
[FW-D] iter=223  logdet=5.998672e+01
[FW-D] iter=224  logdet=5.999973e+01
[FW-D] iter=225  logdet=6.001247e+01
[FW-D] iter=226  logdet=6.002512e+01
[FW-D] iter=227  logdet=6.003756e+01
[FW-D] iter=228  logdet=6.004980e+01
[FW-D] iter=229  logdet=6.006179e+01
[FW-D] iter=230  logdet=6.007371e+01
[FW-D] iter=231  logdet=6.008543e+01
[FW-D] iter=232  logdet=6.009697e+01
[FW-D] iter=233  logdet=6.010827e+01
[FW-D] iter=234  logdet=6.011950e+01
[FW-D] iter=235  logdet=6.013055e+01
[FW-D] iter=236  logdet=6.014146e+01
[FW-D] iter=237  logdet=6.015220e+01
[FW-D] iter=238  logdet=6.016271e+01
[FW-D] iter=239  logdet=6.017319e+01
[FW-D] iter=240  logdet=6.018350e+01
[FW-D] iter=241  logdet=6.019359e+01
[FW-D] iter=242  logdet=6.020362e+01
[FW-D] iter=243  logdet=6.021350e+01
[FW-D] iter=244  logdet=6.022320e+01
[FW-D] iter=245  logdet=6.023285e+01
[FW-D] iter=246  logdet=6.024234e+01
[FW-D] iter=247  logdet=6.025169e+01
[FW-D] iter=248  logdet=6.026088e+01
[FW-D] iter=249  logdet=6.027001e+01
[FW-D] iter=250  logdet=6.027900e+01
[FW-D] iter=251  logdet=6.028787e+01
[FW-D] iter=252  logdet=6.029662e+01
[FW-D] iter=253  logdet=6.030522e+01
[FW-D] iter=254  logdet=6.031377e+01
[FW-D] iter=255  logdet=6.032220e+01
[FW-D] iter=256  logdet=6.033051e+01
[FW-D] iter=257  logdet=6.033863e+01
[FW-D] iter=258  logdet=6.034677e+01
[FW-D] iter=259  logdet=6.035479e+01
[FW-D] iter=260  logdet=6.036269e+01
[FW-D] iter=261  logdet=6.037047e+01
[FW-D] iter=262  logdet=6.037817e+01
[FW-D] iter=263  logdet=6.038575e+01
[FW-D] iter=264  logdet=6.039328e+01
[FW-D] iter=265  logdet=6.040071e+01
[FW-D] iter=266  logdet=6.040803e+01
[FW-D] iter=267  logdet=6.041527e+01
[FW-D] iter=268  logdet=6.042237e+01
[FW-D] iter=269  logdet=6.042944e+01
[FW-D] iter=270  logdet=6.043639e+01
[FW-D] iter=271  logdet=6.044331e+01
[FW-D] iter=272  logdet=6.045014e+01
[FW-D] iter=273  logdet=6.045687e+01
[FW-D] iter=274  logdet=6.046350e+01
[FW-D] iter=275  logdet=6.047010e+01
[FW-D] iter=276  logdet=6.047661e+01
[FW-D] iter=277  logdet=6.048303e+01
[FW-D] iter=278  logdet=6.048933e+01
[FW-D] iter=279  logdet=6.049563e+01
[FW-D] iter=280  logdet=6.050184e+01
[FW-D] iter=281  logdet=6.050794e+01
[FW-D] iter=282  logdet=6.051401e+01
[FW-D] iter=283  logdet=6.052001e+01
[FW-D] iter=284  logdet=6.052591e+01
[FW-D] iter=285  logdet=6.053178e+01
[FW-D] iter=286  logdet=6.053758e+01
[FW-D] iter=287  logdet=6.054331e+01
[FW-D] iter=288  logdet=6.054898e+01
[FW-D] iter=289  logdet=6.055458e+01
[FW-D] iter=290  logdet=6.056004e+01
[FW-D] iter=291  logdet=6.056555e+01
[FW-D] iter=292  logdet=6.057099e+01
[FW-D] iter=293  logdet=6.057636e+01
[FW-D] iter=294  logdet=6.058165e+01
[FW-D] iter=295  logdet=6.058683e+01
[FW-D] iter=296  logdet=6.059205e+01
[FW-D] iter=297  logdet=6.059719e+01
[FW-D] iter=298  logdet=6.060228e+01
[FW-D] iter=299  logdet=6.060729e+01
  [fw-d] min_eig=3.7236e-02  heldout=1.8729  (3.9s)

============================================================
K = 10  (held-out = 710 frames)
  [random] 25 trials...
  [coverage] min_eig=1.8099e-02  heldout=7.1201  (0.0s)
  [a-optimal] min_eig=1.1104e-01  heldout=1.7333  (1.9s)
  [d-optimal] min_eig=9.5315e-02  heldout=2.6609  (1.8s)
  [greedy-e] min_eig=1.1126e-01  heldout=1.5876  (1.9s)
[FW] Building 720 candidate information matrices...
Building FIM:   0%|          | 0/720 [00:00<?, ?candidate/s]Building FIM:  62%|██████▏   | 448/720 [00:00<00:00, 4185.85candidate/s]Building FIM: 100%|██████████| 720/720 [00:00<00:00, 4758.55candidate/s]
[FW] Done. Starting Frank-Wolfe optimization (select_k=10)...
[FW] Pre-extracting dense blocks (intr_dim=9, num_poses=720)...
[FW] Block extraction done. Starting iterations...
[FW] iter=  0  min_eig=5.270779e-02
[FW] iter=  1  min_eig=2.351471e-03
[FW] iter=  2  min_eig=3.788374e-02
[FW] iter=  3  min_eig=3.529815e-02
[FW] iter=  4  min_eig=3.157108e-02
[FW] iter=  5  min_eig=3.170316e-02
[FW] iter=  6  min_eig=3.167812e-02
[FW] iter=  7  min_eig=2.925277e-02
[FW] iter=  8  min_eig=2.575726e-02
[FW] iter=  9  min_eig=2.285280e-02
[FW] iter= 10  min_eig=2.061302e-02
[FW] iter= 11  min_eig=2.574166e-02
[FW] iter= 12  min_eig=2.264644e-02
[FW] iter= 13  min_eig=2.188343e-02
[FW] iter= 14  min_eig=2.092809e-02
[FW] iter= 15  min_eig=2.002194e-02
[FW] iter= 16  min_eig=2.344381e-02
[FW] iter= 17  min_eig=2.629863e-02
[FW] iter= 18  min_eig=2.562538e-02
[FW] iter= 19  min_eig=2.483246e-02
[FW] iter= 20  min_eig=2.428790e-02
[FW] iter= 21  min_eig=2.565548e-02
[FW] iter= 22  min_eig=3.289553e-02
[FW] iter= 23  min_eig=4.017844e-02
[FW] iter= 24  min_eig=4.359609e-02
[FW] iter= 25  min_eig=4.784819e-02
[FW] iter= 26  min_eig=5.158093e-02
[FW] iter= 27  min_eig=5.124492e-02
[FW] iter= 28  min_eig=5.221403e-02
[FW] iter= 29  min_eig=5.347561e-02
[FW] iter= 30  min_eig=5.402586e-02
[FW] iter= 31  min_eig=5.376174e-02
[FW] iter= 32  min_eig=5.177945e-02
[FW] iter= 33  min_eig=5.015335e-02
[FW] iter= 34  min_eig=5.015994e-02
[FW] iter= 35  min_eig=5.120083e-02
[FW] iter= 36  min_eig=5.073996e-02
[FW] iter= 37  min_eig=5.166558e-02
[FW] iter= 38  min_eig=5.354073e-02
[FW] iter= 39  min_eig=5.267384e-02
[FW] iter= 40  min_eig=5.472108e-02
[FW] iter= 41  min_eig=5.534909e-02
[FW] iter= 42  min_eig=5.562456e-02
[FW] iter= 43  min_eig=5.565509e-02
[FW] iter= 44  min_eig=5.594283e-02
[FW] iter= 45  min_eig=5.545503e-02
[FW] iter= 46  min_eig=5.482257e-02
[FW] iter= 47  min_eig=5.462945e-02
[FW] iter= 48  min_eig=5.347219e-02
[FW] iter= 49  min_eig=5.242692e-02
[FW] iter= 50  min_eig=5.242237e-02
[FW] iter= 51  min_eig=5.251254e-02
[FW] iter= 52  min_eig=5.420212e-02
[FW] iter= 53  min_eig=5.420505e-02
[FW] iter= 54  min_eig=5.462009e-02
[FW] iter= 55  min_eig=5.559605e-02
[FW] iter= 56  min_eig=5.620148e-02
[FW] iter= 57  min_eig=5.675742e-02
[FW] iter= 58  min_eig=5.655665e-02
[FW] iter= 59  min_eig=5.607036e-02
[FW] iter= 60  min_eig=5.553176e-02
[FW] iter= 61  min_eig=5.413596e-02
[FW] iter= 62  min_eig=5.259465e-02
[FW] iter= 63  min_eig=5.219711e-02
[FW] iter= 64  min_eig=5.281698e-02
[FW] iter= 65  min_eig=5.339311e-02
[FW] iter= 66  min_eig=5.363760e-02
[FW] iter= 67  min_eig=5.364109e-02
[FW] iter= 68  min_eig=5.254580e-02
[FW] iter= 69  min_eig=5.122444e-02
[FW] iter= 70  min_eig=5.046383e-02
[FW] iter= 71  min_eig=5.039859e-02
[FW] iter= 72  min_eig=4.992199e-02
[FW] iter= 73  min_eig=5.343657e-02
[FW] iter= 74  min_eig=5.546890e-02
[FW] iter= 75  min_eig=5.715758e-02
[FW] iter= 76  min_eig=5.874830e-02
[FW] iter= 77  min_eig=6.028853e-02
[FW] iter= 78  min_eig=6.174310e-02
[FW] iter= 79  min_eig=6.313054e-02
[FW] iter= 80  min_eig=6.447046e-02
[FW] iter= 81  min_eig=6.575441e-02
[FW] iter= 82  min_eig=6.699451e-02
[FW] iter= 83  min_eig=6.818513e-02
[FW] iter= 84  min_eig=6.933533e-02
[FW] iter= 85  min_eig=7.044151e-02
[FW] iter= 86  min_eig=7.151043e-02
[FW] iter= 87  min_eig=7.251296e-02
[FW] iter= 88  min_eig=7.352299e-02
[FW] iter= 89  min_eig=7.448005e-02
[FW] iter= 90  min_eig=7.540564e-02
[FW] iter= 91  min_eig=7.628509e-02
[FW] iter= 92  min_eig=7.716181e-02
[FW] iter= 93  min_eig=7.799812e-02
[FW] iter= 94  min_eig=7.881510e-02
[FW] iter= 95  min_eig=7.959863e-02
[FW] iter= 96  min_eig=8.036413e-02
[FW] iter= 97  min_eig=8.109927e-02
[FW] iter= 98  min_eig=8.181243e-02
[FW] iter= 99  min_eig=8.250984e-02
[FW] iter=100  min_eig=8.317737e-02
[FW] iter=101  min_eig=8.383545e-02
[FW] iter=102  min_eig=8.446379e-02
[FW] iter=103  min_eig=8.508330e-02
[FW] iter=104  min_eig=8.567550e-02
[FW] iter=105  min_eig=8.625939e-02
[FW] iter=106  min_eig=8.681823e-02
[FW] iter=107  min_eig=8.736451e-02
[FW] iter=108  min_eig=8.789992e-02
[FW] iter=109  min_eig=8.841117e-02
[FW] iter=110  min_eig=8.892052e-02
[FW] iter=111  min_eig=8.940423e-02
[FW] iter=112  min_eig=8.988615e-02
[FW] iter=113  min_eig=9.034428e-02
[FW] iter=114  min_eig=9.080072e-02
[FW] iter=115  min_eig=9.123505e-02
[FW] iter=116  min_eig=9.166779e-02
[FW] iter=117  min_eig=9.207994e-02
[FW] iter=118  min_eig=9.248777e-02
[FW] iter=119  min_eig=9.288600e-02
[FW] iter=120  min_eig=9.326605e-02
[FW] iter=121  min_eig=9.364883e-02
[FW] iter=122  min_eig=9.401028e-02
[FW] iter=123  min_eig=9.437427e-02
[FW] iter=124  min_eig=9.472431e-02
[FW] iter=125  min_eig=9.506482e-02
[FW] iter=126  min_eig=9.539887e-02
[FW] iter=127  min_eig=9.572262e-02
[FW] iter=128  min_eig=9.604170e-02
[FW] iter=129  min_eig=9.634545e-02
[FW] iter=130  min_eig=9.665473e-02
[FW] iter=131  min_eig=9.695029e-02
[FW] iter=132  min_eig=9.723978e-02
[FW] iter=133  min_eig=9.752266e-02
[FW] iter=134  min_eig=9.779854e-02
[FW] iter=135  min_eig=9.806945e-02
[FW] iter=136  min_eig=9.832837e-02
[FW] iter=137  min_eig=9.859220e-02
[FW] iter=138  min_eig=9.883986e-02
[FW] iter=139  min_eig=9.909230e-02
[FW] iter=140  min_eig=9.932930e-02
[FW] iter=141  min_eig=9.957105e-02
[FW] iter=142  min_eig=9.979643e-02
[FW] iter=143  min_eig=1.000262e-01
[FW] iter=144  min_eig=1.002483e-01
[FW] iter=145  min_eig=1.004644e-01
[FW] iter=146  min_eig=1.006792e-01
[FW] iter=147  min_eig=1.008865e-01
[FW] iter=148  min_eig=1.010926e-01
[FW] iter=149  min_eig=1.012916e-01
[FW] iter=150  min_eig=1.014878e-01
[FW] iter=151  min_eig=1.016815e-01
[FW] iter=152  min_eig=1.018680e-01
[FW] iter=153  min_eig=1.020555e-01
[FW] iter=154  min_eig=1.022347e-01
[FW] iter=155  min_eig=1.024149e-01
[FW] iter=156  min_eig=1.025873e-01
[FW] iter=157  min_eig=1.027605e-01
[FW] iter=158  min_eig=1.029264e-01
[FW] iter=159  min_eig=1.030915e-01
[FW] iter=160  min_eig=1.032544e-01
[FW] iter=161  min_eig=1.034103e-01
[FW] iter=162  min_eig=1.035690e-01
[FW] iter=163  min_eig=1.037191e-01
[FW] iter=164  min_eig=1.038720e-01
[FW] iter=165  min_eig=1.040167e-01
[FW] iter=166  min_eig=1.041640e-01
[FW] iter=167  min_eig=1.043035e-01
[FW] iter=168  min_eig=1.044456e-01
[FW] iter=169  min_eig=1.045834e-01
[FW] iter=170  min_eig=1.047151e-01
[FW] iter=171  min_eig=1.048505e-01
[FW] iter=172  min_eig=1.049775e-01
[FW] iter=173  min_eig=1.051083e-01
[FW] iter=174  min_eig=1.052339e-01
[FW] iter=175  min_eig=1.053571e-01
[FW] iter=176  min_eig=1.054788e-01
[FW] iter=177  min_eig=1.055975e-01
[FW] iter=178  min_eig=1.057154e-01
[FW] iter=179  min_eig=1.058273e-01
[FW] iter=180  min_eig=1.059441e-01
[FW] iter=181  min_eig=1.060553e-01
[FW] iter=182  min_eig=1.061651e-01
[FW] iter=183  min_eig=1.062730e-01
[FW] iter=184  min_eig=1.063790e-01
[FW] iter=185  min_eig=1.064795e-01
[FW] iter=186  min_eig=1.065845e-01
[FW] iter=187  min_eig=1.066865e-01
[FW] iter=188  min_eig=1.067835e-01
[FW] iter=189  min_eig=1.068839e-01
[FW] iter=190  min_eig=1.069777e-01
[FW] iter=191  min_eig=1.070750e-01
[FW] iter=192  min_eig=1.071647e-01
[FW] iter=193  min_eig=1.072580e-01
[FW] iter=194  min_eig=1.073498e-01
[FW] iter=195  min_eig=1.074373e-01
[FW] iter=196  min_eig=1.075267e-01
[FW] iter=197  min_eig=1.076115e-01
[FW] iter=198  min_eig=1.076983e-01
[FW] iter=199  min_eig=1.077805e-01
[FW] iter=200  min_eig=1.078646e-01
[FW] iter=201  min_eig=1.079443e-01
[FW] iter=202  min_eig=1.080259e-01
[FW] iter=203  min_eig=1.081025e-01
[FW] iter=204  min_eig=1.081809e-01
[FW] iter=205  min_eig=1.082573e-01
[FW] iter=206  min_eig=1.083334e-01
[FW] iter=207  min_eig=1.084076e-01
[FW] iter=208  min_eig=1.084815e-01
[FW] iter=209  min_eig=1.085535e-01
[FW] iter=210  min_eig=1.086253e-01
[FW] iter=211  min_eig=1.086952e-01
[FW] iter=212  min_eig=1.087650e-01
[FW] iter=213  min_eig=1.088329e-01
[FW] iter=214  min_eig=1.089007e-01
[FW] iter=215  min_eig=1.089667e-01
[FW] iter=216  min_eig=1.090326e-01
[FW] iter=217  min_eig=1.090968e-01
[FW] iter=218  min_eig=1.091608e-01
[FW] iter=219  min_eig=1.092233e-01
[FW] iter=220  min_eig=1.092856e-01
[FW] iter=221  min_eig=1.093455e-01
[FW] iter=222  min_eig=1.094054e-01
[FW] iter=223  min_eig=1.094656e-01
[FW] iter=224  min_eig=1.095239e-01
[FW] iter=225  min_eig=1.095825e-01
[FW] iter=226  min_eig=1.096392e-01
[FW] iter=227  min_eig=1.096962e-01
[FW] iter=228  min_eig=1.097514e-01
[FW] iter=229  min_eig=1.098069e-01
[FW] iter=230  min_eig=1.098607e-01
[FW] iter=231  min_eig=1.099147e-01
[FW] iter=232  min_eig=1.099671e-01
[FW] iter=233  min_eig=1.100197e-01
[FW] iter=234  min_eig=1.100707e-01
[FW] iter=235  min_eig=1.101220e-01
[FW] iter=236  min_eig=1.101717e-01
[FW] iter=237  min_eig=1.102216e-01
[FW] iter=238  min_eig=1.102700e-01
[FW] iter=239  min_eig=1.103179e-01
[FW] iter=240  min_eig=1.103662e-01
[FW] iter=241  min_eig=1.104125e-01
[FW] iter=242  min_eig=1.104598e-01
[FW] iter=243  min_eig=1.105050e-01
[FW] iter=244  min_eig=1.105512e-01
[FW] iter=245  min_eig=1.105952e-01
[FW] iter=246  min_eig=1.106403e-01
[FW] iter=247  min_eig=1.106832e-01
[FW] iter=248  min_eig=1.107272e-01
[FW] iter=249  min_eig=1.107691e-01
[FW] iter=250  min_eig=1.108114e-01
[FW] iter=251  min_eig=1.108535e-01
[FW] iter=252  min_eig=1.108936e-01
[FW] iter=253  min_eig=1.109354e-01
[FW] iter=254  min_eig=1.109745e-01
[FW] iter=255  min_eig=1.110153e-01
[FW] iter=256  min_eig=1.110535e-01
[FW] iter=257  min_eig=1.110934e-01
[FW] iter=258  min_eig=1.111307e-01
[FW] iter=259  min_eig=1.111696e-01
[FW] iter=260  min_eig=1.112075e-01
[FW] iter=261  min_eig=1.112432e-01
[FW] iter=262  min_eig=1.112812e-01
[FW] iter=263  min_eig=1.113161e-01
[FW] iter=264  min_eig=1.113532e-01
[FW] iter=265  min_eig=1.113873e-01
[FW] iter=266  min_eig=1.114235e-01
[FW] iter=267  min_eig=1.114583e-01
[FW] iter=268  min_eig=1.114923e-01
[FW] iter=269  min_eig=1.115264e-01
[FW] iter=270  min_eig=1.115585e-01
[FW] iter=271  min_eig=1.115930e-01
[FW] iter=272  min_eig=1.116256e-01
[FW] iter=273  min_eig=1.116581e-01
[FW] iter=274  min_eig=1.116901e-01
[FW] iter=275  min_eig=1.117217e-01
[FW] iter=276  min_eig=1.117532e-01
[FW] iter=277  min_eig=1.117829e-01
[FW] iter=278  min_eig=1.118149e-01
[FW] iter=279  min_eig=1.118439e-01
[FW] iter=280  min_eig=1.118752e-01
[FW] iter=281  min_eig=1.119036e-01
[FW] iter=282  min_eig=1.119342e-01
[FW] iter=283  min_eig=1.119617e-01
[FW] iter=284  min_eig=1.119912e-01
[FW] iter=285  min_eig=1.120201e-01
[FW] iter=286  min_eig=1.120474e-01
[FW] iter=287  min_eig=1.120762e-01
[FW] iter=288  min_eig=1.121029e-01
[FW] iter=289  min_eig=1.121310e-01
[FW] iter=290  min_eig=1.121572e-01
[FW] iter=291  min_eig=1.121847e-01
[FW] iter=292  min_eig=1.122099e-01
[FW] iter=293  min_eig=1.122364e-01
[FW] iter=294  min_eig=1.122621e-01
[FW] iter=295  min_eig=1.122882e-01
[FW] iter=296  min_eig=1.123134e-01
[FW] iter=297  min_eig=1.123389e-01
[FW] iter=298  min_eig=1.123635e-01
[FW] iter=299  min_eig=1.123885e-01
  [fw-e] min_eig=1.1060e-01  heldout=1.9339  (2.6s)
[FW-A] Building 720 candidate information matrices...
Building FIM:   0%|          | 0/720 [00:00<?, ?candidate/s]Building FIM:  98%|█████████▊| 704/720 [00:00<00:00, 4579.19candidate/s]Building FIM: 100%|██████████| 720/720 [00:00<00:00, 4670.49candidate/s]
[FW-A] Done. Starting Frank-Wolfe A-optimal (select_k=10)...
[FW-A] Pre-extracting dense blocks (intr_dim=9, num_poses=720)...
[FW-A] Block extraction done. Starting iterations...
[FW-A] iter=  0  -trace(H^{-1})=-2.567767e+01
[FW-A] iter=  1  -trace(H^{-1})=-4.297594e+02
[FW-A] iter=  2  -trace(H^{-1})=-3.351780e+01
[FW-A] iter=  3  -trace(H^{-1})=-3.783404e+01
[FW-A] iter=  4  -trace(H^{-1})=-4.323393e+01
[FW-A] iter=  5  -trace(H^{-1})=-4.096325e+01
[FW-A] iter=  6  -trace(H^{-1})=-4.234166e+01
[FW-A] iter=  7  -trace(H^{-1})=-4.413110e+01
[FW-A] iter=  8  -trace(H^{-1})=-4.885792e+01
[FW-A] iter=  9  -trace(H^{-1})=-5.180381e+01
[FW-A] iter= 10  -trace(H^{-1})=-5.652273e+01
[FW-A] iter= 11  -trace(H^{-1})=-4.792272e+01
[FW-A] iter= 12  -trace(H^{-1})=-5.140643e+01
[FW-A] iter= 13  -trace(H^{-1})=-5.290704e+01
[FW-A] iter= 14  -trace(H^{-1})=-5.531556e+01
[FW-A] iter= 15  -trace(H^{-1})=-5.735248e+01
[FW-A] iter= 16  -trace(H^{-1})=-5.037239e+01
[FW-A] iter= 17  -trace(H^{-1})=-4.559641e+01
[FW-A] iter= 18  -trace(H^{-1})=-4.650294e+01
[FW-A] iter= 19  -trace(H^{-1})=-4.774204e+01
[FW-A] iter= 20  -trace(H^{-1})=-4.862331e+01
[FW-A] iter= 21  -trace(H^{-1})=-4.637920e+01
[FW-A] iter= 22  -trace(H^{-1})=-3.771163e+01
[FW-A] iter= 23  -trace(H^{-1})=-3.238870e+01
[FW-A] iter= 24  -trace(H^{-1})=-3.131616e+01
[FW-A] iter= 25  -trace(H^{-1})=-2.795444e+01
[FW-A] iter= 26  -trace(H^{-1})=-2.653954e+01
[FW-A] iter= 27  -trace(H^{-1})=-2.696397e+01
[FW-A] iter= 28  -trace(H^{-1})=-2.587797e+01
[FW-A] iter= 29  -trace(H^{-1})=-2.517396e+01
[FW-A] iter= 30  -trace(H^{-1})=-2.578093e+01
[FW-A] iter= 31  -trace(H^{-1})=-2.528481e+01
[FW-A] iter= 32  -trace(H^{-1})=-2.608967e+01
[FW-A] iter= 33  -trace(H^{-1})=-2.651834e+01
[FW-A] iter= 34  -trace(H^{-1})=-2.651818e+01
[FW-A] iter= 35  -trace(H^{-1})=-2.613942e+01
[FW-A] iter= 36  -trace(H^{-1})=-2.650029e+01
[FW-A] iter= 37  -trace(H^{-1})=-2.595285e+01
[FW-A] iter= 38  -trace(H^{-1})=-2.516526e+01
[FW-A] iter= 39  -trace(H^{-1})=-2.545040e+01
[FW-A] iter= 40  -trace(H^{-1})=-2.469829e+01
[FW-A] iter= 41  -trace(H^{-1})=-2.449191e+01
[FW-A] iter= 42  -trace(H^{-1})=-2.433852e+01
[FW-A] iter= 43  -trace(H^{-1})=-2.420987e+01
[FW-A] iter= 44  -trace(H^{-1})=-2.422911e+01
[FW-A] iter= 45  -trace(H^{-1})=-2.454355e+01
[FW-A] iter= 46  -trace(H^{-1})=-2.459847e+01
[FW-A] iter= 47  -trace(H^{-1})=-2.466110e+01
[FW-A] iter= 48  -trace(H^{-1})=-2.517378e+01
[FW-A] iter= 49  -trace(H^{-1})=-2.564607e+01
[FW-A] iter= 50  -trace(H^{-1})=-2.565097e+01
[FW-A] iter= 51  -trace(H^{-1})=-2.544640e+01
[FW-A] iter= 52  -trace(H^{-1})=-2.476759e+01
[FW-A] iter= 53  -trace(H^{-1})=-2.487677e+01
[FW-A] iter= 54  -trace(H^{-1})=-2.475109e+01
[FW-A] iter= 55  -trace(H^{-1})=-2.439980e+01
[FW-A] iter= 56  -trace(H^{-1})=-2.416024e+01
[FW-A] iter= 57  -trace(H^{-1})=-2.419695e+01
[FW-A] iter= 58  -trace(H^{-1})=-2.411899e+01
[FW-A] iter= 59  -trace(H^{-1})=-2.432823e+01
[FW-A] iter= 60  -trace(H^{-1})=-2.469650e+01
[FW-A] iter= 61  -trace(H^{-1})=-2.500329e+01
[FW-A] iter= 62  -trace(H^{-1})=-2.552528e+01
[FW-A] iter= 63  -trace(H^{-1})=-2.570259e+01
[FW-A] iter= 64  -trace(H^{-1})=-2.544355e+01
[FW-A] iter= 65  -trace(H^{-1})=-2.525651e+01
[FW-A] iter= 66  -trace(H^{-1})=-2.510124e+01
[FW-A] iter= 67  -trace(H^{-1})=-2.514629e+01
[FW-A] iter= 68  -trace(H^{-1})=-2.555023e+01
[FW-A] iter= 69  -trace(H^{-1})=-2.609373e+01
[FW-A] iter= 70  -trace(H^{-1})=-2.643565e+01
[FW-A] iter= 71  -trace(H^{-1})=-2.647774e+01
[FW-A] iter= 72  -trace(H^{-1})=-2.672221e+01
[FW-A] iter= 73  -trace(H^{-1})=-2.535591e+01
[FW-A] iter= 74  -trace(H^{-1})=-2.464098e+01
[FW-A] iter= 75  -trace(H^{-1})=-2.401226e+01
[FW-A] iter= 76  -trace(H^{-1})=-2.345577e+01
[FW-A] iter= 77  -trace(H^{-1})=-2.295549e+01
[FW-A] iter= 78  -trace(H^{-1})=-2.250529e+01
[FW-A] iter= 79  -trace(H^{-1})=-2.210127e+01
[FW-A] iter= 80  -trace(H^{-1})=-2.171840e+01
[FW-A] iter= 81  -trace(H^{-1})=-2.136587e+01
[FW-A] iter= 82  -trace(H^{-1})=-2.104049e+01
[FW-A] iter= 83  -trace(H^{-1})=-2.073934e+01
[FW-A] iter= 84  -trace(H^{-1})=-2.045342e+01
[FW-A] iter= 85  -trace(H^{-1})=-2.018654e+01
[FW-A] iter= 86  -trace(H^{-1})=-1.993890e+01
[FW-A] iter= 87  -trace(H^{-1})=-1.970676e+01
[FW-A] iter= 88  -trace(H^{-1})=-1.948555e+01
[FW-A] iter= 89  -trace(H^{-1})=-1.927677e+01
[FW-A] iter= 90  -trace(H^{-1})=-1.908060e+01
[FW-A] iter= 91  -trace(H^{-1})=-1.889596e+01
[FW-A] iter= 92  -trace(H^{-1})=-1.872253e+01
[FW-A] iter= 93  -trace(H^{-1})=-1.855501e+01
[FW-A] iter= 94  -trace(H^{-1})=-1.839670e+01
[FW-A] iter= 95  -trace(H^{-1})=-1.824752e+01
[FW-A] iter= 96  -trace(H^{-1})=-1.810624e+01
[FW-A] iter= 97  -trace(H^{-1})=-1.796955e+01
[FW-A] iter= 98  -trace(H^{-1})=-1.783931e+01
[FW-A] iter= 99  -trace(H^{-1})=-1.771557e+01
[FW-A] iter=100  -trace(H^{-1})=-1.759769e+01
[FW-A] iter=101  -trace(H^{-1})=-1.748630e+01
[FW-A] iter=102  -trace(H^{-1})=-1.737721e+01
[FW-A] iter=103  -trace(H^{-1})=-1.727341e+01
[FW-A] iter=104  -trace(H^{-1})=-1.717460e+01
[FW-A] iter=105  -trace(H^{-1})=-1.707893e+01
[FW-A] iter=106  -trace(H^{-1})=-1.698805e+01
[FW-A] iter=107  -trace(H^{-1})=-1.689983e+01
[FW-A] iter=108  -trace(H^{-1})=-1.681600e+01
[FW-A] iter=109  -trace(H^{-1})=-1.673442e+01
[FW-A] iter=110  -trace(H^{-1})=-1.665622e+01
[FW-A] iter=111  -trace(H^{-1})=-1.658079e+01
[FW-A] iter=112  -trace(H^{-1})=-1.650846e+01
[FW-A] iter=113  -trace(H^{-1})=-1.643817e+01
[FW-A] iter=114  -trace(H^{-1})=-1.637040e+01
[FW-A] iter=115  -trace(H^{-1})=-1.630537e+01
[FW-A] iter=116  -trace(H^{-1})=-1.624335e+01
[FW-A] iter=117  -trace(H^{-1})=-1.618205e+01
[FW-A] iter=118  -trace(H^{-1})=-1.612289e+01
[FW-A] iter=119  -trace(H^{-1})=-1.606596e+01
[FW-A] iter=120  -trace(H^{-1})=-1.601082e+01
[FW-A] iter=121  -trace(H^{-1})=-1.595736e+01
[FW-A] iter=122  -trace(H^{-1})=-1.590529e+01
[FW-A] iter=123  -trace(H^{-1})=-1.585511e+01
[FW-A] iter=124  -trace(H^{-1})=-1.580651e+01
[FW-A] iter=125  -trace(H^{-1})=-1.576029e+01
[FW-A] iter=126  -trace(H^{-1})=-1.571402e+01
[FW-A] iter=127  -trace(H^{-1})=-1.566950e+01
[FW-A] iter=128  -trace(H^{-1})=-1.562625e+01
[FW-A] iter=129  -trace(H^{-1})=-1.558422e+01
[FW-A] iter=130  -trace(H^{-1})=-1.554373e+01
[FW-A] iter=131  -trace(H^{-1})=-1.550484e+01
[FW-A] iter=132  -trace(H^{-1})=-1.546612e+01
[FW-A] iter=133  -trace(H^{-1})=-1.542852e+01
[FW-A] iter=134  -trace(H^{-1})=-1.539219e+01
[FW-A] iter=135  -trace(H^{-1})=-1.535656e+01
[FW-A] iter=136  -trace(H^{-1})=-1.532210e+01
[FW-A] iter=137  -trace(H^{-1})=-1.528863e+01
[FW-A] iter=138  -trace(H^{-1})=-1.525590e+01
[FW-A] iter=139  -trace(H^{-1})=-1.522408e+01
[FW-A] iter=140  -trace(H^{-1})=-1.519315e+01
[FW-A] iter=141  -trace(H^{-1})=-1.516287e+01
[FW-A] iter=142  -trace(H^{-1})=-1.513330e+01
[FW-A] iter=143  -trace(H^{-1})=-1.510476e+01
[FW-A] iter=144  -trace(H^{-1})=-1.507721e+01
[FW-A] iter=145  -trace(H^{-1})=-1.504970e+01
[FW-A] iter=146  -trace(H^{-1})=-1.502285e+01
[FW-A] iter=147  -trace(H^{-1})=-1.499687e+01
[FW-A] iter=148  -trace(H^{-1})=-1.497127e+01
[FW-A] iter=149  -trace(H^{-1})=-1.494642e+01
[FW-A] iter=150  -trace(H^{-1})=-1.492226e+01
[FW-A] iter=151  -trace(H^{-1})=-1.489906e+01
[FW-A] iter=152  -trace(H^{-1})=-1.487569e+01
[FW-A] iter=153  -trace(H^{-1})=-1.485300e+01
[FW-A] iter=154  -trace(H^{-1})=-1.483087e+01
[FW-A] iter=155  -trace(H^{-1})=-1.480916e+01
[FW-A] iter=156  -trace(H^{-1})=-1.478807e+01
[FW-A] iter=157  -trace(H^{-1})=-1.476741e+01
[FW-A] iter=158  -trace(H^{-1})=-1.474767e+01
[FW-A] iter=159  -trace(H^{-1})=-1.472762e+01
[FW-A] iter=160  -trace(H^{-1})=-1.470833e+01
[FW-A] iter=161  -trace(H^{-1})=-1.468922e+01
[FW-A] iter=162  -trace(H^{-1})=-1.467064e+01
[FW-A] iter=163  -trace(H^{-1})=-1.465257e+01
[FW-A] iter=164  -trace(H^{-1})=-1.463470e+01
[FW-A] iter=165  -trace(H^{-1})=-1.461733e+01
[FW-A] iter=166  -trace(H^{-1})=-1.460026e+01
[FW-A] iter=167  -trace(H^{-1})=-1.458355e+01
[FW-A] iter=168  -trace(H^{-1})=-1.456708e+01
[FW-A] iter=169  -trace(H^{-1})=-1.455106e+01
[FW-A] iter=170  -trace(H^{-1})=-1.453535e+01
[FW-A] iter=171  -trace(H^{-1})=-1.452029e+01
[FW-A] iter=172  -trace(H^{-1})=-1.450498e+01
[FW-A] iter=173  -trace(H^{-1})=-1.449013e+01
[FW-A] iter=174  -trace(H^{-1})=-1.447554e+01
[FW-A] iter=175  -trace(H^{-1})=-1.446124e+01
[FW-A] iter=176  -trace(H^{-1})=-1.444734e+01
[FW-A] iter=177  -trace(H^{-1})=-1.443389e+01
[FW-A] iter=178  -trace(H^{-1})=-1.442031e+01
[FW-A] iter=179  -trace(H^{-1})=-1.440701e+01
[FW-A] iter=180  -trace(H^{-1})=-1.439406e+01
[FW-A] iter=181  -trace(H^{-1})=-1.438135e+01
[FW-A] iter=182  -trace(H^{-1})=-1.436884e+01
[FW-A] iter=183  -trace(H^{-1})=-1.435646e+01
[FW-A] iter=184  -trace(H^{-1})=-1.434439e+01
[FW-A] iter=185  -trace(H^{-1})=-1.433256e+01
[FW-A] iter=186  -trace(H^{-1})=-1.432094e+01
[FW-A] iter=187  -trace(H^{-1})=-1.430949e+01
[FW-A] iter=188  -trace(H^{-1})=-1.429823e+01
[FW-A] iter=189  -trace(H^{-1})=-1.428729e+01
[FW-A] iter=190  -trace(H^{-1})=-1.427666e+01
[FW-A] iter=191  -trace(H^{-1})=-1.426593e+01
[FW-A] iter=192  -trace(H^{-1})=-1.425539e+01
[FW-A] iter=193  -trace(H^{-1})=-1.424513e+01
[FW-A] iter=194  -trace(H^{-1})=-1.423503e+01
[FW-A] iter=195  -trace(H^{-1})=-1.422509e+01
[FW-A] iter=196  -trace(H^{-1})=-1.421521e+01
[FW-A] iter=197  -trace(H^{-1})=-1.420558e+01
[FW-A] iter=198  -trace(H^{-1})=-1.419613e+01
[FW-A] iter=199  -trace(H^{-1})=-1.418683e+01
[FW-A] iter=200  -trace(H^{-1})=-1.417767e+01
[FW-A] iter=201  -trace(H^{-1})=-1.416862e+01
[FW-A] iter=202  -trace(H^{-1})=-1.415979e+01
[FW-A] iter=203  -trace(H^{-1})=-1.415105e+01
[FW-A] iter=204  -trace(H^{-1})=-1.414253e+01
[FW-A] iter=205  -trace(H^{-1})=-1.413406e+01
[FW-A] iter=206  -trace(H^{-1})=-1.412579e+01
[FW-A] iter=207  -trace(H^{-1})=-1.411753e+01
[FW-A] iter=208  -trace(H^{-1})=-1.410947e+01
[FW-A] iter=209  -trace(H^{-1})=-1.410159e+01
[FW-A] iter=210  -trace(H^{-1})=-1.409396e+01
[FW-A] iter=211  -trace(H^{-1})=-1.408619e+01
[FW-A] iter=212  -trace(H^{-1})=-1.407858e+01
[FW-A] iter=213  -trace(H^{-1})=-1.407113e+01
[FW-A] iter=214  -trace(H^{-1})=-1.406374e+01
[FW-A] iter=215  -trace(H^{-1})=-1.405653e+01
[FW-A] iter=216  -trace(H^{-1})=-1.404939e+01
[FW-A] iter=217  -trace(H^{-1})=-1.404238e+01
[FW-A] iter=218  -trace(H^{-1})=-1.403546e+01
[FW-A] iter=219  -trace(H^{-1})=-1.402867e+01
[FW-A] iter=220  -trace(H^{-1})=-1.402193e+01
[FW-A] iter=221  -trace(H^{-1})=-1.401530e+01
[FW-A] iter=222  -trace(H^{-1})=-1.400883e+01
[FW-A] iter=223  -trace(H^{-1})=-1.400254e+01
[FW-A] iter=224  -trace(H^{-1})=-1.399614e+01
[FW-A] iter=225  -trace(H^{-1})=-1.398986e+01
[FW-A] iter=226  -trace(H^{-1})=-1.398371e+01
[FW-A] iter=227  -trace(H^{-1})=-1.397760e+01
[FW-A] iter=228  -trace(H^{-1})=-1.397162e+01
[FW-A] iter=229  -trace(H^{-1})=-1.396572e+01
[FW-A] iter=230  -trace(H^{-1})=-1.395990e+01
[FW-A] iter=231  -trace(H^{-1})=-1.395416e+01
[FW-A] iter=232  -trace(H^{-1})=-1.394851e+01
[FW-A] iter=233  -trace(H^{-1})=-1.394291e+01
[FW-A] iter=234  -trace(H^{-1})=-1.393738e+01
[FW-A] iter=235  -trace(H^{-1})=-1.393200e+01
[FW-A] iter=236  -trace(H^{-1})=-1.392676e+01
[FW-A] iter=237  -trace(H^{-1})=-1.392142e+01
[FW-A] iter=238  -trace(H^{-1})=-1.391617e+01
[FW-A] iter=239  -trace(H^{-1})=-1.391104e+01
[FW-A] iter=240  -trace(H^{-1})=-1.390591e+01
[FW-A] iter=241  -trace(H^{-1})=-1.390090e+01
[FW-A] iter=242  -trace(H^{-1})=-1.389596e+01
[FW-A] iter=243  -trace(H^{-1})=-1.389107e+01
[FW-A] iter=244  -trace(H^{-1})=-1.388626e+01
[FW-A] iter=245  -trace(H^{-1})=-1.388151e+01
[FW-A] iter=246  -trace(H^{-1})=-1.387681e+01
[FW-A] iter=247  -trace(H^{-1})=-1.387215e+01
[FW-A] iter=248  -trace(H^{-1})=-1.386759e+01
[FW-A] iter=249  -trace(H^{-1})=-1.386307e+01
[FW-A] iter=250  -trace(H^{-1})=-1.385875e+01
[FW-A] iter=251  -trace(H^{-1})=-1.385426e+01
[FW-A] iter=252  -trace(H^{-1})=-1.384994e+01
[FW-A] iter=253  -trace(H^{-1})=-1.384559e+01
[FW-A] iter=254  -trace(H^{-1})=-1.384134e+01
[FW-A] iter=255  -trace(H^{-1})=-1.383718e+01
[FW-A] iter=256  -trace(H^{-1})=-1.383315e+01
[FW-A] iter=257  -trace(H^{-1})=-1.382901e+01
[FW-A] iter=258  -trace(H^{-1})=-1.382495e+01
[FW-A] iter=259  -trace(H^{-1})=-1.382097e+01
[FW-A] iter=260  -trace(H^{-1})=-1.381705e+01
[FW-A] iter=261  -trace(H^{-1})=-1.381314e+01
[FW-A] iter=262  -trace(H^{-1})=-1.380926e+01
[FW-A] iter=263  -trace(H^{-1})=-1.380547e+01
[FW-A] iter=264  -trace(H^{-1})=-1.380171e+01
[FW-A] iter=265  -trace(H^{-1})=-1.379801e+01
[FW-A] iter=266  -trace(H^{-1})=-1.379433e+01
[FW-A] iter=267  -trace(H^{-1})=-1.379069e+01
[FW-A] iter=268  -trace(H^{-1})=-1.378713e+01
[FW-A] iter=269  -trace(H^{-1})=-1.378357e+01
[FW-A] iter=270  -trace(H^{-1})=-1.378010e+01
[FW-A] iter=271  -trace(H^{-1})=-1.377663e+01
[FW-A] iter=272  -trace(H^{-1})=-1.377322e+01
[FW-A] iter=273  -trace(H^{-1})=-1.376981e+01
[FW-A] iter=274  -trace(H^{-1})=-1.376648e+01
[FW-A] iter=275  -trace(H^{-1})=-1.376319e+01
[FW-A] iter=276  -trace(H^{-1})=-1.376003e+01
[FW-A] iter=277  -trace(H^{-1})=-1.375674e+01
[FW-A] iter=278  -trace(H^{-1})=-1.375354e+01
[FW-A] iter=279  -trace(H^{-1})=-1.375038e+01
[FW-A] iter=280  -trace(H^{-1})=-1.374724e+01
[FW-A] iter=281  -trace(H^{-1})=-1.374418e+01
[FW-A] iter=282  -trace(H^{-1})=-1.374111e+01
[FW-A] iter=283  -trace(H^{-1})=-1.373811e+01
[FW-A] iter=284  -trace(H^{-1})=-1.373512e+01
[FW-A] iter=285  -trace(H^{-1})=-1.373218e+01
[FW-A] iter=286  -trace(H^{-1})=-1.372923e+01
[FW-A] iter=287  -trace(H^{-1})=-1.372634e+01
[FW-A] iter=288  -trace(H^{-1})=-1.372350e+01
[FW-A] iter=289  -trace(H^{-1})=-1.372076e+01
[FW-A] iter=290  -trace(H^{-1})=-1.371791e+01
[FW-A] iter=291  -trace(H^{-1})=-1.371514e+01
[FW-A] iter=292  -trace(H^{-1})=-1.371240e+01
[FW-A] iter=293  -trace(H^{-1})=-1.370967e+01
[FW-A] iter=294  -trace(H^{-1})=-1.370702e+01
[FW-A] iter=295  -trace(H^{-1})=-1.370435e+01
[FW-A] iter=296  -trace(H^{-1})=-1.370175e+01
[FW-A] iter=297  -trace(H^{-1})=-1.369914e+01
[FW-A] iter=298  -trace(H^{-1})=-1.369659e+01
[FW-A] iter=299  -trace(H^{-1})=-1.369402e+01
  [fw-a] min_eig=1.0207e-01  heldout=3.0157  (2.5s)
[FW-D] Building 720 candidate information matrices...
Building FIM:   0%|          | 0/720 [00:00<?, ?candidate/s]Building FIM:  62%|██████▏   | 448/720 [00:00<00:00, 3685.66candidate/s]Building FIM: 100%|██████████| 720/720 [00:00<00:00, 4224.06candidate/s]
[FW-D] Done. Starting Frank-Wolfe D-optimal (select_k=10)...
[FW-D] Pre-extracting dense blocks (intr_dim=9, num_poses=720)...
[FW-D] Block extraction done. Starting iterations...
[FW-D] iter=  0  logdet=6.373471e+01
[FW-D] iter=  1  logdet=6.378377e+01
[FW-D] iter=  2  logdet=6.497395e+01
[FW-D] iter=  3  logdet=6.345665e+01
[FW-D] iter=  4  logdet=6.216464e+01
[FW-D] iter=  5  logdet=6.213351e+01
[FW-D] iter=  6  logdet=6.182772e+01
[FW-D] iter=  7  logdet=6.142582e+01
[FW-D] iter=  8  logdet=6.163455e+01
[FW-D] iter=  9  logdet=6.145295e+01
[FW-D] iter= 10  logdet=6.219130e+01
[FW-D] iter= 11  logdet=6.211359e+01
[FW-D] iter= 12  logdet=6.221317e+01
[FW-D] iter= 13  logdet=6.229574e+01
[FW-D] iter= 14  logdet=6.223514e+01
[FW-D] iter= 15  logdet=6.241701e+01
[FW-D] iter= 16  logdet=6.274862e+01
[FW-D] iter= 17  logdet=6.286253e+01
[FW-D] iter= 18  logdet=6.277403e+01
[FW-D] iter= 19  logdet=6.269111e+01
[FW-D] iter= 20  logdet=6.262620e+01
[FW-D] iter= 21  logdet=6.318340e+01
[FW-D] iter= 22  logdet=6.311997e+01
[FW-D] iter= 23  logdet=6.353723e+01
[FW-D] iter= 24  logdet=6.363979e+01
[FW-D] iter= 25  logdet=6.381118e+01
[FW-D] iter= 26  logdet=6.384579e+01
[FW-D] iter= 27  logdet=6.393770e+01
[FW-D] iter= 28  logdet=6.402940e+01
[FW-D] iter= 29  logdet=6.402900e+01
[FW-D] iter= 30  logdet=6.413034e+01
[FW-D] iter= 31  logdet=6.406079e+01
[FW-D] iter= 32  logdet=6.401215e+01
[FW-D] iter= 33  logdet=6.398300e+01
[FW-D] iter= 34  logdet=6.398706e+01
[FW-D] iter= 35  logdet=6.395363e+01
[FW-D] iter= 36  logdet=6.394686e+01
[FW-D] iter= 37  logdet=6.403976e+01
[FW-D] iter= 38  logdet=6.411110e+01
[FW-D] iter= 39  logdet=6.410196e+01
[FW-D] iter= 40  logdet=6.414658e+01
[FW-D] iter= 41  logdet=6.413640e+01
[FW-D] iter= 42  logdet=6.418646e+01
[FW-D] iter= 43  logdet=6.418273e+01
[FW-D] iter= 44  logdet=6.419167e+01
[FW-D] iter= 45  logdet=6.416415e+01
[FW-D] iter= 46  logdet=6.411611e+01
[FW-D] iter= 47  logdet=6.412666e+01
[FW-D] iter= 48  logdet=6.406119e+01
[FW-D] iter= 49  logdet=6.401188e+01
[FW-D] iter= 50  logdet=6.398308e+01
[FW-D] iter= 51  logdet=6.395732e+01
[FW-D] iter= 52  logdet=6.400135e+01
[FW-D] iter= 53  logdet=6.394920e+01
[FW-D] iter= 54  logdet=6.390121e+01
[FW-D] iter= 55  logdet=6.393213e+01
[FW-D] iter= 56  logdet=6.389919e+01
[FW-D] iter= 57  logdet=6.389186e+01
[FW-D] iter= 58  logdet=6.385025e+01
[FW-D] iter= 59  logdet=6.379086e+01
[FW-D] iter= 60  logdet=6.377589e+01
[FW-D] iter= 61  logdet=6.372890e+01
[FW-D] iter= 62  logdet=6.370100e+01
[FW-D] iter= 63  logdet=6.368224e+01
[FW-D] iter= 64  logdet=6.368604e+01
[FW-D] iter= 65  logdet=6.372445e+01
[FW-D] iter= 66  logdet=6.371484e+01
[FW-D] iter= 67  logdet=6.364781e+01
[FW-D] iter= 68  logdet=6.361111e+01
[FW-D] iter= 69  logdet=6.350614e+01
[FW-D] iter= 70  logdet=6.341600e+01
[FW-D] iter= 71  logdet=6.336913e+01
[FW-D] iter= 72  logdet=6.326064e+01
[FW-D] iter= 73  logdet=6.348948e+01
[FW-D] iter= 74  logdet=6.367530e+01
[FW-D] iter= 75  logdet=6.383538e+01
[FW-D] iter= 76  logdet=6.398014e+01
[FW-D] iter= 77  logdet=6.411138e+01
[FW-D] iter= 78  logdet=6.423083e+01
[FW-D] iter= 79  logdet=6.434000e+01
[FW-D] iter= 80  logdet=6.444070e+01
[FW-D] iter= 81  logdet=6.453401e+01
[FW-D] iter= 82  logdet=6.462091e+01
[FW-D] iter= 83  logdet=6.470336e+01
[FW-D] iter= 84  logdet=6.478133e+01
[FW-D] iter= 85  logdet=6.485508e+01
[FW-D] iter= 86  logdet=6.492519e+01
[FW-D] iter= 87  logdet=6.499208e+01
[FW-D] iter= 88  logdet=6.505614e+01
[FW-D] iter= 89  logdet=6.511749e+01
[FW-D] iter= 90  logdet=6.517623e+01
[FW-D] iter= 91  logdet=6.523234e+01
[FW-D] iter= 92  logdet=6.528643e+01
[FW-D] iter= 93  logdet=6.533834e+01
[FW-D] iter= 94  logdet=6.538819e+01
[FW-D] iter= 95  logdet=6.543610e+01
[FW-D] iter= 96  logdet=6.548217e+01
[FW-D] iter= 97  logdet=6.552632e+01
[FW-D] iter= 98  logdet=6.556910e+01
[FW-D] iter= 99  logdet=6.561032e+01
[FW-D] iter=100  logdet=6.565004e+01
[FW-D] iter=101  logdet=6.568836e+01
[FW-D] iter=102  logdet=6.572532e+01
[FW-D] iter=103  logdet=6.576107e+01
[FW-D] iter=104  logdet=6.579559e+01
[FW-D] iter=105  logdet=6.582894e+01
[FW-D] iter=106  logdet=6.586110e+01
[FW-D] iter=107  logdet=6.589220e+01
[FW-D] iter=108  logdet=6.592250e+01
[FW-D] iter=109  logdet=6.595190e+01
[FW-D] iter=110  logdet=6.598036e+01
[FW-D] iter=111  logdet=6.600793e+01
[FW-D] iter=112  logdet=6.603467e+01
[FW-D] iter=113  logdet=6.606064e+01
[FW-D] iter=114  logdet=6.608576e+01
[FW-D] iter=115  logdet=6.611005e+01
[FW-D] iter=116  logdet=6.613384e+01
[FW-D] iter=117  logdet=6.615695e+01
[FW-D] iter=118  logdet=6.617934e+01
[FW-D] iter=119  logdet=6.620120e+01
[FW-D] iter=120  logdet=6.622240e+01
[FW-D] iter=121  logdet=6.624301e+01
[FW-D] iter=122  logdet=6.626310e+01
[FW-D] iter=123  logdet=6.628257e+01
[FW-D] iter=124  logdet=6.630149e+01
[FW-D] iter=125  logdet=6.632002e+01
[FW-D] iter=126  logdet=6.633809e+01
[FW-D] iter=127  logdet=6.635562e+01
[FW-D] iter=128  logdet=6.637279e+01
[FW-D] iter=129  logdet=6.638948e+01
[FW-D] iter=130  logdet=6.640574e+01
[FW-D] iter=131  logdet=6.642147e+01
[FW-D] iter=132  logdet=6.643700e+01
[FW-D] iter=133  logdet=6.645212e+01
[FW-D] iter=134  logdet=6.646686e+01
[FW-D] iter=135  logdet=6.648127e+01
[FW-D] iter=136  logdet=6.649528e+01
[FW-D] iter=137  logdet=6.650904e+01
[FW-D] iter=138  logdet=6.652243e+01
[FW-D] iter=139  logdet=6.653550e+01
[FW-D] iter=140  logdet=6.654820e+01
[FW-D] iter=141  logdet=6.656073e+01
[FW-D] iter=142  logdet=6.657295e+01
[FW-D] iter=143  logdet=6.658489e+01
[FW-D] iter=144  logdet=6.659659e+01
[FW-D] iter=145  logdet=6.660801e+01
[FW-D] iter=146  logdet=6.661917e+01
[FW-D] iter=147  logdet=6.663009e+01
[FW-D] iter=148  logdet=6.664069e+01
[FW-D] iter=149  logdet=6.665120e+01
[FW-D] iter=150  logdet=6.666144e+01
[FW-D] iter=151  logdet=6.667148e+01
[FW-D] iter=152  logdet=6.668131e+01
[FW-D] iter=153  logdet=6.669090e+01
[FW-D] iter=154  logdet=6.670024e+01
[FW-D] iter=155  logdet=6.670948e+01
[FW-D] iter=156  logdet=6.671854e+01
[FW-D] iter=157  logdet=6.672739e+01
[FW-D] iter=158  logdet=6.673610e+01
[FW-D] iter=159  logdet=6.674461e+01
[FW-D] iter=160  logdet=6.675295e+01
[FW-D] iter=161  logdet=6.676114e+01
[FW-D] iter=162  logdet=6.676912e+01
[FW-D] iter=163  logdet=6.677694e+01
[FW-D] iter=164  logdet=6.678466e+01
[FW-D] iter=165  logdet=6.679225e+01
[FW-D] iter=166  logdet=6.679965e+01
[FW-D] iter=167  logdet=6.680697e+01
[FW-D] iter=168  logdet=6.681412e+01
[FW-D] iter=169  logdet=6.682112e+01
[FW-D] iter=170  logdet=6.682802e+01
[FW-D] iter=171  logdet=6.683477e+01
[FW-D] iter=172  logdet=6.684139e+01
[FW-D] iter=173  logdet=6.684792e+01
[FW-D] iter=174  logdet=6.685432e+01
[FW-D] iter=175  logdet=6.686060e+01
[FW-D] iter=176  logdet=6.686671e+01
[FW-D] iter=177  logdet=6.687281e+01
[FW-D] iter=178  logdet=6.687877e+01
[FW-D] iter=179  logdet=6.688463e+01
[FW-D] iter=180  logdet=6.689039e+01
[FW-D] iter=181  logdet=6.689603e+01
[FW-D] iter=182  logdet=6.690153e+01
[FW-D] iter=183  logdet=6.690701e+01
[FW-D] iter=184  logdet=6.691240e+01
[FW-D] iter=185  logdet=6.691767e+01
[FW-D] iter=186  logdet=6.692289e+01
[FW-D] iter=187  logdet=6.692799e+01
[FW-D] iter=188  logdet=6.693302e+01
[FW-D] iter=189  logdet=6.693797e+01
[FW-D] iter=190  logdet=6.694281e+01
[FW-D] iter=191  logdet=6.694755e+01
[FW-D] iter=192  logdet=6.695226e+01
[FW-D] iter=193  logdet=6.695691e+01
[FW-D] iter=194  logdet=6.696145e+01
[FW-D] iter=195  logdet=6.696595e+01
[FW-D] iter=196  logdet=6.697036e+01
[FW-D] iter=197  logdet=6.697470e+01
[FW-D] iter=198  logdet=6.697899e+01
[FW-D] iter=199  logdet=6.698319e+01
[FW-D] iter=200  logdet=6.698731e+01
[FW-D] iter=201  logdet=6.699140e+01
[FW-D] iter=202  logdet=6.699542e+01
[FW-D] iter=203  logdet=6.699937e+01
[FW-D] iter=204  logdet=6.700322e+01
[FW-D] iter=205  logdet=6.700708e+01
[FW-D] iter=206  logdet=6.701086e+01
[FW-D] iter=207  logdet=6.701459e+01
[FW-D] iter=208  logdet=6.701826e+01
[FW-D] iter=209  logdet=6.702187e+01
[FW-D] iter=210  logdet=6.702539e+01
[FW-D] iter=211  logdet=6.702891e+01
[FW-D] iter=212  logdet=6.703238e+01
[FW-D] iter=213  logdet=6.703578e+01
[FW-D] iter=214  logdet=6.703915e+01
[FW-D] iter=215  logdet=6.704247e+01
[FW-D] iter=216  logdet=6.704573e+01
[FW-D] iter=217  logdet=6.704896e+01
[FW-D] iter=218  logdet=6.705211e+01
[FW-D] iter=219  logdet=6.705522e+01
[FW-D] iter=220  logdet=6.705831e+01
[FW-D] iter=221  logdet=6.706136e+01
[FW-D] iter=222  logdet=6.706435e+01
[FW-D] iter=223  logdet=6.706732e+01
[FW-D] iter=224  logdet=6.707024e+01
[FW-D] iter=225  logdet=6.707312e+01
[FW-D] iter=226  logdet=6.707596e+01
[FW-D] iter=227  logdet=6.707876e+01
[FW-D] iter=228  logdet=6.708151e+01
[FW-D] iter=229  logdet=6.708424e+01
[FW-D] iter=230  logdet=6.708693e+01
[FW-D] iter=231  logdet=6.708958e+01
[FW-D] iter=232  logdet=6.709217e+01
[FW-D] iter=233  logdet=6.709477e+01
[FW-D] iter=234  logdet=6.709732e+01
[FW-D] iter=235  logdet=6.709984e+01
[FW-D] iter=236  logdet=6.710233e+01
[FW-D] iter=237  logdet=6.710477e+01
[FW-D] iter=238  logdet=6.710720e+01
[FW-D] iter=239  logdet=6.710960e+01
[FW-D] iter=240  logdet=6.711195e+01
[FW-D] iter=241  logdet=6.711425e+01
[FW-D] iter=242  logdet=6.711657e+01
[FW-D] iter=243  logdet=6.711884e+01
[FW-D] iter=244  logdet=6.712108e+01
[FW-D] iter=245  logdet=6.712330e+01
[FW-D] iter=246  logdet=6.712549e+01
[FW-D] iter=247  logdet=6.712765e+01
[FW-D] iter=248  logdet=6.712978e+01
[FW-D] iter=249  logdet=6.713186e+01
[FW-D] iter=250  logdet=6.713395e+01
[FW-D] iter=251  logdet=6.713601e+01
[FW-D] iter=252  logdet=6.713805e+01
[FW-D] iter=253  logdet=6.714006e+01
[FW-D] iter=254  logdet=6.714203e+01
[FW-D] iter=255  logdet=6.714397e+01
[FW-D] iter=256  logdet=6.714591e+01
[FW-D] iter=257  logdet=6.714783e+01
[FW-D] iter=258  logdet=6.714971e+01
[FW-D] iter=259  logdet=6.715159e+01
[FW-D] iter=260  logdet=6.715344e+01
[FW-D] iter=261  logdet=6.715526e+01
[FW-D] iter=262  logdet=6.715707e+01
[FW-D] iter=263  logdet=6.715884e+01
[FW-D] iter=264  logdet=6.716059e+01
[FW-D] iter=265  logdet=6.716234e+01
[FW-D] iter=266  logdet=6.716406e+01
[FW-D] iter=267  logdet=6.716576e+01
[FW-D] iter=268  logdet=6.716745e+01
[FW-D] iter=269  logdet=6.716912e+01
[FW-D] iter=270  logdet=6.717076e+01
[FW-D] iter=271  logdet=6.717239e+01
[FW-D] iter=272  logdet=6.717400e+01
[FW-D] iter=273  logdet=6.717558e+01
[FW-D] iter=274  logdet=6.717716e+01
[FW-D] iter=275  logdet=6.717871e+01
[FW-D] iter=276  logdet=6.718025e+01
[FW-D] iter=277  logdet=6.718175e+01
[FW-D] iter=278  logdet=6.718326e+01
[FW-D] iter=279  logdet=6.718475e+01
[FW-D] iter=280  logdet=6.718622e+01
[FW-D] iter=281  logdet=6.718768e+01
[FW-D] iter=282  logdet=6.718912e+01
[FW-D] iter=283  logdet=6.719054e+01
[FW-D] iter=284  logdet=6.719195e+01
[FW-D] iter=285  logdet=6.719335e+01
[FW-D] iter=286  logdet=6.719473e+01
[FW-D] iter=287  logdet=6.719609e+01
[FW-D] iter=288  logdet=6.719745e+01
[FW-D] iter=289  logdet=6.719878e+01
[FW-D] iter=290  logdet=6.720010e+01
[FW-D] iter=291  logdet=6.720141e+01
[FW-D] iter=292  logdet=6.720271e+01
[FW-D] iter=293  logdet=6.720399e+01
[FW-D] iter=294  logdet=6.720524e+01
[FW-D] iter=295  logdet=6.720650e+01
[FW-D] iter=296  logdet=6.720774e+01
[FW-D] iter=297  logdet=6.720897e+01
[FW-D] iter=298  logdet=6.721020e+01
[FW-D] iter=299  logdet=6.721139e+01
  [fw-d] min_eig=9.3201e-02  heldout=2.0142  (2.7s)

============================================================
K = 15  (held-out = 705 frames)
  [random] 25 trials...
  [coverage] min_eig=5.6748e-02  heldout=6.2099  (0.0s)
  [a-optimal] min_eig=1.6485e-01  heldout=1.3384  (2.9s)
  [d-optimal] min_eig=1.3090e-01  heldout=2.9379  (2.8s)
  [greedy-e] min_eig=1.6371e-01  heldout=1.3849  (3.0s)
[FW] Building 720 candidate information matrices...
Building FIM:   0%|          | 0/720 [00:00<?, ?candidate/s]Building FIM:  44%|████▍     | 320/720 [00:00<00:00, 3064.06candidate/s]Building FIM:  98%|█████████▊| 704/720 [00:00<00:00, 2789.53candidate/s]Building FIM: 100%|██████████| 720/720 [00:00<00:00, 2878.33candidate/s]
[FW] Done. Starting Frank-Wolfe optimization (select_k=15)...
[FW] Pre-extracting dense blocks (intr_dim=9, num_poses=720)...
[FW] Block extraction done. Starting iterations...
[FW] iter=  0  min_eig=7.786829e-02
[FW] iter=  1  min_eig=2.351861e-03
[FW] iter=  2  min_eig=5.208691e-02
[FW] iter=  3  min_eig=4.588682e-02
[FW] iter=  4  min_eig=4.903593e-02
[FW] iter=  5  min_eig=4.790536e-02
[FW] iter=  6  min_eig=4.100286e-02
[FW] iter=  7  min_eig=3.471743e-02
[FW] iter=  8  min_eig=3.780820e-02
[FW] iter=  9  min_eig=3.422584e-02
[FW] iter= 10  min_eig=3.215610e-02
[FW] iter= 11  min_eig=3.552709e-02
[FW] iter= 12  min_eig=3.912950e-02
[FW] iter= 13  min_eig=3.702564e-02
[FW] iter= 14  min_eig=3.730341e-02
[FW] iter= 15  min_eig=4.886957e-02
[FW] iter= 16  min_eig=6.170985e-02
[FW] iter= 17  min_eig=7.112873e-02
[FW] iter= 18  min_eig=7.562491e-02
[FW] iter= 19  min_eig=7.761329e-02
[FW] iter= 20  min_eig=7.694441e-02
[FW] iter= 21  min_eig=7.694821e-02
[FW] iter= 22  min_eig=7.257732e-02
[FW] iter= 23  min_eig=7.267630e-02
[FW] iter= 24  min_eig=7.363854e-02
[FW] iter= 25  min_eig=7.609412e-02
[FW] iter= 26  min_eig=7.641254e-02
[FW] iter= 27  min_eig=8.025658e-02
[FW] iter= 28  min_eig=8.110608e-02
[FW] iter= 29  min_eig=8.177021e-02
[FW] iter= 30  min_eig=8.056081e-02
[FW] iter= 31  min_eig=7.982250e-02
[FW] iter= 32  min_eig=7.821426e-02
[FW] iter= 33  min_eig=7.629092e-02
[FW] iter= 34  min_eig=7.618659e-02
[FW] iter= 35  min_eig=7.965425e-02
[FW] iter= 36  min_eig=7.935131e-02
[FW] iter= 37  min_eig=8.133896e-02
[FW] iter= 38  min_eig=8.262200e-02
[FW] iter= 39  min_eig=8.246767e-02
[FW] iter= 40  min_eig=8.074963e-02
[FW] iter= 41  min_eig=7.756821e-02
[FW] iter= 42  min_eig=7.586031e-02
[FW] iter= 43  min_eig=7.714199e-02
[FW] iter= 44  min_eig=7.790350e-02
[FW] iter= 45  min_eig=7.729109e-02
[FW] iter= 46  min_eig=7.437236e-02
[FW] iter= 47  min_eig=7.322786e-02
[FW] iter= 48  min_eig=7.241589e-02
[FW] iter= 49  min_eig=7.983947e-02
[FW] iter= 50  min_eig=8.309087e-02
[FW] iter= 51  min_eig=8.648557e-02
[FW] iter= 52  min_eig=8.967233e-02
[FW] iter= 53  min_eig=9.262625e-02
[FW] iter= 54  min_eig=9.546946e-02
[FW] iter= 55  min_eig=9.809924e-02
[FW] iter= 56  min_eig=1.006466e-01
[FW] iter= 57  min_eig=1.030333e-01
[FW] iter= 58  min_eig=1.053068e-01
[FW] iter= 59  min_eig=1.074218e-01
[FW] iter= 60  min_eig=1.094889e-01
[FW] iter= 61  min_eig=1.114397e-01
[FW] iter= 62  min_eig=1.132832e-01
[FW] iter= 63  min_eig=1.150113e-01
[FW] iter= 64  min_eig=1.167077e-01
[FW] iter= 65  min_eig=1.183083e-01
[FW] iter= 66  min_eig=1.198313e-01
[FW] iter= 67  min_eig=1.212536e-01
[FW] iter= 68  min_eig=1.226701e-01
[FW] iter= 69  min_eig=1.240056e-01
[FW] iter= 70  min_eig=1.252661e-01
[FW] iter= 71  min_eig=1.264690e-01
[FW] iter= 72  min_eig=1.276566e-01
[FW] iter= 73  min_eig=1.287856e-01
[FW] iter= 74  min_eig=1.298604e-01
[FW] iter= 75  min_eig=1.308793e-01
[FW] iter= 76  min_eig=1.318845e-01
[FW] iter= 77  min_eig=1.328426e-01
[FW] iter= 78  min_eig=1.337508e-01
[FW] iter= 79  min_eig=1.346407e-01
[FW] iter= 80  min_eig=1.354918e-01
[FW] iter= 81  min_eig=1.362914e-01
[FW] iter= 82  min_eig=1.370912e-01
[FW] iter= 83  min_eig=1.378482e-01
[FW] iter= 84  min_eig=1.385840e-01
[FW] iter= 85  min_eig=1.392789e-01
[FW] iter= 86  min_eig=1.399722e-01
[FW] iter= 87  min_eig=1.406352e-01
[FW] iter= 88  min_eig=1.412698e-01
[FW] iter= 89  min_eig=1.418764e-01
[FW] iter= 90  min_eig=1.424801e-01
[FW] iter= 91  min_eig=1.430574e-01
[FW] iter= 92  min_eig=1.435954e-01
[FW] iter= 93  min_eig=1.441459e-01
[FW] iter= 94  min_eig=1.446732e-01
[FW] iter= 95  min_eig=1.451790e-01
[FW] iter= 96  min_eig=1.456552e-01
[FW] iter= 97  min_eig=1.461384e-01
[FW] iter= 98  min_eig=1.466024e-01
[FW] iter= 99  min_eig=1.470480e-01
[FW] iter=100  min_eig=1.474718e-01
[FW] iter=101  min_eig=1.478981e-01
[FW] iter=102  min_eig=1.483087e-01
[FW] iter=103  min_eig=1.486990e-01
[FW] iter=104  min_eig=1.490893e-01
[FW] iter=105  min_eig=1.494644e-01
[FW] iter=106  min_eig=1.498160e-01
[FW] iter=107  min_eig=1.501768e-01
[FW] iter=108  min_eig=1.505236e-01
[FW] iter=109  min_eig=1.508574e-01
[FW] iter=110  min_eig=1.511726e-01
[FW] iter=111  min_eig=1.514951e-01
[FW] iter=112  min_eig=1.518053e-01
[FW] iter=113  min_eig=1.521041e-01
[FW] iter=114  min_eig=1.523892e-01
[FW] iter=115  min_eig=1.526780e-01
[FW] iter=116  min_eig=1.529566e-01
[FW] iter=117  min_eig=1.532222e-01
[FW] iter=118  min_eig=1.534891e-01
[FW] iter=119  min_eig=1.537462e-01
[FW] iter=120  min_eig=1.539878e-01
[FW] iter=121  min_eig=1.542373e-01
[FW] iter=122  min_eig=1.544777e-01
[FW] iter=123  min_eig=1.547093e-01
[FW] iter=124  min_eig=1.549307e-01
[FW] iter=125  min_eig=1.551560e-01
[FW] iter=126  min_eig=1.553731e-01
[FW] iter=127  min_eig=1.555798e-01
[FW] iter=128  min_eig=1.557887e-01
[FW] iter=129  min_eig=1.559902e-01
[FW] iter=130  min_eig=1.561784e-01
[FW] iter=131  min_eig=1.563750e-01
[FW] iter=132  min_eig=1.565650e-01
[FW] iter=133  min_eig=1.567483e-01
[FW] iter=134  min_eig=1.569217e-01
[FW] iter=135  min_eig=1.571005e-01
[FW] iter=136  min_eig=1.572738e-01
[FW] iter=137  min_eig=1.574409e-01
[FW] iter=138  min_eig=1.576011e-01
[FW] iter=139  min_eig=1.577653e-01
[FW] iter=140  min_eig=1.579238e-01
[FW] iter=141  min_eig=1.580778e-01
[FW] iter=142  min_eig=1.582249e-01
[FW] iter=143  min_eig=1.583753e-01
[FW] iter=144  min_eig=1.585200e-01
[FW] iter=145  min_eig=1.586560e-01
[FW] iter=146  min_eig=1.587984e-01
[FW] iter=147  min_eig=1.589357e-01
[FW] iter=148  min_eig=1.590683e-01
[FW] iter=149  min_eig=1.591942e-01
[FW] iter=150  min_eig=1.593249e-01
[FW] iter=151  min_eig=1.594512e-01
[FW] iter=152  min_eig=1.595712e-01
[FW] iter=153  min_eig=1.596934e-01
[FW] iter=154  min_eig=1.598120e-01
[FW] iter=155  min_eig=1.599263e-01
[FW] iter=156  min_eig=1.600417e-01
[FW] iter=157  min_eig=1.601531e-01
[FW] iter=158  min_eig=1.602585e-01
[FW] iter=159  min_eig=1.603686e-01
[FW] iter=160  min_eig=1.604749e-01
[FW] iter=161  min_eig=1.605776e-01
[FW] iter=162  min_eig=1.606758e-01
[FW] iter=163  min_eig=1.607776e-01
[FW] iter=164  min_eig=1.608760e-01
[FW] iter=165  min_eig=1.609700e-01
[FW] iter=166  min_eig=1.610654e-01
[FW] iter=167  min_eig=1.611583e-01
[FW] iter=168  min_eig=1.612444e-01
[FW] iter=169  min_eig=1.613367e-01
[FW] iter=170  min_eig=1.614259e-01
[FW] iter=171  min_eig=1.615121e-01
[FW] iter=172  min_eig=1.615937e-01
[FW] iter=173  min_eig=1.616793e-01
[FW] iter=174  min_eig=1.617619e-01
[FW] iter=175  min_eig=1.618417e-01
[FW] iter=176  min_eig=1.619192e-01
[FW] iter=177  min_eig=1.619985e-01
[FW] iter=178  min_eig=1.620753e-01
[FW] iter=179  min_eig=1.621466e-01
[FW] iter=180  min_eig=1.622230e-01
[FW] iter=181  min_eig=1.622968e-01
[FW] iter=182  min_eig=1.623680e-01
[FW] iter=183  min_eig=1.624351e-01
[FW] iter=184  min_eig=1.625062e-01
[FW] iter=185  min_eig=1.625751e-01
[FW] iter=186  min_eig=1.626401e-01
[FW] iter=187  min_eig=1.627077e-01
[FW] iter=188  min_eig=1.627730e-01
[FW] iter=189  min_eig=1.628329e-01
[FW] iter=190  min_eig=1.628982e-01
[FW] iter=191  min_eig=1.629612e-01
[FW] iter=192  min_eig=1.630220e-01
[FW] iter=193  min_eig=1.630794e-01
[FW] iter=194  min_eig=1.631403e-01
[FW] iter=195  min_eig=1.631991e-01
[FW] iter=196  min_eig=1.632558e-01
[FW] iter=197  min_eig=1.633108e-01
[FW] iter=198  min_eig=1.633677e-01
[FW] iter=199  min_eig=1.634227e-01
[FW] iter=200  min_eig=1.634734e-01
[FW] iter=201  min_eig=1.635285e-01
[FW] iter=202  min_eig=1.635816e-01
[FW] iter=203  min_eig=1.636329e-01
[FW] iter=204  min_eig=1.636818e-01
[FW] iter=205  min_eig=1.637333e-01
[FW] iter=206  min_eig=1.637830e-01
[FW] iter=207  min_eig=1.638302e-01
[FW] iter=208  min_eig=1.638790e-01
[FW] iter=209  min_eig=1.639263e-01
[FW] iter=210  min_eig=1.639722e-01
[FW] iter=211  min_eig=1.640189e-01
[FW] iter=212  min_eig=1.640640e-01
[FW] iter=213  min_eig=1.641066e-01
[FW] iter=214  min_eig=1.641521e-01
[FW] iter=215  min_eig=1.641959e-01
[FW] iter=216  min_eig=1.642372e-01
[FW] iter=217  min_eig=1.642804e-01
[FW] iter=218  min_eig=1.643221e-01
[FW] iter=219  min_eig=1.643623e-01
[FW] iter=220  min_eig=1.644036e-01
[FW] iter=221  min_eig=1.644435e-01
[FW] iter=222  min_eig=1.644810e-01
[FW] iter=223  min_eig=1.645212e-01
[FW] iter=224  min_eig=1.645601e-01
[FW] iter=225  min_eig=1.645975e-01
[FW] iter=226  min_eig=1.646339e-01
[FW] iter=227  min_eig=1.646717e-01
[FW] iter=228  min_eig=1.647082e-01
[FW] iter=229  min_eig=1.647416e-01
[FW] iter=230  min_eig=1.647787e-01
[FW] iter=231  min_eig=1.648143e-01
[FW] iter=232  min_eig=1.648487e-01
[FW] iter=233  min_eig=1.648812e-01
[FW] iter=234  min_eig=1.649160e-01
[FW] iter=235  min_eig=1.649495e-01
[FW] iter=236  min_eig=1.649812e-01
[FW] iter=237  min_eig=1.650142e-01
[FW] iter=238  min_eig=1.650464e-01
[FW] iter=239  min_eig=1.650773e-01
[FW] iter=240  min_eig=1.651092e-01
[FW] iter=241  min_eig=1.651398e-01
[FW] iter=242  min_eig=1.651687e-01
[FW] iter=243  min_eig=1.651998e-01
[FW] iter=244  min_eig=1.652299e-01
[FW] iter=245  min_eig=1.652592e-01
[FW] iter=246  min_eig=1.652869e-01
[FW] iter=247  min_eig=1.653164e-01
[FW] iter=248  min_eig=1.653448e-01
[FW] iter=249  min_eig=1.653707e-01
[FW] iter=250  min_eig=1.653995e-01
[FW] iter=251  min_eig=1.654274e-01
[FW] iter=252  min_eig=1.654541e-01
[FW] iter=253  min_eig=1.654795e-01
[FW] iter=254  min_eig=1.655067e-01
[FW] iter=255  min_eig=1.655330e-01
[FW] iter=256  min_eig=1.655578e-01
[FW] iter=257  min_eig=1.655838e-01
[FW] iter=258  min_eig=1.656089e-01
[FW] iter=259  min_eig=1.656333e-01
[FW] iter=260  min_eig=1.656583e-01
[FW] iter=261  min_eig=1.656824e-01
[FW] iter=262  min_eig=1.657051e-01
[FW] iter=263  min_eig=1.657297e-01
[FW] iter=264  min_eig=1.657535e-01
[FW] iter=265  min_eig=1.657756e-01
[FW] iter=266  min_eig=1.657992e-01
[FW] iter=267  min_eig=1.658220e-01
[FW] iter=268  min_eig=1.658438e-01
[FW] iter=269  min_eig=1.658663e-01
[FW] iter=270  min_eig=1.658881e-01
[FW] iter=271  min_eig=1.659081e-01
[FW] iter=272  min_eig=1.659305e-01
[FW] iter=273  min_eig=1.659522e-01
[FW] iter=274  min_eig=1.659729e-01
[FW] iter=275  min_eig=1.659927e-01
[FW] iter=276  min_eig=1.660139e-01
[FW] iter=277  min_eig=1.660344e-01
[FW] iter=278  min_eig=1.660537e-01
[FW] iter=279  min_eig=1.660741e-01
[FW] iter=280  min_eig=1.660938e-01
[FW] iter=281  min_eig=1.661128e-01
[FW] iter=282  min_eig=1.661322e-01
[FW] iter=283  min_eig=1.661511e-01
[FW] iter=284  min_eig=1.661686e-01
[FW] iter=285  min_eig=1.661881e-01
[FW] iter=286  min_eig=1.662068e-01
[FW] iter=287  min_eig=1.662249e-01
[FW] iter=288  min_eig=1.662422e-01
[FW] iter=289  min_eig=1.662607e-01
[FW] iter=290  min_eig=1.662785e-01
[FW] iter=291  min_eig=1.662954e-01
[FW] iter=292  min_eig=1.663131e-01
[FW] iter=293  min_eig=1.663302e-01
[FW] iter=294  min_eig=1.663460e-01
[FW] iter=295  min_eig=1.663636e-01
[FW] iter=296  min_eig=1.663805e-01
[FW] iter=297  min_eig=1.663970e-01
[FW] iter=298  min_eig=1.664125e-01
[FW] iter=299  min_eig=1.664291e-01
  [fw-e] min_eig=1.6455e-01  heldout=2.5035  (2.6s)
[FW-A] Building 720 candidate information matrices...
Building FIM:   0%|          | 0/720 [00:00<?, ?candidate/s]Building FIM:  44%|████▍     | 320/720 [00:00<00:00, 2363.90candidate/s]Building FIM:  98%|█████████▊| 704/720 [00:00<00:00, 3012.44candidate/s]Building FIM: 100%|██████████| 720/720 [00:00<00:00, 2965.12candidate/s]
[FW-A] Done. Starting Frank-Wolfe A-optimal (select_k=15)...
[FW-A] Pre-extracting dense blocks (intr_dim=9, num_poses=720)...
[FW-A] Block extraction done. Starting iterations...
[FW-A] iter=  0  -trace(H^{-1})=-1.733055e+01
[FW-A] iter=  1  -trace(H^{-1})=-4.280786e+02
[FW-A] iter=  2  -trace(H^{-1})=-2.390468e+01
[FW-A] iter=  3  -trace(H^{-1})=-2.779574e+01
[FW-A] iter=  4  -trace(H^{-1})=-2.353381e+01
[FW-A] iter=  5  -trace(H^{-1})=-2.456928e+01
[FW-A] iter=  6  -trace(H^{-1})=-2.643734e+01
[FW-A] iter=  7  -trace(H^{-1})=-2.688755e+01
[FW-A] iter=  8  -trace(H^{-1})=-2.940331e+01
[FW-A] iter=  9  -trace(H^{-1})=-3.049742e+01
[FW-A] iter= 10  -trace(H^{-1})=-3.224447e+01
[FW-A] iter= 11  -trace(H^{-1})=-3.096840e+01
[FW-A] iter= 12  -trace(H^{-1})=-2.918073e+01
[FW-A] iter= 13  -trace(H^{-1})=-3.062237e+01
[FW-A] iter= 14  -trace(H^{-1})=-3.066867e+01
[FW-A] iter= 15  -trace(H^{-1})=-2.507498e+01
[FW-A] iter= 16  -trace(H^{-1})=-2.284313e+01
[FW-A] iter= 17  -trace(H^{-1})=-1.934495e+01
[FW-A] iter= 18  -trace(H^{-1})=-1.790886e+01
[FW-A] iter= 19  -trace(H^{-1})=-1.764664e+01
[FW-A] iter= 20  -trace(H^{-1})=-1.732552e+01
[FW-A] iter= 21  -trace(H^{-1})=-1.721858e+01
[FW-A] iter= 22  -trace(H^{-1})=-1.819367e+01
[FW-A] iter= 23  -trace(H^{-1})=-1.806744e+01
[FW-A] iter= 24  -trace(H^{-1})=-1.796888e+01
[FW-A] iter= 25  -trace(H^{-1})=-1.746524e+01
[FW-A] iter= 26  -trace(H^{-1})=-1.757944e+01
[FW-A] iter= 27  -trace(H^{-1})=-1.686149e+01
[FW-A] iter= 28  -trace(H^{-1})=-1.655039e+01
[FW-A] iter= 29  -trace(H^{-1})=-1.658130e+01
[FW-A] iter= 30  -trace(H^{-1})=-1.666245e+01
[FW-A] iter= 31  -trace(H^{-1})=-1.684891e+01
[FW-A] iter= 32  -trace(H^{-1})=-1.710515e+01
[FW-A] iter= 33  -trace(H^{-1})=-1.750033e+01
[FW-A] iter= 34  -trace(H^{-1})=-1.757178e+01
[FW-A] iter= 35  -trace(H^{-1})=-1.695871e+01
[FW-A] iter= 36  -trace(H^{-1})=-1.702744e+01
[FW-A] iter= 37  -trace(H^{-1})=-1.663667e+01
[FW-A] iter= 38  -trace(H^{-1})=-1.644590e+01
[FW-A] iter= 39  -trace(H^{-1})=-1.649641e+01
[FW-A] iter= 40  -trace(H^{-1})=-1.690885e+01
[FW-A] iter= 41  -trace(H^{-1})=-1.730356e+01
[FW-A] iter= 42  -trace(H^{-1})=-1.761770e+01
[FW-A] iter= 43  -trace(H^{-1})=-1.733342e+01
[FW-A] iter= 44  -trace(H^{-1})=-1.715405e+01
[FW-A] iter= 45  -trace(H^{-1})=-1.728388e+01
[FW-A] iter= 46  -trace(H^{-1})=-1.783740e+01
[FW-A] iter= 47  -trace(H^{-1})=-1.806978e+01
[FW-A] iter= 48  -trace(H^{-1})=-1.824908e+01
[FW-A] iter= 49  -trace(H^{-1})=-1.699317e+01
[FW-A] iter= 50  -trace(H^{-1})=-1.636896e+01
[FW-A] iter= 51  -trace(H^{-1})=-1.585030e+01
[FW-A] iter= 52  -trace(H^{-1})=-1.537765e+01
[FW-A] iter= 53  -trace(H^{-1})=-1.496097e+01
[FW-A] iter= 54  -trace(H^{-1})=-1.458770e+01
[FW-A] iter= 55  -trace(H^{-1})=-1.425381e+01
[FW-A] iter= 56  -trace(H^{-1})=-1.395346e+01
[FW-A] iter= 57  -trace(H^{-1})=-1.368277e+01
[FW-A] iter= 58  -trace(H^{-1})=-1.343478e+01
[FW-A] iter= 59  -trace(H^{-1})=-1.320874e+01
[FW-A] iter= 60  -trace(H^{-1})=-1.300193e+01
[FW-A] iter= 61  -trace(H^{-1})=-1.281284e+01
[FW-A] iter= 62  -trace(H^{-1})=-1.263755e+01
[FW-A] iter= 63  -trace(H^{-1})=-1.247538e+01
[FW-A] iter= 64  -trace(H^{-1})=-1.232532e+01
[FW-A] iter= 65  -trace(H^{-1})=-1.218511e+01
[FW-A] iter= 66  -trace(H^{-1})=-1.205469e+01
[FW-A] iter= 67  -trace(H^{-1})=-1.193311e+01
[FW-A] iter= 68  -trace(H^{-1})=-1.181972e+01
[FW-A] iter= 69  -trace(H^{-1})=-1.171310e+01
[FW-A] iter= 70  -trace(H^{-1})=-1.161342e+01
[FW-A] iter= 71  -trace(H^{-1})=-1.151913e+01
[FW-A] iter= 72  -trace(H^{-1})=-1.143092e+01
[FW-A] iter= 73  -trace(H^{-1})=-1.134701e+01
[FW-A] iter= 74  -trace(H^{-1})=-1.126783e+01
[FW-A] iter= 75  -trace(H^{-1})=-1.119324e+01
[FW-A] iter= 76  -trace(H^{-1})=-1.112239e+01
[FW-A] iter= 77  -trace(H^{-1})=-1.105549e+01
[FW-A] iter= 78  -trace(H^{-1})=-1.099162e+01
[FW-A] iter= 79  -trace(H^{-1})=-1.093089e+01
[FW-A] iter= 80  -trace(H^{-1})=-1.087327e+01
[FW-A] iter= 81  -trace(H^{-1})=-1.081808e+01
[FW-A] iter= 82  -trace(H^{-1})=-1.076557e+01
[FW-A] iter= 83  -trace(H^{-1})=-1.071556e+01
[FW-A] iter= 84  -trace(H^{-1})=-1.066799e+01
[FW-A] iter= 85  -trace(H^{-1})=-1.062237e+01
[FW-A] iter= 86  -trace(H^{-1})=-1.057895e+01
[FW-A] iter= 87  -trace(H^{-1})=-1.053711e+01
[FW-A] iter= 88  -trace(H^{-1})=-1.049737e+01
[FW-A] iter= 89  -trace(H^{-1})=-1.045888e+01
[FW-A] iter= 90  -trace(H^{-1})=-1.042202e+01
[FW-A] iter= 91  -trace(H^{-1})=-1.038681e+01
[FW-A] iter= 92  -trace(H^{-1})=-1.035287e+01
[FW-A] iter= 93  -trace(H^{-1})=-1.032042e+01
[FW-A] iter= 94  -trace(H^{-1})=-1.028899e+01
[FW-A] iter= 95  -trace(H^{-1})=-1.025874e+01
[FW-A] iter= 96  -trace(H^{-1})=-1.022972e+01
[FW-A] iter= 97  -trace(H^{-1})=-1.020156e+01
[FW-A] iter= 98  -trace(H^{-1})=-1.017448e+01
[FW-A] iter= 99  -trace(H^{-1})=-1.014842e+01
[FW-A] iter=100  -trace(H^{-1})=-1.012339e+01
[FW-A] iter=101  -trace(H^{-1})=-1.009912e+01
[FW-A] iter=102  -trace(H^{-1})=-1.007584e+01
[FW-A] iter=103  -trace(H^{-1})=-1.005315e+01
[FW-A] iter=104  -trace(H^{-1})=-1.003125e+01
[FW-A] iter=105  -trace(H^{-1})=-1.001014e+01
[FW-A] iter=106  -trace(H^{-1})=-9.989692e+00
[FW-A] iter=107  -trace(H^{-1})=-9.969967e+00
[FW-A] iter=108  -trace(H^{-1})=-9.950770e+00
[FW-A] iter=109  -trace(H^{-1})=-9.932311e+00
[FW-A] iter=110  -trace(H^{-1})=-9.914260e+00
[FW-A] iter=111  -trace(H^{-1})=-9.896761e+00
[FW-A] iter=112  -trace(H^{-1})=-9.879881e+00
[FW-A] iter=113  -trace(H^{-1})=-9.863352e+00
[FW-A] iter=114  -trace(H^{-1})=-9.847354e+00
[FW-A] iter=115  -trace(H^{-1})=-9.831864e+00
[FW-A] iter=116  -trace(H^{-1})=-9.816918e+00
[FW-A] iter=117  -trace(H^{-1})=-9.802311e+00
[FW-A] iter=118  -trace(H^{-1})=-9.788241e+00
[FW-A] iter=119  -trace(H^{-1})=-9.774420e+00
[FW-A] iter=120  -trace(H^{-1})=-9.761005e+00
[FW-A] iter=121  -trace(H^{-1})=-9.748020e+00
[FW-A] iter=122  -trace(H^{-1})=-9.735358e+00
[FW-A] iter=123  -trace(H^{-1})=-9.723099e+00
[FW-A] iter=124  -trace(H^{-1})=-9.711084e+00
[FW-A] iter=125  -trace(H^{-1})=-9.699497e+00
[FW-A] iter=126  -trace(H^{-1})=-9.688083e+00
[FW-A] iter=127  -trace(H^{-1})=-9.676966e+00
[FW-A] iter=128  -trace(H^{-1})=-9.666211e+00
[FW-A] iter=129  -trace(H^{-1})=-9.655606e+00
[FW-A] iter=130  -trace(H^{-1})=-9.645299e+00
[FW-A] iter=131  -trace(H^{-1})=-9.635277e+00
[FW-A] iter=132  -trace(H^{-1})=-9.625584e+00
[FW-A] iter=133  -trace(H^{-1})=-9.616052e+00
[FW-A] iter=134  -trace(H^{-1})=-9.606852e+00
[FW-A] iter=135  -trace(H^{-1})=-9.597758e+00
[FW-A] iter=136  -trace(H^{-1})=-9.588896e+00
[FW-A] iter=137  -trace(H^{-1})=-9.580301e+00
[FW-A] iter=138  -trace(H^{-1})=-9.571873e+00
[FW-A] iter=139  -trace(H^{-1})=-9.563699e+00
[FW-A] iter=140  -trace(H^{-1})=-9.555641e+00
[FW-A] iter=141  -trace(H^{-1})=-9.547765e+00
[FW-A] iter=142  -trace(H^{-1})=-9.540102e+00
[FW-A] iter=143  -trace(H^{-1})=-9.532540e+00
[FW-A] iter=144  -trace(H^{-1})=-9.525170e+00
[FW-A] iter=145  -trace(H^{-1})=-9.517985e+00
[FW-A] iter=146  -trace(H^{-1})=-9.511000e+00
[FW-A] iter=147  -trace(H^{-1})=-9.504132e+00
[FW-A] iter=148  -trace(H^{-1})=-9.497469e+00
[FW-A] iter=149  -trace(H^{-1})=-9.490879e+00
[FW-A] iter=150  -trace(H^{-1})=-9.484439e+00
[FW-A] iter=151  -trace(H^{-1})=-9.478161e+00
[FW-A] iter=152  -trace(H^{-1})=-9.472011e+00
[FW-A] iter=153  -trace(H^{-1})=-9.466012e+00
[FW-A] iter=154  -trace(H^{-1})=-9.460101e+00
[FW-A] iter=155  -trace(H^{-1})=-9.454366e+00
[FW-A] iter=156  -trace(H^{-1})=-9.448681e+00
[FW-A] iter=157  -trace(H^{-1})=-9.443109e+00
[FW-A] iter=158  -trace(H^{-1})=-9.437686e+00
[FW-A] iter=159  -trace(H^{-1})=-9.432305e+00
[FW-A] iter=160  -trace(H^{-1})=-9.427049e+00
[FW-A] iter=161  -trace(H^{-1})=-9.421914e+00
[FW-A] iter=162  -trace(H^{-1})=-9.416921e+00
[FW-A] iter=163  -trace(H^{-1})=-9.411987e+00
[FW-A] iter=164  -trace(H^{-1})=-9.407203e+00
[FW-A] iter=165  -trace(H^{-1})=-9.402445e+00
[FW-A] iter=166  -trace(H^{-1})=-9.397786e+00
[FW-A] iter=167  -trace(H^{-1})=-9.393244e+00
[FW-A] iter=168  -trace(H^{-1})=-9.388775e+00
[FW-A] iter=169  -trace(H^{-1})=-9.384416e+00
[FW-A] iter=170  -trace(H^{-1})=-9.380100e+00
[FW-A] iter=171  -trace(H^{-1})=-9.375916e+00
[FW-A] iter=172  -trace(H^{-1})=-9.371747e+00
[FW-A] iter=173  -trace(H^{-1})=-9.367652e+00
[FW-A] iter=174  -trace(H^{-1})=-9.363669e+00
[FW-A] iter=175  -trace(H^{-1})=-9.359696e+00
[FW-A] iter=176  -trace(H^{-1})=-9.355808e+00
[FW-A] iter=177  -trace(H^{-1})=-9.352003e+00
[FW-A] iter=178  -trace(H^{-1})=-9.348306e+00
[FW-A] iter=179  -trace(H^{-1})=-9.344637e+00
[FW-A] iter=180  -trace(H^{-1})=-9.341082e+00
[FW-A] iter=181  -trace(H^{-1})=-9.337529e+00
[FW-A] iter=182  -trace(H^{-1})=-9.334044e+00
[FW-A] iter=183  -trace(H^{-1})=-9.330648e+00
[FW-A] iter=184  -trace(H^{-1})=-9.327293e+00
[FW-A] iter=185  -trace(H^{-1})=-9.324024e+00
[FW-A] iter=186  -trace(H^{-1})=-9.320772e+00
[FW-A] iter=187  -trace(H^{-1})=-9.317571e+00
[FW-A] iter=188  -trace(H^{-1})=-9.314443e+00
[FW-A] iter=189  -trace(H^{-1})=-9.311327e+00
[FW-A] iter=190  -trace(H^{-1})=-9.308273e+00
[FW-A] iter=191  -trace(H^{-1})=-9.305281e+00
[FW-A] iter=192  -trace(H^{-1})=-9.302362e+00
[FW-A] iter=193  -trace(H^{-1})=-9.299471e+00
[FW-A] iter=194  -trace(H^{-1})=-9.296657e+00
[FW-A] iter=195  -trace(H^{-1})=-9.293850e+00
[FW-A] iter=196  -trace(H^{-1})=-9.291090e+00
[FW-A] iter=197  -trace(H^{-1})=-9.288389e+00
[FW-A] iter=198  -trace(H^{-1})=-9.285729e+00
[FW-A] iter=199  -trace(H^{-1})=-9.283123e+00
[FW-A] iter=200  -trace(H^{-1})=-9.280538e+00
[FW-A] iter=201  -trace(H^{-1})=-9.278023e+00
[FW-A] iter=202  -trace(H^{-1})=-9.275509e+00
[FW-A] iter=203  -trace(H^{-1})=-9.273030e+00
[FW-A] iter=204  -trace(H^{-1})=-9.270611e+00
[FW-A] iter=205  -trace(H^{-1})=-9.268190e+00
[FW-A] iter=206  -trace(H^{-1})=-9.265815e+00
[FW-A] iter=207  -trace(H^{-1})=-9.263485e+00
[FW-A] iter=208  -trace(H^{-1})=-9.261216e+00
[FW-A] iter=209  -trace(H^{-1})=-9.258959e+00
[FW-A] iter=210  -trace(H^{-1})=-9.256766e+00
[FW-A] iter=211  -trace(H^{-1})=-9.254569e+00
[FW-A] iter=212  -trace(H^{-1})=-9.252406e+00
[FW-A] iter=213  -trace(H^{-1})=-9.250292e+00
[FW-A] iter=214  -trace(H^{-1})=-9.248203e+00
[FW-A] iter=215  -trace(H^{-1})=-9.246159e+00
[FW-A] iter=216  -trace(H^{-1})=-9.244122e+00
[FW-A] iter=217  -trace(H^{-1})=-9.242110e+00
[FW-A] iter=218  -trace(H^{-1})=-9.240138e+00
[FW-A] iter=219  -trace(H^{-1})=-9.238166e+00
[FW-A] iter=220  -trace(H^{-1})=-9.236232e+00
[FW-A] iter=221  -trace(H^{-1})=-9.234332e+00
[FW-A] iter=222  -trace(H^{-1})=-9.232475e+00
[FW-A] iter=223  -trace(H^{-1})=-9.230634e+00
[FW-A] iter=224  -trace(H^{-1})=-9.228835e+00
[FW-A] iter=225  -trace(H^{-1})=-9.227038e+00
[FW-A] iter=226  -trace(H^{-1})=-9.225297e+00
[FW-A] iter=227  -trace(H^{-1})=-9.223543e+00
[FW-A] iter=228  -trace(H^{-1})=-9.221814e+00
[FW-A] iter=229  -trace(H^{-1})=-9.220129e+00
[FW-A] iter=230  -trace(H^{-1})=-9.218433e+00
[FW-A] iter=231  -trace(H^{-1})=-9.216767e+00
[FW-A] iter=232  -trace(H^{-1})=-9.215131e+00
[FW-A] iter=233  -trace(H^{-1})=-9.213539e+00
[FW-A] iter=234  -trace(H^{-1})=-9.211946e+00
[FW-A] iter=235  -trace(H^{-1})=-9.210403e+00
[FW-A] iter=236  -trace(H^{-1})=-9.208846e+00
[FW-A] iter=237  -trace(H^{-1})=-9.207314e+00
[FW-A] iter=238  -trace(H^{-1})=-9.205818e+00
[FW-A] iter=239  -trace(H^{-1})=-9.204331e+00
[FW-A] iter=240  -trace(H^{-1})=-9.202882e+00
[FW-A] iter=241  -trace(H^{-1})=-9.201427e+00
[FW-A] iter=242  -trace(H^{-1})=-9.199990e+00
[FW-A] iter=243  -trace(H^{-1})=-9.198583e+00
[FW-A] iter=244  -trace(H^{-1})=-9.197171e+00
[FW-A] iter=245  -trace(H^{-1})=-9.195782e+00
[FW-A] iter=246  -trace(H^{-1})=-9.194418e+00
[FW-A] iter=247  -trace(H^{-1})=-9.193085e+00
[FW-A] iter=248  -trace(H^{-1})=-9.191756e+00
[FW-A] iter=249  -trace(H^{-1})=-9.190463e+00
[FW-A] iter=250  -trace(H^{-1})=-9.189162e+00
[FW-A] iter=251  -trace(H^{-1})=-9.187879e+00
[FW-A] iter=252  -trace(H^{-1})=-9.186622e+00
[FW-A] iter=253  -trace(H^{-1})=-9.185377e+00
[FW-A] iter=254  -trace(H^{-1})=-9.184157e+00
[FW-A] iter=255  -trace(H^{-1})=-9.182937e+00
[FW-A] iter=256  -trace(H^{-1})=-9.181752e+00
[FW-A] iter=257  -trace(H^{-1})=-9.180557e+00
[FW-A] iter=258  -trace(H^{-1})=-9.179375e+00
[FW-A] iter=259  -trace(H^{-1})=-9.178222e+00
[FW-A] iter=260  -trace(H^{-1})=-9.177057e+00
[FW-A] iter=261  -trace(H^{-1})=-9.175912e+00
[FW-A] iter=262  -trace(H^{-1})=-9.174786e+00
[FW-A] iter=263  -trace(H^{-1})=-9.173690e+00
[FW-A] iter=264  -trace(H^{-1})=-9.172592e+00
[FW-A] iter=265  -trace(H^{-1})=-9.171527e+00
[FW-A] iter=266  -trace(H^{-1})=-9.170450e+00
[FW-A] iter=267  -trace(H^{-1})=-9.169388e+00
[FW-A] iter=268  -trace(H^{-1})=-9.168350e+00
[FW-A] iter=269  -trace(H^{-1})=-9.167318e+00
[FW-A] iter=270  -trace(H^{-1})=-9.166309e+00
[FW-A] iter=271  -trace(H^{-1})=-9.165296e+00
[FW-A] iter=272  -trace(H^{-1})=-9.164292e+00
[FW-A] iter=273  -trace(H^{-1})=-9.163307e+00
[FW-A] iter=274  -trace(H^{-1})=-9.162316e+00
[FW-A] iter=275  -trace(H^{-1})=-9.161342e+00
[FW-A] iter=276  -trace(H^{-1})=-9.160383e+00
[FW-A] iter=277  -trace(H^{-1})=-9.159445e+00
[FW-A] iter=278  -trace(H^{-1})=-9.158511e+00
[FW-A] iter=279  -trace(H^{-1})=-9.157599e+00
[FW-A] iter=280  -trace(H^{-1})=-9.156681e+00
[FW-A] iter=281  -trace(H^{-1})=-9.155774e+00
[FW-A] iter=282  -trace(H^{-1})=-9.154883e+00
[FW-A] iter=283  -trace(H^{-1})=-9.153986e+00
[FW-A] iter=284  -trace(H^{-1})=-9.153104e+00
[FW-A] iter=285  -trace(H^{-1})=-9.152236e+00
[FW-A] iter=286  -trace(H^{-1})=-9.151386e+00
[FW-A] iter=287  -trace(H^{-1})=-9.150537e+00
[FW-A] iter=288  -trace(H^{-1})=-9.149710e+00
[FW-A] iter=289  -trace(H^{-1})=-9.148875e+00
[FW-A] iter=290  -trace(H^{-1})=-9.148071e+00
[FW-A] iter=291  -trace(H^{-1})=-9.147250e+00
[FW-A] iter=292  -trace(H^{-1})=-9.146442e+00
[FW-A] iter=293  -trace(H^{-1})=-9.145654e+00
[FW-A] iter=294  -trace(H^{-1})=-9.144866e+00
[FW-A] iter=295  -trace(H^{-1})=-9.144099e+00
[FW-A] iter=296  -trace(H^{-1})=-9.143324e+00
[FW-A] iter=297  -trace(H^{-1})=-9.142556e+00
[FW-A] iter=298  -trace(H^{-1})=-9.141805e+00
[FW-A] iter=299  -trace(H^{-1})=-9.141046e+00
  [fw-a] min_eig=1.6524e-01  heldout=1.5140  (2.7s)
[FW-D] Building 720 candidate information matrices...
Building FIM:   0%|          | 0/720 [00:00<?, ?candidate/s]Building FIM:  44%|████▍     | 320/720 [00:00<00:00, 1814.60candidate/s]Building FIM:  98%|█████████▊| 704/720 [00:00<00:00, 2154.78candidate/s]Building FIM: 100%|██████████| 720/720 [00:00<00:00, 2146.23candidate/s]
[FW-D] Done. Starting Frank-Wolfe D-optimal (select_k=15)...
[FW-D] Pre-extracting dense blocks (intr_dim=9, num_poses=720)...
[FW-D] Block extraction done. Starting iterations...
[FW-D] iter=  0  logdet=6.733916e+01
[FW-D] iter=  1  logdet=6.687757e+01
[FW-D] iter=  2  logdet=6.843135e+01
[FW-D] iter=  3  logdet=6.673732e+01
[FW-D] iter=  4  logdet=6.656665e+01
[FW-D] iter=  5  logdet=6.617137e+01
[FW-D] iter=  6  logdet=6.635105e+01
[FW-D] iter=  7  logdet=6.615100e+01
[FW-D] iter=  8  logdet=6.606751e+01
[FW-D] iter=  9  logdet=6.620048e+01
[FW-D] iter= 10  logdet=6.629869e+01
[FW-D] iter= 11  logdet=6.655596e+01
[FW-D] iter= 12  logdet=6.653102e+01
[FW-D] iter= 13  logdet=6.639287e+01
[FW-D] iter= 14  logdet=6.642352e+01
[FW-D] iter= 15  logdet=6.638772e+01
[FW-D] iter= 16  logdet=6.689812e+01
[FW-D] iter= 17  logdet=6.721230e+01
[FW-D] iter= 18  logdet=6.738010e+01
[FW-D] iter= 19  logdet=6.749350e+01
[FW-D] iter= 20  logdet=6.761004e+01
[FW-D] iter= 21  logdet=6.755425e+01
[FW-D] iter= 22  logdet=6.748758e+01
[FW-D] iter= 23  logdet=6.750241e+01
[FW-D] iter= 24  logdet=6.748375e+01
[FW-D] iter= 25  logdet=6.761900e+01
[FW-D] iter= 26  logdet=6.765688e+01
[FW-D] iter= 27  logdet=6.769817e+01
[FW-D] iter= 28  logdet=6.775875e+01
[FW-D] iter= 29  logdet=6.777360e+01
[FW-D] iter= 30  logdet=6.773496e+01
[FW-D] iter= 31  logdet=6.769434e+01
[FW-D] iter= 32  logdet=6.760822e+01
[FW-D] iter= 33  logdet=6.752075e+01
[FW-D] iter= 34  logdet=6.749383e+01
[FW-D] iter= 35  logdet=6.754024e+01
[FW-D] iter= 36  logdet=6.746333e+01
[FW-D] iter= 37  logdet=6.748737e+01
[FW-D] iter= 38  logdet=6.745338e+01
[FW-D] iter= 39  logdet=6.737397e+01
[FW-D] iter= 40  logdet=6.732070e+01
[FW-D] iter= 41  logdet=6.727423e+01
[FW-D] iter= 42  logdet=6.723222e+01
[FW-D] iter= 43  logdet=6.726340e+01
[FW-D] iter= 44  logdet=6.727663e+01
[FW-D] iter= 45  logdet=6.720657e+01
[FW-D] iter= 46  logdet=6.707096e+01
[FW-D] iter= 47  logdet=6.696198e+01
[FW-D] iter= 48  logdet=6.683059e+01
[FW-D] iter= 49  logdet=6.712544e+01
[FW-D] iter= 50  logdet=6.737273e+01
[FW-D] iter= 51  logdet=6.758422e+01
[FW-D] iter= 52  logdet=6.776817e+01
[FW-D] iter= 53  logdet=6.792964e+01
[FW-D] iter= 54  logdet=6.807280e+01
[FW-D] iter= 55  logdet=6.820156e+01
[FW-D] iter= 56  logdet=6.831911e+01
[FW-D] iter= 57  logdet=6.842672e+01
[FW-D] iter= 58  logdet=6.852732e+01
[FW-D] iter= 59  logdet=6.862131e+01
[FW-D] iter= 60  logdet=6.870967e+01
[FW-D] iter= 61  logdet=6.879267e+01
[FW-D] iter= 62  logdet=6.887091e+01
[FW-D] iter= 63  logdet=6.894461e+01
[FW-D] iter= 64  logdet=6.901411e+01
[FW-D] iter= 65  logdet=6.907994e+01
[FW-D] iter= 66  logdet=6.914218e+01
[FW-D] iter= 67  logdet=6.920123e+01
[FW-D] iter= 68  logdet=6.925731e+01
[FW-D] iter= 69  logdet=6.931056e+01
[FW-D] iter= 70  logdet=6.936117e+01
[FW-D] iter= 71  logdet=6.940940e+01
[FW-D] iter= 72  logdet=6.945535e+01
[FW-D] iter= 73  logdet=6.949910e+01
[FW-D] iter= 74  logdet=6.954090e+01
[FW-D] iter= 75  logdet=6.958085e+01
[FW-D] iter= 76  logdet=6.961902e+01
[FW-D] iter= 77  logdet=6.965555e+01
[FW-D] iter= 78  logdet=6.969055e+01
[FW-D] iter= 79  logdet=6.972407e+01
[FW-D] iter= 80  logdet=6.975622e+01
[FW-D] iter= 81  logdet=6.978704e+01
[FW-D] iter= 82  logdet=6.981666e+01
[FW-D] iter= 83  logdet=6.984507e+01
[FW-D] iter= 84  logdet=6.987242e+01
[FW-D] iter= 85  logdet=6.989868e+01
[FW-D] iter= 86  logdet=6.992396e+01
[FW-D] iter= 87  logdet=6.994829e+01
[FW-D] iter= 88  logdet=6.997177e+01
[FW-D] iter= 89  logdet=6.999437e+01
[FW-D] iter= 90  logdet=7.001616e+01
[FW-D] iter= 91  logdet=7.003719e+01
[FW-D] iter= 92  logdet=7.005747e+01
[FW-D] iter= 93  logdet=7.007708e+01
[FW-D] iter= 94  logdet=7.009599e+01
[FW-D] iter= 95  logdet=7.011426e+01
[FW-D] iter= 96  logdet=7.013195e+01
[FW-D] iter= 97  logdet=7.014903e+01
[FW-D] iter= 98  logdet=7.016558e+01
[FW-D] iter= 99  logdet=7.018160e+01
[FW-D] iter=100  logdet=7.019712e+01
[FW-D] iter=101  logdet=7.021212e+01
[FW-D] iter=102  logdet=7.022669e+01
[FW-D] iter=103  logdet=7.024080e+01
[FW-D] iter=104  logdet=7.025450e+01
[FW-D] iter=105  logdet=7.026775e+01
[FW-D] iter=106  logdet=7.028062e+01
[FW-D] iter=107  logdet=7.029313e+01
[FW-D] iter=108  logdet=7.030527e+01
[FW-D] iter=109  logdet=7.031706e+01
[FW-D] iter=110  logdet=7.032852e+01
[FW-D] iter=111  logdet=7.033964e+01
[FW-D] iter=112  logdet=7.035046e+01
[FW-D] iter=113  logdet=7.036098e+01
[FW-D] iter=114  logdet=7.037120e+01
[FW-D] iter=115  logdet=7.038115e+01
[FW-D] iter=116  logdet=7.039083e+01
[FW-D] iter=117  logdet=7.040025e+01
[FW-D] iter=118  logdet=7.040942e+01
[FW-D] iter=119  logdet=7.041837e+01
[FW-D] iter=120  logdet=7.042708e+01
[FW-D] iter=121  logdet=7.043557e+01
[FW-D] iter=122  logdet=7.044383e+01
[FW-D] iter=123  logdet=7.045190e+01
[FW-D] iter=124  logdet=7.045975e+01
[FW-D] iter=125  logdet=7.046743e+01
[FW-D] iter=126  logdet=7.047489e+01
[FW-D] iter=127  logdet=7.048218e+01
[FW-D] iter=128  logdet=7.048929e+01
[FW-D] iter=129  logdet=7.049625e+01
[FW-D] iter=130  logdet=7.050303e+01
[FW-D] iter=131  logdet=7.050966e+01
[FW-D] iter=132  logdet=7.051611e+01
[FW-D] iter=133  logdet=7.052244e+01
[FW-D] iter=134  logdet=7.052861e+01
[FW-D] iter=135  logdet=7.053463e+01
[FW-D] iter=136  logdet=7.054052e+01
[FW-D] iter=137  logdet=7.054627e+01
[FW-D] iter=138  logdet=7.055191e+01
[FW-D] iter=139  logdet=7.055741e+01
[FW-D] iter=140  logdet=7.056281e+01
[FW-D] iter=141  logdet=7.056807e+01
[FW-D] iter=142  logdet=7.057324e+01
[FW-D] iter=143  logdet=7.057828e+01
[FW-D] iter=144  logdet=7.058322e+01
[FW-D] iter=145  logdet=7.058805e+01
[FW-D] iter=146  logdet=7.059279e+01
[FW-D] iter=147  logdet=7.059742e+01
[FW-D] iter=148  logdet=7.060196e+01
[FW-D] iter=149  logdet=7.060641e+01
[FW-D] iter=150  logdet=7.061076e+01
[FW-D] iter=151  logdet=7.061502e+01
[FW-D] iter=152  logdet=7.061920e+01
[FW-D] iter=153  logdet=7.062329e+01
[FW-D] iter=154  logdet=7.062730e+01
[FW-D] iter=155  logdet=7.063124e+01
[FW-D] iter=156  logdet=7.063509e+01
[FW-D] iter=157  logdet=7.063887e+01
[FW-D] iter=158  logdet=7.064258e+01
[FW-D] iter=159  logdet=7.064622e+01
[FW-D] iter=160  logdet=7.064979e+01
[FW-D] iter=161  logdet=7.065329e+01
[FW-D] iter=162  logdet=7.065673e+01
[FW-D] iter=163  logdet=7.066010e+01
[FW-D] iter=164  logdet=7.066341e+01
[FW-D] iter=165  logdet=7.066665e+01
[FW-D] iter=166  logdet=7.066984e+01
[FW-D] iter=167  logdet=7.067297e+01
[FW-D] iter=168  logdet=7.067604e+01
[FW-D] iter=169  logdet=7.067906e+01
[FW-D] iter=170  logdet=7.068202e+01
[FW-D] iter=171  logdet=7.068493e+01
[FW-D] iter=172  logdet=7.068779e+01
[FW-D] iter=173  logdet=7.069060e+01
[FW-D] iter=174  logdet=7.069336e+01
[FW-D] iter=175  logdet=7.069606e+01
[FW-D] iter=176  logdet=7.069872e+01
[FW-D] iter=177  logdet=7.070135e+01
[FW-D] iter=178  logdet=7.070392e+01
[FW-D] iter=179  logdet=7.070645e+01
[FW-D] iter=180  logdet=7.070893e+01
[FW-D] iter=181  logdet=7.071138e+01
[FW-D] iter=182  logdet=7.071378e+01
[FW-D] iter=183  logdet=7.071615e+01
[FW-D] iter=184  logdet=7.071847e+01
[FW-D] iter=185  logdet=7.072077e+01
[FW-D] iter=186  logdet=7.072301e+01
[FW-D] iter=187  logdet=7.072523e+01
[FW-D] iter=188  logdet=7.072740e+01
[FW-D] iter=189  logdet=7.072955e+01
[FW-D] iter=190  logdet=7.073166e+01
[FW-D] iter=191  logdet=7.073373e+01
[FW-D] iter=192  logdet=7.073577e+01
[FW-D] iter=193  logdet=7.073778e+01
[FW-D] iter=194  logdet=7.073976e+01
[FW-D] iter=195  logdet=7.074172e+01
[FW-D] iter=196  logdet=7.074363e+01
[FW-D] iter=197  logdet=7.074552e+01
[FW-D] iter=198  logdet=7.074738e+01
[FW-D] iter=199  logdet=7.074921e+01
[FW-D] iter=200  logdet=7.075101e+01
[FW-D] iter=201  logdet=7.075279e+01
[FW-D] iter=202  logdet=7.075454e+01
[FW-D] iter=203  logdet=7.075626e+01
[FW-D] iter=204  logdet=7.075796e+01
[FW-D] iter=205  logdet=7.075963e+01
[FW-D] iter=206  logdet=7.076128e+01
[FW-D] iter=207  logdet=7.076290e+01
[FW-D] iter=208  logdet=7.076451e+01
[FW-D] iter=209  logdet=7.076608e+01
[FW-D] iter=210  logdet=7.076763e+01
[FW-D] iter=211  logdet=7.076917e+01
[FW-D] iter=212  logdet=7.077068e+01
[FW-D] iter=213  logdet=7.077217e+01
[FW-D] iter=214  logdet=7.077363e+01
[FW-D] iter=215  logdet=7.077508e+01
[FW-D] iter=216  logdet=7.077651e+01
[FW-D] iter=217  logdet=7.077792e+01
[FW-D] iter=218  logdet=7.077930e+01
[FW-D] iter=219  logdet=7.078067e+01
[FW-D] iter=220  logdet=7.078202e+01
[FW-D] iter=221  logdet=7.078335e+01
[FW-D] iter=222  logdet=7.078466e+01
[FW-D] iter=223  logdet=7.078596e+01
[FW-D] iter=224  logdet=7.078724e+01
[FW-D] iter=225  logdet=7.078850e+01
[FW-D] iter=226  logdet=7.078974e+01
[FW-D] iter=227  logdet=7.079096e+01
[FW-D] iter=228  logdet=7.079218e+01
[FW-D] iter=229  logdet=7.079337e+01
[FW-D] iter=230  logdet=7.079455e+01
[FW-D] iter=231  logdet=7.079571e+01
[FW-D] iter=232  logdet=7.079686e+01
[FW-D] iter=233  logdet=7.079800e+01
[FW-D] iter=234  logdet=7.079912e+01
[FW-D] iter=235  logdet=7.080022e+01
[FW-D] iter=236  logdet=7.080131e+01
[FW-D] iter=237  logdet=7.080239e+01
[FW-D] iter=238  logdet=7.080345e+01
[FW-D] iter=239  logdet=7.080450e+01
[FW-D] iter=240  logdet=7.080554e+01
[FW-D] iter=241  logdet=7.080656e+01
[FW-D] iter=242  logdet=7.080757e+01
[FW-D] iter=243  logdet=7.080857e+01
[FW-D] iter=244  logdet=7.080956e+01
[FW-D] iter=245  logdet=7.081053e+01
[FW-D] iter=246  logdet=7.081149e+01
[FW-D] iter=247  logdet=7.081244e+01
[FW-D] iter=248  logdet=7.081338e+01
[FW-D] iter=249  logdet=7.081430e+01
[FW-D] iter=250  logdet=7.081522e+01
[FW-D] iter=251  logdet=7.081613e+01
[FW-D] iter=252  logdet=7.081702e+01
[FW-D] iter=253  logdet=7.081790e+01
[FW-D] iter=254  logdet=7.081878e+01
[FW-D] iter=255  logdet=7.081964e+01
[FW-D] iter=256  logdet=7.082049e+01
[FW-D] iter=257  logdet=7.082133e+01
[FW-D] iter=258  logdet=7.082216e+01
[FW-D] iter=259  logdet=7.082299e+01
[FW-D] iter=260  logdet=7.082380e+01
[FW-D] iter=261  logdet=7.082460e+01
[FW-D] iter=262  logdet=7.082540e+01
[FW-D] iter=263  logdet=7.082618e+01
[FW-D] iter=264  logdet=7.082696e+01
[FW-D] iter=265  logdet=7.082773e+01
[FW-D] iter=266  logdet=7.082849e+01
[FW-D] iter=267  logdet=7.082924e+01
[FW-D] iter=268  logdet=7.082998e+01
[FW-D] iter=269  logdet=7.083071e+01
[FW-D] iter=270  logdet=7.083144e+01
[FW-D] iter=271  logdet=7.083215e+01
[FW-D] iter=272  logdet=7.083287e+01
[FW-D] iter=273  logdet=7.083357e+01
[FW-D] iter=274  logdet=7.083426e+01
[FW-D] iter=275  logdet=7.083495e+01
[FW-D] iter=276  logdet=7.083563e+01
[FW-D] iter=277  logdet=7.083630e+01
[FW-D] iter=278  logdet=7.083696e+01
[FW-D] iter=279  logdet=7.083762e+01
[FW-D] iter=280  logdet=7.083827e+01
[FW-D] iter=281  logdet=7.083891e+01
[FW-D] iter=282  logdet=7.083955e+01
[FW-D] iter=283  logdet=7.084018e+01
[FW-D] iter=284  logdet=7.084080e+01
[FW-D] iter=285  logdet=7.084142e+01
[FW-D] iter=286  logdet=7.084203e+01
[FW-D] iter=287  logdet=7.084263e+01
[FW-D] iter=288  logdet=7.084322e+01
[FW-D] iter=289  logdet=7.084381e+01
[FW-D] iter=290  logdet=7.084440e+01
[FW-D] iter=291  logdet=7.084498e+01
[FW-D] iter=292  logdet=7.084555e+01
[FW-D] iter=293  logdet=7.084612e+01
[FW-D] iter=294  logdet=7.084668e+01
[FW-D] iter=295  logdet=7.084724e+01
[FW-D] iter=296  logdet=7.084778e+01
[FW-D] iter=297  logdet=7.084832e+01
[FW-D] iter=298  logdet=7.084887e+01
[FW-D] iter=299  logdet=7.084940e+01
  [fw-d] min_eig=1.4111e-01  heldout=2.3832  (2.8s)

============================================================
K = 20  (held-out = 700 frames)
  [random] 25 trials...
  [coverage] min_eig=7.8417e-02  heldout=3.5277  (0.0s)
  [a-optimal] min_eig=2.1460e-01  heldout=1.7818  (4.4s)
  [d-optimal] min_eig=1.7443e-01  heldout=2.4989  (4.3s)
  [greedy-e] min_eig=2.1667e-01  heldout=2.0017  (4.5s)
[FW] Building 720 candidate information matrices...
Building FIM:   0%|          | 0/720 [00:00<?, ?candidate/s]Building FIM:  27%|██▋       | 192/720 [00:00<00:00, 1233.27candidate/s]Building FIM:  98%|█████████▊| 704/720 [00:00<00:00, 2909.22candidate/s]Building FIM: 100%|██████████| 720/720 [00:00<00:00, 2674.11candidate/s]
[FW] Done. Starting Frank-Wolfe optimization (select_k=20)...
[FW] Pre-extracting dense blocks (intr_dim=9, num_poses=720)...
[FW] Block extraction done. Starting iterations...
[FW] iter=  0  min_eig=1.030288e-01
[FW] iter=  1  min_eig=2.352855e-03
[FW] iter=  2  min_eig=6.375319e-02
[FW] iter=  3  min_eig=7.163350e-02
[FW] iter=  4  min_eig=7.906861e-02
[FW] iter=  5  min_eig=6.911672e-02
[FW] iter=  6  min_eig=6.096587e-02
[FW] iter=  7  min_eig=5.585477e-02
[FW] iter=  8  min_eig=5.061615e-02
[FW] iter=  9  min_eig=5.654313e-02
[FW] iter= 10  min_eig=5.276765e-02
[FW] iter= 11  min_eig=5.329768e-02
[FW] iter= 12  min_eig=7.504683e-02
[FW] iter= 13  min_eig=9.299531e-02
[FW] iter= 14  min_eig=9.571215e-02
[FW] iter= 15  min_eig=9.799836e-02
[FW] iter= 16  min_eig=9.677229e-02
[FW] iter= 17  min_eig=9.397098e-02
[FW] iter= 18  min_eig=9.490686e-02
[FW] iter= 19  min_eig=9.874989e-02
[FW] iter= 20  min_eig=1.020792e-01
[FW] iter= 21  min_eig=1.051378e-01
[FW] iter= 22  min_eig=1.064927e-01
[FW] iter= 23  min_eig=1.043795e-01
[FW] iter= 24  min_eig=1.016122e-01
[FW] iter= 25  min_eig=9.975911e-02
[FW] iter= 26  min_eig=1.025199e-01
[FW] iter= 27  min_eig=1.036213e-01
[FW] iter= 28  min_eig=1.066646e-01
[FW] iter= 29  min_eig=1.077622e-01
[FW] iter= 30  min_eig=1.056194e-01
[FW] iter= 31  min_eig=9.992589e-02
[FW] iter= 32  min_eig=1.003792e-01
[FW] iter= 33  min_eig=1.020995e-01
[FW] iter= 34  min_eig=1.000083e-01
[FW] iter= 35  min_eig=9.598833e-02
[FW] iter= 36  min_eig=9.501779e-02
[FW] iter= 37  min_eig=1.066040e-01
[FW] iter= 38  min_eig=1.124506e-01
[FW] iter= 39  min_eig=1.177891e-01
[FW] iter= 40  min_eig=1.226671e-01
[FW] iter= 41  min_eig=1.273654e-01
[FW] iter= 42  min_eig=1.315622e-01
[FW] iter= 43  min_eig=1.356106e-01
[FW] iter= 44  min_eig=1.392472e-01
[FW] iter= 45  min_eig=1.427634e-01
[FW] iter= 46  min_eig=1.460693e-01
[FW] iter= 47  min_eig=1.492117e-01
[FW] iter= 48  min_eig=1.521784e-01
[FW] iter= 49  min_eig=1.549603e-01
[FW] iter= 50  min_eig=1.575616e-01
[FW] iter= 51  min_eig=1.600273e-01
[FW] iter= 52  min_eig=1.623481e-01
[FW] iter= 53  min_eig=1.645355e-01
[FW] iter= 54  min_eig=1.666011e-01
[FW] iter= 55  min_eig=1.685536e-01
[FW] iter= 56  min_eig=1.703927e-01
[FW] iter= 57  min_eig=1.721478e-01
[FW] iter= 58  min_eig=1.738111e-01
[FW] iter= 59  min_eig=1.753896e-01
[FW] iter= 60  min_eig=1.768888e-01
[FW] iter= 61  min_eig=1.783147e-01
[FW] iter= 62  min_eig=1.796636e-01
[FW] iter= 63  min_eig=1.809594e-01
[FW] iter= 64  min_eig=1.821934e-01
[FW] iter= 65  min_eig=1.833705e-01
[FW] iter= 66  min_eig=1.844936e-01
[FW] iter= 67  min_eig=1.855669e-01
[FW] iter= 68  min_eig=1.865925e-01
[FW] iter= 69  min_eig=1.875691e-01
[FW] iter= 70  min_eig=1.885109e-01
[FW] iter= 71  min_eig=1.894121e-01
[FW] iter= 72  min_eig=1.902757e-01
[FW] iter= 73  min_eig=1.911035e-01
[FW] iter= 74  min_eig=1.918980e-01
[FW] iter= 75  min_eig=1.926553e-01
[FW] iter= 76  min_eig=1.933908e-01
[FW] iter= 77  min_eig=1.940964e-01
[FW] iter= 78  min_eig=1.947746e-01
[FW] iter= 79  min_eig=1.954269e-01
[FW] iter= 80  min_eig=1.960548e-01
[FW] iter= 81  min_eig=1.966590e-01
[FW] iter= 82  min_eig=1.972391e-01
[FW] iter= 83  min_eig=1.978023e-01
[FW] iter= 84  min_eig=1.983447e-01
[FW] iter= 85  min_eig=1.988679e-01
[FW] iter= 86  min_eig=1.993726e-01
[FW] iter= 87  min_eig=1.998561e-01
[FW] iter= 88  min_eig=2.003286e-01
[FW] iter= 89  min_eig=2.007843e-01
[FW] iter= 90  min_eig=2.012253e-01
[FW] iter= 91  min_eig=2.016513e-01
[FW] iter= 92  min_eig=2.020633e-01
[FW] iter= 93  min_eig=2.024620e-01
[FW] iter= 94  min_eig=2.028452e-01
[FW] iter= 95  min_eig=2.032205e-01
[FW] iter= 96  min_eig=2.035831e-01
[FW] iter= 97  min_eig=2.039349e-01
[FW] iter= 98  min_eig=2.042756e-01
[FW] iter= 99  min_eig=2.046057e-01
[FW] iter=100  min_eig=2.049237e-01
[FW] iter=101  min_eig=2.052356e-01
[FW] iter=102  min_eig=2.055381e-01
[FW] iter=103  min_eig=2.058315e-01
[FW] iter=104  min_eig=2.061166e-01
[FW] iter=105  min_eig=2.063933e-01
[FW] iter=106  min_eig=2.066620e-01
[FW] iter=107  min_eig=2.069216e-01
[FW] iter=108  min_eig=2.071766e-01
[FW] iter=109  min_eig=2.074242e-01
[FW] iter=110  min_eig=2.076650e-01
[FW] iter=111  min_eig=2.078991e-01
[FW] iter=112  min_eig=2.081271e-01
[FW] iter=113  min_eig=2.083466e-01
[FW] iter=114  min_eig=2.085636e-01
[FW] iter=115  min_eig=2.087744e-01
[FW] iter=116  min_eig=2.089798e-01
[FW] iter=117  min_eig=2.091797e-01
[FW] iter=118  min_eig=2.093745e-01
[FW] iter=119  min_eig=2.095643e-01
[FW] iter=120  min_eig=2.097478e-01
[FW] iter=121  min_eig=2.099292e-01
[FW] iter=122  min_eig=2.101056e-01
[FW] iter=123  min_eig=2.102778e-01
[FW] iter=124  min_eig=2.104456e-01
[FW] iter=125  min_eig=2.106093e-01
[FW] iter=126  min_eig=2.107676e-01
[FW] iter=127  min_eig=2.109244e-01
[FW] iter=128  min_eig=2.110772e-01
[FW] iter=129  min_eig=2.112264e-01
[FW] iter=130  min_eig=2.113720e-01
[FW] iter=131  min_eig=2.115143e-01
[FW] iter=132  min_eig=2.116532e-01
[FW] iter=133  min_eig=2.117878e-01
[FW] iter=134  min_eig=2.119213e-01
[FW] iter=135  min_eig=2.120515e-01
[FW] iter=136  min_eig=2.121788e-01
[FW] iter=137  min_eig=2.123031e-01
[FW] iter=138  min_eig=2.124248e-01
[FW] iter=139  min_eig=2.125426e-01
[FW] iter=140  min_eig=2.126596e-01
[FW] iter=141  min_eig=2.127737e-01
[FW] iter=142  min_eig=2.128856e-01
[FW] iter=143  min_eig=2.129950e-01
[FW] iter=144  min_eig=2.131020e-01
[FW] iter=145  min_eig=2.132055e-01
[FW] iter=146  min_eig=2.133088e-01
[FW] iter=147  min_eig=2.134096e-01
[FW] iter=148  min_eig=2.135084e-01
[FW] iter=149  min_eig=2.136050e-01
[FW] iter=150  min_eig=2.136997e-01
[FW] iter=151  min_eig=2.137925e-01
[FW] iter=152  min_eig=2.138824e-01
[FW] iter=153  min_eig=2.139721e-01
[FW] iter=154  min_eig=2.140598e-01
[FW] iter=155  min_eig=2.141458e-01
[FW] iter=156  min_eig=2.142299e-01
[FW] iter=157  min_eig=2.143125e-01
[FW] iter=158  min_eig=2.143924e-01
[FW] iter=159  min_eig=2.144723e-01
[FW] iter=160  min_eig=2.145505e-01
[FW] iter=161  min_eig=2.146272e-01
[FW] iter=162  min_eig=2.147025e-01
[FW] iter=163  min_eig=2.147763e-01
[FW] iter=164  min_eig=2.148486e-01
[FW] iter=165  min_eig=2.149189e-01
[FW] iter=166  min_eig=2.149891e-01
[FW] iter=167  min_eig=2.150578e-01
[FW] iter=168  min_eig=2.151253e-01
[FW] iter=169  min_eig=2.151915e-01
[FW] iter=170  min_eig=2.152566e-01
[FW] iter=171  min_eig=2.153194e-01
[FW] iter=172  min_eig=2.153826e-01
[FW] iter=173  min_eig=2.154444e-01
[FW] iter=174  min_eig=2.155052e-01
[FW] iter=175  min_eig=2.155648e-01
[FW] iter=176  min_eig=2.156235e-01
[FW] iter=177  min_eig=2.156810e-01
[FW] iter=178  min_eig=2.157369e-01
[FW] iter=179  min_eig=2.157930e-01
[FW] iter=180  min_eig=2.158478e-01
[FW] iter=181  min_eig=2.159018e-01
[FW] iter=182  min_eig=2.159547e-01
[FW] iter=183  min_eig=2.160069e-01
[FW] iter=184  min_eig=2.160573e-01
[FW] iter=185  min_eig=2.161081e-01
[FW] iter=186  min_eig=2.161579e-01
[FW] iter=187  min_eig=2.162068e-01
[FW] iter=188  min_eig=2.162549e-01
[FW] iter=189  min_eig=2.163022e-01
[FW] iter=190  min_eig=2.163487e-01
[FW] iter=191  min_eig=2.163939e-01
[FW] iter=192  min_eig=2.164393e-01
[FW] iter=193  min_eig=2.164839e-01
[FW] iter=194  min_eig=2.165277e-01
[FW] iter=195  min_eig=2.165708e-01
[FW] iter=196  min_eig=2.166132e-01
[FW] iter=197  min_eig=2.166542e-01
[FW] iter=198  min_eig=2.166957e-01
[FW] iter=199  min_eig=2.167363e-01
[FW] iter=200  min_eig=2.167763e-01
[FW] iter=201  min_eig=2.168156e-01
[FW] iter=202  min_eig=2.168544e-01
[FW] iter=203  min_eig=2.168925e-01
[FW] iter=204  min_eig=2.169296e-01
[FW] iter=205  min_eig=2.169669e-01
[FW] iter=206  min_eig=2.170035e-01
[FW] iter=207  min_eig=2.170396e-01
[FW] iter=208  min_eig=2.170751e-01
[FW] iter=209  min_eig=2.171100e-01
[FW] iter=210  min_eig=2.171440e-01
[FW] iter=211  min_eig=2.171782e-01
[FW] iter=212  min_eig=2.172117e-01
[FW] iter=213  min_eig=2.172449e-01
[FW] iter=214  min_eig=2.172775e-01
[FW] iter=215  min_eig=2.173096e-01
[FW] iter=216  min_eig=2.173413e-01
[FW] iter=217  min_eig=2.173720e-01
[FW] iter=218  min_eig=2.174031e-01
[FW] iter=219  min_eig=2.174335e-01
[FW] iter=220  min_eig=2.174636e-01
[FW] iter=221  min_eig=2.174932e-01
[FW] iter=222  min_eig=2.175223e-01
[FW] iter=223  min_eig=2.175506e-01
[FW] iter=224  min_eig=2.175792e-01
[FW] iter=225  min_eig=2.176073e-01
[FW] iter=226  min_eig=2.176351e-01
[FW] iter=227  min_eig=2.176624e-01
[FW] iter=228  min_eig=2.176893e-01
[FW] iter=229  min_eig=2.177154e-01
[FW] iter=230  min_eig=2.177418e-01
[FW] iter=231  min_eig=2.177678e-01
[FW] iter=232  min_eig=2.177934e-01
[FW] iter=233  min_eig=2.178187e-01
[FW] iter=234  min_eig=2.178436e-01
[FW] iter=235  min_eig=2.178682e-01
[FW] iter=236  min_eig=2.178920e-01
[FW] iter=237  min_eig=2.179162e-01
[FW] iter=238  min_eig=2.179400e-01
[FW] iter=239  min_eig=2.179634e-01
[FW] iter=240  min_eig=2.179865e-01
[FW] iter=241  min_eig=2.180093e-01
[FW] iter=242  min_eig=2.180318e-01
[FW] iter=243  min_eig=2.180537e-01
[FW] iter=244  min_eig=2.180758e-01
[FW] iter=245  min_eig=2.180976e-01
[FW] iter=246  min_eig=2.181191e-01
[FW] iter=247  min_eig=2.181403e-01
[FW] iter=248  min_eig=2.181611e-01
[FW] iter=249  min_eig=2.181818e-01
[FW] iter=250  min_eig=2.182023e-01
[FW] iter=251  min_eig=2.182224e-01
[FW] iter=252  min_eig=2.182420e-01
[FW] iter=253  min_eig=2.182619e-01
[FW] iter=254  min_eig=2.182814e-01
[FW] iter=255  min_eig=2.183007e-01
[FW] iter=256  min_eig=2.183198e-01
[FW] iter=257  min_eig=2.183385e-01
[FW] iter=258  min_eig=2.183567e-01
[FW] iter=259  min_eig=2.183752e-01
[FW] iter=260  min_eig=2.183935e-01
[FW] iter=261  min_eig=2.184115e-01
[FW] iter=262  min_eig=2.184293e-01
[FW] iter=263  min_eig=2.184468e-01
[FW] iter=264  min_eig=2.184642e-01
[FW] iter=265  min_eig=2.184810e-01
[FW] iter=266  min_eig=2.184981e-01
[FW] iter=267  min_eig=2.185149e-01
[FW] iter=268  min_eig=2.185315e-01
[FW] iter=269  min_eig=2.185479e-01
[FW] iter=270  min_eig=2.185642e-01
[FW] iter=271  min_eig=2.185802e-01
[FW] iter=272  min_eig=2.185957e-01
[FW] iter=273  min_eig=2.186116e-01
[FW] iter=274  min_eig=2.186271e-01
[FW] iter=275  min_eig=2.186425e-01
[FW] iter=276  min_eig=2.186577e-01
[FW] iter=277  min_eig=2.186727e-01
[FW] iter=278  min_eig=2.186873e-01
[FW] iter=279  min_eig=2.187021e-01
[FW] iter=280  min_eig=2.187167e-01
[FW] iter=281  min_eig=2.187311e-01
[FW] iter=282  min_eig=2.187454e-01
[FW] iter=283  min_eig=2.187594e-01
[FW] iter=284  min_eig=2.187730e-01
[FW] iter=285  min_eig=2.187869e-01
[FW] iter=286  min_eig=2.188006e-01
[FW] iter=287  min_eig=2.188142e-01
[FW] iter=288  min_eig=2.188276e-01
[FW] iter=289  min_eig=2.188408e-01
[FW] iter=290  min_eig=2.188539e-01
[FW] iter=291  min_eig=2.188665e-01
[FW] iter=292  min_eig=2.188795e-01
[FW] iter=293  min_eig=2.188922e-01
[FW] iter=294  min_eig=2.189048e-01
[FW] iter=295  min_eig=2.189173e-01
[FW] iter=296  min_eig=2.189296e-01
[FW] iter=297  min_eig=2.189417e-01
[FW] iter=298  min_eig=2.189536e-01
[FW] iter=299  min_eig=2.189656e-01
  [fw-e] min_eig=2.2020e-01  heldout=2.4043  (2.7s)
[FW-A] Building 720 candidate information matrices...
Building FIM:   0%|          | 0/720 [00:00<?, ?candidate/s]Building FIM:  98%|█████████▊| 704/720 [00:00<00:00, 4772.09candidate/s]Building FIM: 100%|██████████| 720/720 [00:00<00:00, 4869.87candidate/s]
[FW-A] Done. Starting Frank-Wolfe A-optimal (select_k=20)...
[FW-A] Pre-extracting dense blocks (intr_dim=9, num_poses=720)...
[FW-A] Block extraction done. Starting iterations...
[FW-A] iter=  0  -trace(H^{-1})=-1.307925e+01
[FW-A] iter=  1  -trace(H^{-1})=-4.269930e+02
[FW-A] iter=  2  -trace(H^{-1})=-1.942301e+01
[FW-A] iter=  3  -trace(H^{-1})=-1.831713e+01
[FW-A] iter=  4  -trace(H^{-1})=-1.654081e+01
[FW-A] iter=  5  -trace(H^{-1})=-1.732957e+01
[FW-A] iter=  6  -trace(H^{-1})=-1.865241e+01
[FW-A] iter=  7  -trace(H^{-1})=-1.939111e+01
[FW-A] iter=  8  -trace(H^{-1})=-2.007348e+01
[FW-A] iter=  9  -trace(H^{-1})=-2.000371e+01
[FW-A] iter= 10  -trace(H^{-1})=-2.149671e+01
[FW-A] iter= 11  -trace(H^{-1})=-2.154575e+01
[FW-A] iter= 12  -trace(H^{-1})=-1.882921e+01
[FW-A] iter= 13  -trace(H^{-1})=-1.476007e+01
[FW-A] iter= 14  -trace(H^{-1})=-1.404726e+01
[FW-A] iter= 15  -trace(H^{-1})=-1.341941e+01
[FW-A] iter= 16  -trace(H^{-1})=-1.334842e+01
[FW-A] iter= 17  -trace(H^{-1})=-1.400854e+01
[FW-A] iter= 18  -trace(H^{-1})=-1.417905e+01
[FW-A] iter= 19  -trace(H^{-1})=-1.353477e+01
[FW-A] iter= 20  -trace(H^{-1})=-1.325785e+01
[FW-A] iter= 21  -trace(H^{-1})=-1.267553e+01
[FW-A] iter= 22  -trace(H^{-1})=-1.280270e+01
[FW-A] iter= 23  -trace(H^{-1})=-1.287149e+01
[FW-A] iter= 24  -trace(H^{-1})=-1.313639e+01
[FW-A] iter= 25  -trace(H^{-1})=-1.340683e+01
[FW-A] iter= 26  -trace(H^{-1})=-1.298220e+01
[FW-A] iter= 27  -trace(H^{-1})=-1.304783e+01
[FW-A] iter= 28  -trace(H^{-1})=-1.264140e+01
[FW-A] iter= 29  -trace(H^{-1})=-1.257885e+01
[FW-A] iter= 30  -trace(H^{-1})=-1.288333e+01
[FW-A] iter= 31  -trace(H^{-1})=-1.333131e+01
[FW-A] iter= 32  -trace(H^{-1})=-1.326413e+01
[FW-A] iter= 33  -trace(H^{-1})=-1.302763e+01
[FW-A] iter= 34  -trace(H^{-1})=-1.325752e+01
[FW-A] iter= 35  -trace(H^{-1})=-1.371975e+01
[FW-A] iter= 36  -trace(H^{-1})=-1.383348e+01
[FW-A] iter= 37  -trace(H^{-1})=-1.275589e+01
[FW-A] iter= 38  -trace(H^{-1})=-1.216267e+01
[FW-A] iter= 39  -trace(H^{-1})=-1.169219e+01
[FW-A] iter= 40  -trace(H^{-1})=-1.128992e+01
[FW-A] iter= 41  -trace(H^{-1})=-1.093973e+01
[FW-A] iter= 42  -trace(H^{-1})=-1.063668e+01
[FW-A] iter= 43  -trace(H^{-1})=-1.037182e+01
[FW-A] iter= 44  -trace(H^{-1})=-1.013531e+01
[FW-A] iter= 45  -trace(H^{-1})=-9.925254e+00
[FW-A] iter= 46  -trace(H^{-1})=-9.738074e+00
[FW-A] iter= 47  -trace(H^{-1})=-9.568162e+00
[FW-A] iter= 48  -trace(H^{-1})=-9.414806e+00
[FW-A] iter= 49  -trace(H^{-1})=-9.275740e+00
[FW-A] iter= 50  -trace(H^{-1})=-9.149159e+00
[FW-A] iter= 51  -trace(H^{-1})=-9.032770e+00
[FW-A] iter= 52  -trace(H^{-1})=-8.926111e+00
[FW-A] iter= 53  -trace(H^{-1})=-8.828364e+00
[FW-A] iter= 54  -trace(H^{-1})=-8.737381e+00
[FW-A] iter= 55  -trace(H^{-1})=-8.653316e+00
[FW-A] iter= 56  -trace(H^{-1})=-8.575455e+00
[FW-A] iter= 57  -trace(H^{-1})=-8.503114e+00
[FW-A] iter= 58  -trace(H^{-1})=-8.435387e+00
[FW-A] iter= 59  -trace(H^{-1})=-8.372273e+00
[FW-A] iter= 60  -trace(H^{-1})=-8.313473e+00
[FW-A] iter= 61  -trace(H^{-1})=-8.257926e+00
[FW-A] iter= 62  -trace(H^{-1})=-8.205898e+00
[FW-A] iter= 63  -trace(H^{-1})=-8.157029e+00
[FW-A] iter= 64  -trace(H^{-1})=-8.110977e+00
[FW-A] iter= 65  -trace(H^{-1})=-8.067793e+00
[FW-A] iter= 66  -trace(H^{-1})=-8.026642e+00
[FW-A] iter= 67  -trace(H^{-1})=-7.987821e+00
[FW-A] iter= 68  -trace(H^{-1})=-7.951158e+00
[FW-A] iter= 69  -trace(H^{-1})=-7.916459e+00
[FW-A] iter= 70  -trace(H^{-1})=-7.883371e+00
[FW-A] iter= 71  -trace(H^{-1})=-7.852023e+00
[FW-A] iter= 72  -trace(H^{-1})=-7.822369e+00
[FW-A] iter= 73  -trace(H^{-1})=-7.793896e+00
[FW-A] iter= 74  -trace(H^{-1})=-7.766847e+00
[FW-A] iter= 75  -trace(H^{-1})=-7.741092e+00
[FW-A] iter= 76  -trace(H^{-1})=-7.716499e+00
[FW-A] iter= 77  -trace(H^{-1})=-7.693167e+00
[FW-A] iter= 78  -trace(H^{-1})=-7.670634e+00
[FW-A] iter= 79  -trace(H^{-1})=-7.649137e+00
[FW-A] iter= 80  -trace(H^{-1})=-7.628616e+00
[FW-A] iter= 81  -trace(H^{-1})=-7.608991e+00
[FW-A] iter= 82  -trace(H^{-1})=-7.590074e+00
[FW-A] iter= 83  -trace(H^{-1})=-7.571979e+00
[FW-A] iter= 84  -trace(H^{-1})=-7.554715e+00
[FW-A] iter= 85  -trace(H^{-1})=-7.537966e+00
[FW-A] iter= 86  -trace(H^{-1})=-7.521919e+00
[FW-A] iter= 87  -trace(H^{-1})=-7.506513e+00
[FW-A] iter= 88  -trace(H^{-1})=-7.491681e+00
[FW-A] iter= 89  -trace(H^{-1})=-7.477510e+00
[FW-A] iter= 90  -trace(H^{-1})=-7.463701e+00
[FW-A] iter= 91  -trace(H^{-1})=-7.450434e+00
[FW-A] iter= 92  -trace(H^{-1})=-7.437682e+00
[FW-A] iter= 93  -trace(H^{-1})=-7.425408e+00
[FW-A] iter= 94  -trace(H^{-1})=-7.413486e+00
[FW-A] iter= 95  -trace(H^{-1})=-7.402012e+00
[FW-A] iter= 96  -trace(H^{-1})=-7.391005e+00
[FW-A] iter= 97  -trace(H^{-1})=-7.380246e+00
[FW-A] iter= 98  -trace(H^{-1})=-7.369880e+00
[FW-A] iter= 99  -trace(H^{-1})=-7.359873e+00
[FW-A] iter=100  -trace(H^{-1})=-7.350183e+00
[FW-A] iter=101  -trace(H^{-1})=-7.340886e+00
[FW-A] iter=102  -trace(H^{-1})=-7.331762e+00
[FW-A] iter=103  -trace(H^{-1})=-7.322953e+00
[FW-A] iter=104  -trace(H^{-1})=-7.314447e+00
[FW-A] iter=105  -trace(H^{-1})=-7.306224e+00
[FW-A] iter=106  -trace(H^{-1})=-7.298190e+00
[FW-A] iter=107  -trace(H^{-1})=-7.290424e+00
[FW-A] iter=108  -trace(H^{-1})=-7.282949e+00
[FW-A] iter=109  -trace(H^{-1})=-7.275599e+00
[FW-A] iter=110  -trace(H^{-1})=-7.268488e+00
[FW-A] iter=111  -trace(H^{-1})=-7.261597e+00
[FW-A] iter=112  -trace(H^{-1})=-7.254895e+00
[FW-A] iter=113  -trace(H^{-1})=-7.248446e+00
[FW-A] iter=114  -trace(H^{-1})=-7.242083e+00
[FW-A] iter=115  -trace(H^{-1})=-7.235917e+00
[FW-A] iter=116  -trace(H^{-1})=-7.229943e+00
[FW-A] iter=117  -trace(H^{-1})=-7.224150e+00
[FW-A] iter=118  -trace(H^{-1})=-7.218463e+00
[FW-A] iter=119  -trace(H^{-1})=-7.212949e+00
[FW-A] iter=120  -trace(H^{-1})=-7.207629e+00
[FW-A] iter=121  -trace(H^{-1})=-7.202371e+00
[FW-A] iter=122  -trace(H^{-1})=-7.197269e+00
[FW-A] iter=123  -trace(H^{-1})=-7.192311e+00
[FW-A] iter=124  -trace(H^{-1})=-7.187473e+00
[FW-A] iter=125  -trace(H^{-1})=-7.182759e+00
[FW-A] iter=126  -trace(H^{-1})=-7.178166e+00
[FW-A] iter=127  -trace(H^{-1})=-7.173720e+00
[FW-A] iter=128  -trace(H^{-1})=-7.169325e+00
[FW-A] iter=129  -trace(H^{-1})=-7.165054e+00
[FW-A] iter=130  -trace(H^{-1})=-7.160894e+00
[FW-A] iter=131  -trace(H^{-1})=-7.156831e+00
[FW-A] iter=132  -trace(H^{-1})=-7.152903e+00
[FW-A] iter=133  -trace(H^{-1})=-7.149007e+00
[FW-A] iter=134  -trace(H^{-1})=-7.145217e+00
[FW-A] iter=135  -trace(H^{-1})=-7.141526e+00
[FW-A] iter=136  -trace(H^{-1})=-7.137914e+00
[FW-A] iter=137  -trace(H^{-1})=-7.134427e+00
[FW-A] iter=138  -trace(H^{-1})=-7.130956e+00
[FW-A] iter=139  -trace(H^{-1})=-7.127577e+00
[FW-A] iter=140  -trace(H^{-1})=-7.124287e+00
[FW-A] iter=141  -trace(H^{-1})=-7.121084e+00
[FW-A] iter=142  -trace(H^{-1})=-7.117918e+00
[FW-A] iter=143  -trace(H^{-1})=-7.114834e+00
[FW-A] iter=144  -trace(H^{-1})=-7.111851e+00
[FW-A] iter=145  -trace(H^{-1})=-7.108879e+00
[FW-A] iter=146  -trace(H^{-1})=-7.105983e+00
[FW-A] iter=147  -trace(H^{-1})=-7.103158e+00
[FW-A] iter=148  -trace(H^{-1})=-7.100387e+00
[FW-A] iter=149  -trace(H^{-1})=-7.097676e+00
[FW-A] iter=150  -trace(H^{-1})=-7.095022e+00
[FW-A] iter=151  -trace(H^{-1})=-7.092447e+00
[FW-A] iter=152  -trace(H^{-1})=-7.089883e+00
[FW-A] iter=153  -trace(H^{-1})=-7.087383e+00
[FW-A] iter=154  -trace(H^{-1})=-7.084939e+00
[FW-A] iter=155  -trace(H^{-1})=-7.082541e+00
[FW-A] iter=156  -trace(H^{-1})=-7.080220e+00
[FW-A] iter=157  -trace(H^{-1})=-7.077900e+00
[FW-A] iter=158  -trace(H^{-1})=-7.075636e+00
[FW-A] iter=159  -trace(H^{-1})=-7.073424e+00
[FW-A] iter=160  -trace(H^{-1})=-7.071250e+00
[FW-A] iter=161  -trace(H^{-1})=-7.069121e+00
[FW-A] iter=162  -trace(H^{-1})=-7.067033e+00
[FW-A] iter=163  -trace(H^{-1})=-7.065004e+00
[FW-A] iter=164  -trace(H^{-1})=-7.062979e+00
[FW-A] iter=165  -trace(H^{-1})=-7.061002e+00
[FW-A] iter=166  -trace(H^{-1})=-7.059066e+00
[FW-A] iter=167  -trace(H^{-1})=-7.057164e+00
[FW-A] iter=168  -trace(H^{-1})=-7.055321e+00
[FW-A] iter=169  -trace(H^{-1})=-7.053474e+00
[FW-A] iter=170  -trace(H^{-1})=-7.051670e+00
[FW-A] iter=171  -trace(H^{-1})=-7.049907e+00
[FW-A] iter=172  -trace(H^{-1})=-7.048182e+00
[FW-A] iter=173  -trace(H^{-1})=-7.046469e+00
[FW-A] iter=174  -trace(H^{-1})=-7.044794e+00
[FW-A] iter=175  -trace(H^{-1})=-7.043169e+00
[FW-A] iter=176  -trace(H^{-1})=-7.041540e+00
[FW-A] iter=177  -trace(H^{-1})=-7.039948e+00
[FW-A] iter=178  -trace(H^{-1})=-7.038388e+00
[FW-A] iter=179  -trace(H^{-1})=-7.036853e+00
[FW-A] iter=180  -trace(H^{-1})=-7.035366e+00
[FW-A] iter=181  -trace(H^{-1})=-7.033870e+00
[FW-A] iter=182  -trace(H^{-1})=-7.032408e+00
[FW-A] iter=183  -trace(H^{-1})=-7.030978e+00
[FW-A] iter=184  -trace(H^{-1})=-7.029579e+00
[FW-A] iter=185  -trace(H^{-1})=-7.028185e+00
[FW-A] iter=186  -trace(H^{-1})=-7.026821e+00
[FW-A] iter=187  -trace(H^{-1})=-7.025498e+00
[FW-A] iter=188  -trace(H^{-1})=-7.024168e+00
[FW-A] iter=189  -trace(H^{-1})=-7.022867e+00
[FW-A] iter=190  -trace(H^{-1})=-7.021591e+00
[FW-A] iter=191  -trace(H^{-1})=-7.020333e+00
[FW-A] iter=192  -trace(H^{-1})=-7.019096e+00
[FW-A] iter=193  -trace(H^{-1})=-7.017880e+00
[FW-A] iter=194  -trace(H^{-1})=-7.016697e+00
[FW-A] iter=195  -trace(H^{-1})=-7.015509e+00
[FW-A] iter=196  -trace(H^{-1})=-7.014346e+00
[FW-A] iter=197  -trace(H^{-1})=-7.013204e+00
[FW-A] iter=198  -trace(H^{-1})=-7.012078e+00
[FW-A] iter=199  -trace(H^{-1})=-7.010987e+00
[FW-A] iter=200  -trace(H^{-1})=-7.009886e+00
[FW-A] iter=201  -trace(H^{-1})=-7.008809e+00
[FW-A] iter=202  -trace(H^{-1})=-7.007752e+00
[FW-A] iter=203  -trace(H^{-1})=-7.006709e+00
[FW-A] iter=204  -trace(H^{-1})=-7.005682e+00
[FW-A] iter=205  -trace(H^{-1})=-7.004671e+00
[FW-A] iter=206  -trace(H^{-1})=-7.003688e+00
[FW-A] iter=207  -trace(H^{-1})=-7.002698e+00
[FW-A] iter=208  -trace(H^{-1})=-7.001728e+00
[FW-A] iter=209  -trace(H^{-1})=-7.000776e+00
[FW-A] iter=210  -trace(H^{-1})=-6.999836e+00
[FW-A] iter=211  -trace(H^{-1})=-6.998925e+00
[FW-A] iter=212  -trace(H^{-1})=-6.998003e+00
[FW-A] iter=213  -trace(H^{-1})=-6.997101e+00
[FW-A] iter=214  -trace(H^{-1})=-6.996216e+00
[FW-A] iter=215  -trace(H^{-1})=-6.995340e+00
[FW-A] iter=216  -trace(H^{-1})=-6.994479e+00
[FW-A] iter=217  -trace(H^{-1})=-6.993630e+00
[FW-A] iter=218  -trace(H^{-1})=-6.992803e+00
[FW-A] iter=219  -trace(H^{-1})=-6.991970e+00
[FW-A] iter=220  -trace(H^{-1})=-6.991153e+00
[FW-A] iter=221  -trace(H^{-1})=-6.990350e+00
[FW-A] iter=222  -trace(H^{-1})=-6.989557e+00
[FW-A] iter=223  -trace(H^{-1})=-6.988788e+00
[FW-A] iter=224  -trace(H^{-1})=-6.988009e+00
[FW-A] iter=225  -trace(H^{-1})=-6.987246e+00
[FW-A] iter=226  -trace(H^{-1})=-6.986496e+00
[FW-A] iter=227  -trace(H^{-1})=-6.985755e+00
[FW-A] iter=228  -trace(H^{-1})=-6.985024e+00
[FW-A] iter=229  -trace(H^{-1})=-6.984304e+00
[FW-A] iter=230  -trace(H^{-1})=-6.983603e+00
[FW-A] iter=231  -trace(H^{-1})=-6.982894e+00
[FW-A] iter=232  -trace(H^{-1})=-6.982200e+00
[FW-A] iter=233  -trace(H^{-1})=-6.981516e+00
[FW-A] iter=234  -trace(H^{-1})=-6.980841e+00
[FW-A] iter=235  -trace(H^{-1})=-6.980187e+00
[FW-A] iter=236  -trace(H^{-1})=-6.979522e+00
[FW-A] iter=237  -trace(H^{-1})=-6.978870e+00
[FW-A] iter=238  -trace(H^{-1})=-6.978231e+00
[FW-A] iter=239  -trace(H^{-1})=-6.977604e+00
[FW-A] iter=240  -trace(H^{-1})=-6.976975e+00
[FW-A] iter=241  -trace(H^{-1})=-6.976358e+00
[FW-A] iter=242  -trace(H^{-1})=-6.975759e+00
[FW-A] iter=243  -trace(H^{-1})=-6.975151e+00
[FW-A] iter=244  -trace(H^{-1})=-6.974555e+00
[FW-A] iter=245  -trace(H^{-1})=-6.973968e+00
[FW-A] iter=246  -trace(H^{-1})=-6.973388e+00
[FW-A] iter=247  -trace(H^{-1})=-6.972827e+00
[FW-A] iter=248  -trace(H^{-1})=-6.972255e+00
[FW-A] iter=249  -trace(H^{-1})=-6.971694e+00
[FW-A] iter=250  -trace(H^{-1})=-6.971144e+00
[FW-A] iter=251  -trace(H^{-1})=-6.970604e+00
[FW-A] iter=252  -trace(H^{-1})=-6.970061e+00
[FW-A] iter=253  -trace(H^{-1})=-6.969529e+00
[FW-A] iter=254  -trace(H^{-1})=-6.969013e+00
[FW-A] iter=255  -trace(H^{-1})=-6.968487e+00
[FW-A] iter=256  -trace(H^{-1})=-6.967972e+00
[FW-A] iter=257  -trace(H^{-1})=-6.967465e+00
[FW-A] iter=258  -trace(H^{-1})=-6.966963e+00
[FW-A] iter=259  -trace(H^{-1})=-6.966467e+00
[FW-A] iter=260  -trace(H^{-1})=-6.965978e+00
[FW-A] iter=261  -trace(H^{-1})=-6.965502e+00
[FW-A] iter=262  -trace(H^{-1})=-6.965018e+00
[FW-A] iter=263  -trace(H^{-1})=-6.964544e+00
[FW-A] iter=264  -trace(H^{-1})=-6.964077e+00
[FW-A] iter=265  -trace(H^{-1})=-6.963614e+00
[FW-A] iter=266  -trace(H^{-1})=-6.963166e+00
[FW-A] iter=267  -trace(H^{-1})=-6.962709e+00
[FW-A] iter=268  -trace(H^{-1})=-6.962260e+00
[FW-A] iter=269  -trace(H^{-1})=-6.961819e+00
[FW-A] iter=270  -trace(H^{-1})=-6.961382e+00
[FW-A] iter=271  -trace(H^{-1})=-6.960950e+00
[FW-A] iter=272  -trace(H^{-1})=-6.960523e+00
[FW-A] iter=273  -trace(H^{-1})=-6.960108e+00
[FW-A] iter=274  -trace(H^{-1})=-6.959686e+00
[FW-A] iter=275  -trace(H^{-1})=-6.959272e+00
[FW-A] iter=276  -trace(H^{-1})=-6.958863e+00
[FW-A] iter=277  -trace(H^{-1})=-6.958459e+00
[FW-A] iter=278  -trace(H^{-1})=-6.958068e+00
[FW-A] iter=279  -trace(H^{-1})=-6.957667e+00
[FW-A] iter=280  -trace(H^{-1})=-6.957275e+00
[FW-A] iter=281  -trace(H^{-1})=-6.956889e+00
[FW-A] iter=282  -trace(H^{-1})=-6.956510e+00
[FW-A] iter=283  -trace(H^{-1})=-6.956128e+00
[FW-A] iter=284  -trace(H^{-1})=-6.955754e+00
[FW-A] iter=285  -trace(H^{-1})=-6.955391e+00
[FW-A] iter=286  -trace(H^{-1})=-6.955019e+00
[FW-A] iter=287  -trace(H^{-1})=-6.954655e+00
[FW-A] iter=288  -trace(H^{-1})=-6.954296e+00
[FW-A] iter=289  -trace(H^{-1})=-6.953941e+00
[FW-A] iter=290  -trace(H^{-1})=-6.953589e+00
[FW-A] iter=291  -trace(H^{-1})=-6.953241e+00
[FW-A] iter=292  -trace(H^{-1})=-6.952903e+00
[FW-A] iter=293  -trace(H^{-1})=-6.952558e+00
[FW-A] iter=294  -trace(H^{-1})=-6.952220e+00
[FW-A] iter=295  -trace(H^{-1})=-6.951886e+00
[FW-A] iter=296  -trace(H^{-1})=-6.951556e+00
[FW-A] iter=297  -trace(H^{-1})=-6.951236e+00
[FW-A] iter=298  -trace(H^{-1})=-6.950908e+00
[FW-A] iter=299  -trace(H^{-1})=-6.950586e+00
  [fw-a] min_eig=2.1698e-01  heldout=1.9552  (2.4s)
[FW-D] Building 720 candidate information matrices...
Building FIM:   0%|          | 0/720 [00:00<?, ?candidate/s]Building FIM:  44%|████▍     | 320/720 [00:00<00:00, 2618.67candidate/s]Building FIM: 100%|██████████| 720/720 [00:00<00:00, 3748.13candidate/s]
[FW-D] Done. Starting Frank-Wolfe D-optimal (select_k=20)...
[FW-D] Pre-extracting dense blocks (intr_dim=9, num_poses=720)...
[FW-D] Block extraction done. Starting iterations...
[FW-D] iter=  0  logdet=6.990560e+01
[FW-D] iter=  1  logdet=7.094684e+01
[FW-D] iter=  2  logdet=7.077872e+01
[FW-D] iter=  3  logdet=6.954552e+01
[FW-D] iter=  4  logdet=6.900240e+01
[FW-D] iter=  5  logdet=6.915056e+01
[FW-D] iter=  6  logdet=6.893584e+01
[FW-D] iter=  7  logdet=6.903570e+01
[FW-D] iter=  8  logdet=6.907429e+01
[FW-D] iter=  9  logdet=6.925256e+01
[FW-D] iter= 10  logdet=6.908231e+01
[FW-D] iter= 11  logdet=6.908830e+01
[FW-D] iter= 12  logdet=6.927888e+01
[FW-D] iter= 13  logdet=6.973925e+01
[FW-D] iter= 14  logdet=6.988933e+01
[FW-D] iter= 15  logdet=7.004480e+01
[FW-D] iter= 16  logdet=7.001935e+01
[FW-D] iter= 17  logdet=6.996258e+01
[FW-D] iter= 18  logdet=6.993513e+01
[FW-D] iter= 19  logdet=7.014471e+01
[FW-D] iter= 20  logdet=7.016982e+01
[FW-D] iter= 21  logdet=7.025532e+01
[FW-D] iter= 22  logdet=7.025374e+01
[FW-D] iter= 23  logdet=7.021761e+01
[FW-D] iter= 24  logdet=7.012511e+01
[FW-D] iter= 25  logdet=7.003698e+01
[FW-D] iter= 26  logdet=7.006643e+01
[FW-D] iter= 27  logdet=6.998319e+01
[FW-D] iter= 28  logdet=6.998918e+01
[FW-D] iter= 29  logdet=6.992033e+01
[FW-D] iter= 30  logdet=6.985276e+01
[FW-D] iter= 31  logdet=6.978397e+01
[FW-D] iter= 32  logdet=6.977746e+01
[FW-D] iter= 33  logdet=6.981947e+01
[FW-D] iter= 34  logdet=6.972019e+01
[FW-D] iter= 35  logdet=6.952802e+01
[FW-D] iter= 36  logdet=6.937914e+01
[FW-D] iter= 37  logdet=6.974294e+01
[FW-D] iter= 38  logdet=7.003838e+01
[FW-D] iter= 39  logdet=7.028428e+01
[FW-D] iter= 40  logdet=7.049321e+01
[FW-D] iter= 41  logdet=7.067386e+01
[FW-D] iter= 42  logdet=7.083234e+01
[FW-D] iter= 43  logdet=7.097493e+01
[FW-D] iter= 44  logdet=7.110393e+01
[FW-D] iter= 45  logdet=7.122182e+01
[FW-D] iter= 46  logdet=7.133036e+01
[FW-D] iter= 47  logdet=7.143061e+01
[FW-D] iter= 48  logdet=7.152349e+01
[FW-D] iter= 49  logdet=7.160954e+01
[FW-D] iter= 50  logdet=7.168978e+01
[FW-D] iter= 51  logdet=7.176458e+01
[FW-D] iter= 52  logdet=7.183446e+01
[FW-D] iter= 53  logdet=7.189977e+01
[FW-D] iter= 54  logdet=7.196108e+01
[FW-D] iter= 55  logdet=7.201859e+01
[FW-D] iter= 56  logdet=7.207262e+01
[FW-D] iter= 57  logdet=7.212356e+01
[FW-D] iter= 58  logdet=7.217149e+01
[FW-D] iter= 59  logdet=7.221683e+01
[FW-D] iter= 60  logdet=7.225965e+01
[FW-D] iter= 61  logdet=7.230022e+01
[FW-D] iter= 62  logdet=7.233863e+01
[FW-D] iter= 63  logdet=7.237503e+01
[FW-D] iter= 64  logdet=7.240962e+01
[FW-D] iter= 65  logdet=7.244247e+01
[FW-D] iter= 66  logdet=7.247366e+01
[FW-D] iter= 67  logdet=7.250341e+01
[FW-D] iter= 68  logdet=7.253178e+01
[FW-D] iter= 69  logdet=7.255882e+01
[FW-D] iter= 70  logdet=7.258463e+01
[FW-D] iter= 71  logdet=7.260929e+01
[FW-D] iter= 72  logdet=7.263284e+01
[FW-D] iter= 73  logdet=7.265538e+01
[FW-D] iter= 74  logdet=7.267692e+01
[FW-D] iter= 75  logdet=7.269761e+01
[FW-D] iter= 76  logdet=7.271741e+01
[FW-D] iter= 77  logdet=7.273643e+01
[FW-D] iter= 78  logdet=7.275467e+01
[FW-D] iter= 79  logdet=7.277218e+01
[FW-D] iter= 80  logdet=7.278900e+01
[FW-D] iter= 81  logdet=7.280517e+01
[FW-D] iter= 82  logdet=7.282071e+01
[FW-D] iter= 83  logdet=7.283569e+01
[FW-D] iter= 84  logdet=7.285012e+01
[FW-D] iter= 85  logdet=7.286401e+01
[FW-D] iter= 86  logdet=7.287740e+01
[FW-D] iter= 87  logdet=7.289032e+01
[FW-D] iter= 88  logdet=7.290277e+01
[FW-D] iter= 89  logdet=7.291476e+01
[FW-D] iter= 90  logdet=7.292637e+01
[FW-D] iter= 91  logdet=7.293759e+01
[FW-D] iter= 92  logdet=7.294844e+01
[FW-D] iter= 93  logdet=7.295890e+01
[FW-D] iter= 94  logdet=7.296904e+01
[FW-D] iter= 95  logdet=7.297884e+01
[FW-D] iter= 96  logdet=7.298831e+01
[FW-D] iter= 97  logdet=7.299750e+01
[FW-D] iter= 98  logdet=7.300640e+01
[FW-D] iter= 99  logdet=7.301502e+01
[FW-D] iter=100  logdet=7.302338e+01
[FW-D] iter=101  logdet=7.303148e+01
[FW-D] iter=102  logdet=7.303934e+01
[FW-D] iter=103  logdet=7.304697e+01
[FW-D] iter=104  logdet=7.305435e+01
[FW-D] iter=105  logdet=7.306154e+01
[FW-D] iter=106  logdet=7.306851e+01
[FW-D] iter=107  logdet=7.307529e+01
[FW-D] iter=108  logdet=7.308187e+01
[FW-D] iter=109  logdet=7.308828e+01
[FW-D] iter=110  logdet=7.309450e+01
[FW-D] iter=111  logdet=7.310054e+01
[FW-D] iter=112  logdet=7.310643e+01
[FW-D] iter=113  logdet=7.311216e+01
[FW-D] iter=114  logdet=7.311772e+01
[FW-D] iter=115  logdet=7.312315e+01
[FW-D] iter=116  logdet=7.312842e+01
[FW-D] iter=117  logdet=7.313357e+01
[FW-D] iter=118  logdet=7.313858e+01
[FW-D] iter=119  logdet=7.314346e+01
[FW-D] iter=120  logdet=7.314822e+01
[FW-D] iter=121  logdet=7.315286e+01
[FW-D] iter=122  logdet=7.315736e+01
[FW-D] iter=123  logdet=7.316178e+01
[FW-D] iter=124  logdet=7.316608e+01
[FW-D] iter=125  logdet=7.317029e+01
[FW-D] iter=126  logdet=7.317438e+01
[FW-D] iter=127  logdet=7.317838e+01
[FW-D] iter=128  logdet=7.318229e+01
[FW-D] iter=129  logdet=7.318610e+01
[FW-D] iter=130  logdet=7.318982e+01
[FW-D] iter=131  logdet=7.319346e+01
[FW-D] iter=132  logdet=7.319701e+01
[FW-D] iter=133  logdet=7.320048e+01
[FW-D] iter=134  logdet=7.320386e+01
[FW-D] iter=135  logdet=7.320718e+01
[FW-D] iter=136  logdet=7.321043e+01
[FW-D] iter=137  logdet=7.321360e+01
[FW-D] iter=138  logdet=7.321670e+01
[FW-D] iter=139  logdet=7.321973e+01
[FW-D] iter=140  logdet=7.322270e+01
[FW-D] iter=141  logdet=7.322561e+01
[FW-D] iter=142  logdet=7.322844e+01
[FW-D] iter=143  logdet=7.323122e+01
[FW-D] iter=144  logdet=7.323395e+01
[FW-D] iter=145  logdet=7.323662e+01
[FW-D] iter=146  logdet=7.323923e+01
[FW-D] iter=147  logdet=7.324179e+01
[FW-D] iter=148  logdet=7.324430e+01
[FW-D] iter=149  logdet=7.324675e+01
[FW-D] iter=150  logdet=7.324915e+01
[FW-D] iter=151  logdet=7.325150e+01
[FW-D] iter=152  logdet=7.325381e+01
[FW-D] iter=153  logdet=7.325608e+01
[FW-D] iter=154  logdet=7.325830e+01
[FW-D] iter=155  logdet=7.326048e+01
[FW-D] iter=156  logdet=7.326262e+01
[FW-D] iter=157  logdet=7.326471e+01
[FW-D] iter=158  logdet=7.326676e+01
[FW-D] iter=159  logdet=7.326877e+01
[FW-D] iter=160  logdet=7.327075e+01
[FW-D] iter=161  logdet=7.327269e+01
[FW-D] iter=162  logdet=7.327458e+01
[FW-D] iter=163  logdet=7.327645e+01
[FW-D] iter=164  logdet=7.327829e+01
[FW-D] iter=165  logdet=7.328009e+01
[FW-D] iter=166  logdet=7.328186e+01
[FW-D] iter=167  logdet=7.328359e+01
[FW-D] iter=168  logdet=7.328529e+01
[FW-D] iter=169  logdet=7.328696e+01
[FW-D] iter=170  logdet=7.328860e+01
[FW-D] iter=171  logdet=7.329022e+01
[FW-D] iter=172  logdet=7.329181e+01
[FW-D] iter=173  logdet=7.329337e+01
[FW-D] iter=174  logdet=7.329490e+01
[FW-D] iter=175  logdet=7.329641e+01
[FW-D] iter=176  logdet=7.329788e+01
[FW-D] iter=177  logdet=7.329934e+01
[FW-D] iter=178  logdet=7.330077e+01
[FW-D] iter=179  logdet=7.330217e+01
[FW-D] iter=180  logdet=7.330356e+01
[FW-D] iter=181  logdet=7.330492e+01
[FW-D] iter=182  logdet=7.330625e+01
[FW-D] iter=183  logdet=7.330757e+01
[FW-D] iter=184  logdet=7.330886e+01
[FW-D] iter=185  logdet=7.331013e+01
[FW-D] iter=186  logdet=7.331138e+01
[FW-D] iter=187  logdet=7.331261e+01
[FW-D] iter=188  logdet=7.331383e+01
[FW-D] iter=189  logdet=7.331502e+01
[FW-D] iter=190  logdet=7.331619e+01
[FW-D] iter=191  logdet=7.331734e+01
[FW-D] iter=192  logdet=7.331848e+01
[FW-D] iter=193  logdet=7.331960e+01
[FW-D] iter=194  logdet=7.332070e+01
[FW-D] iter=195  logdet=7.332179e+01
[FW-D] iter=196  logdet=7.332286e+01
[FW-D] iter=197  logdet=7.332391e+01
[FW-D] iter=198  logdet=7.332494e+01
[FW-D] iter=199  logdet=7.332596e+01
[FW-D] iter=200  logdet=7.332696e+01
[FW-D] iter=201  logdet=7.332795e+01
[FW-D] iter=202  logdet=7.332893e+01
[FW-D] iter=203  logdet=7.332989e+01
[FW-D] iter=204  logdet=7.333084e+01
[FW-D] iter=205  logdet=7.333177e+01
[FW-D] iter=206  logdet=7.333269e+01
[FW-D] iter=207  logdet=7.333359e+01
[FW-D] iter=208  logdet=7.333448e+01
[FW-D] iter=209  logdet=7.333536e+01
[FW-D] iter=210  logdet=7.333623e+01
[FW-D] iter=211  logdet=7.333708e+01
[FW-D] iter=212  logdet=7.333793e+01
[FW-D] iter=213  logdet=7.333876e+01
[FW-D] iter=214  logdet=7.333958e+01
[FW-D] iter=215  logdet=7.334038e+01
[FW-D] iter=216  logdet=7.334118e+01
[FW-D] iter=217  logdet=7.334196e+01
[FW-D] iter=218  logdet=7.334274e+01
[FW-D] iter=219  logdet=7.334350e+01
[FW-D] iter=220  logdet=7.334426e+01
[FW-D] iter=221  logdet=7.334500e+01
[FW-D] iter=222  logdet=7.334573e+01
[FW-D] iter=223  logdet=7.334645e+01
[FW-D] iter=224  logdet=7.334716e+01
[FW-D] iter=225  logdet=7.334787e+01
[FW-D] iter=226  logdet=7.334856e+01
[FW-D] iter=227  logdet=7.334925e+01
[FW-D] iter=228  logdet=7.334992e+01
[FW-D] iter=229  logdet=7.335059e+01
[FW-D] iter=230  logdet=7.335125e+01
[FW-D] iter=231  logdet=7.335190e+01
[FW-D] iter=232  logdet=7.335254e+01
[FW-D] iter=233  logdet=7.335318e+01
[FW-D] iter=234  logdet=7.335380e+01
[FW-D] iter=235  logdet=7.335442e+01
[FW-D] iter=236  logdet=7.335502e+01
[FW-D] iter=237  logdet=7.335563e+01
[FW-D] iter=238  logdet=7.335622e+01
[FW-D] iter=239  logdet=7.335681e+01
[FW-D] iter=240  logdet=7.335739e+01
[FW-D] iter=241  logdet=7.335796e+01
[FW-D] iter=242  logdet=7.335852e+01
[FW-D] iter=243  logdet=7.335908e+01
[FW-D] iter=244  logdet=7.335963e+01
[FW-D] iter=245  logdet=7.336017e+01
[FW-D] iter=246  logdet=7.336071e+01
[FW-D] iter=247  logdet=7.336124e+01
[FW-D] iter=248  logdet=7.336177e+01
[FW-D] iter=249  logdet=7.336229e+01
[FW-D] iter=250  logdet=7.336280e+01
[FW-D] iter=251  logdet=7.336330e+01
[FW-D] iter=252  logdet=7.336380e+01
[FW-D] iter=253  logdet=7.336430e+01
[FW-D] iter=254  logdet=7.336479e+01
[FW-D] iter=255  logdet=7.336527e+01
[FW-D] iter=256  logdet=7.336575e+01
[FW-D] iter=257  logdet=7.336622e+01
[FW-D] iter=258  logdet=7.336668e+01
[FW-D] iter=259  logdet=7.336714e+01
[FW-D] iter=260  logdet=7.336759e+01
[FW-D] iter=261  logdet=7.336805e+01
[FW-D] iter=262  logdet=7.336849e+01
[FW-D] iter=263  logdet=7.336893e+01
[FW-D] iter=264  logdet=7.336936e+01
[FW-D] iter=265  logdet=7.336979e+01
[FW-D] iter=266  logdet=7.337022e+01
[FW-D] iter=267  logdet=7.337064e+01
[FW-D] iter=268  logdet=7.337105e+01
[FW-D] iter=269  logdet=7.337146e+01
[FW-D] iter=270  logdet=7.337187e+01
[FW-D] iter=271  logdet=7.337227e+01
[FW-D] iter=272  logdet=7.337267e+01
[FW-D] iter=273  logdet=7.337306e+01
[FW-D] iter=274  logdet=7.337345e+01
[FW-D] iter=275  logdet=7.337383e+01
[FW-D] iter=276  logdet=7.337421e+01
[FW-D] iter=277  logdet=7.337459e+01
[FW-D] iter=278  logdet=7.337496e+01
[FW-D] iter=279  logdet=7.337533e+01
[FW-D] iter=280  logdet=7.337569e+01
[FW-D] iter=281  logdet=7.337605e+01
[FW-D] iter=282  logdet=7.337641e+01
[FW-D] iter=283  logdet=7.337676e+01
[FW-D] iter=284  logdet=7.337711e+01
[FW-D] iter=285  logdet=7.337745e+01
[FW-D] iter=286  logdet=7.337780e+01
[FW-D] iter=287  logdet=7.337813e+01
[FW-D] iter=288  logdet=7.337847e+01
[FW-D] iter=289  logdet=7.337880e+01
[FW-D] iter=290  logdet=7.337912e+01
[FW-D] iter=291  logdet=7.337945e+01
[FW-D] iter=292  logdet=7.337977e+01
[FW-D] iter=293  logdet=7.338009e+01
[FW-D] iter=294  logdet=7.338040e+01
[FW-D] iter=295  logdet=7.338071e+01
[FW-D] iter=296  logdet=7.338102e+01
[FW-D] iter=297  logdet=7.338132e+01
[FW-D] iter=298  logdet=7.338162e+01
[FW-D] iter=299  logdet=7.338192e+01
  [fw-d] min_eig=1.8273e-01  heldout=2.7337  (2.3s)

============================================================
K = 30  (held-out = 690 frames)
  [random] 25 trials...
  [coverage] min_eig=1.3286e-01  heldout=3.7269  (0.0s)
  [a-optimal] min_eig=3.1527e-01  heldout=2.4031  (7.8s)
  [d-optimal] min_eig=2.6229e-01  heldout=1.2595  (7.4s)
  [greedy-e] min_eig=3.1659e-01  heldout=1.5299  (7.8s)
[FW] Building 720 candidate information matrices...
Building FIM:   0%|          | 0/720 [00:00<?, ?candidate/s]Building FIM:  98%|█████████▊| 704/720 [00:00<00:00, 5534.43candidate/s]Building FIM: 100%|██████████| 720/720 [00:00<00:00, 5645.08candidate/s]
[FW] Done. Starting Frank-Wolfe optimization (select_k=30)...
[FW] Pre-extracting dense blocks (intr_dim=9, num_poses=720)...
[FW] Block extraction done. Starting iterations...
[FW] iter=  0  min_eig=1.533496e-01
[FW] iter=  1  min_eig=2.354551e-03
[FW] iter=  2  min_eig=8.630067e-02
[FW] iter=  3  min_eig=1.315584e-01
[FW] iter=  4  min_eig=1.206660e-01
[FW] iter=  5  min_eig=1.097127e-01
[FW] iter=  6  min_eig=9.778504e-02
[FW] iter=  7  min_eig=9.086233e-02
[FW] iter=  8  min_eig=8.792138e-02
[FW] iter=  9  min_eig=1.405076e-01
[FW] iter= 10  min_eig=1.437822e-01
[FW] iter= 11  min_eig=1.409184e-01
[FW] iter= 12  min_eig=1.369081e-01
[FW] iter= 13  min_eig=1.422205e-01
[FW] iter= 14  min_eig=1.543985e-01
[FW] iter= 15  min_eig=1.528810e-01
[FW] iter= 16  min_eig=1.481206e-01
[FW] iter= 17  min_eig=1.427776e-01
[FW] iter= 18  min_eig=1.482445e-01
[FW] iter= 19  min_eig=1.552167e-01
[FW] iter= 20  min_eig=1.518063e-01
[FW] iter= 21  min_eig=1.422473e-01
[FW] iter= 22  min_eig=1.472760e-01
[FW] iter= 23  min_eig=1.405946e-01
[FW] iter= 24  min_eig=1.373923e-01
[FW] iter= 25  min_eig=1.595728e-01
[FW] iter= 26  min_eig=1.708246e-01
[FW] iter= 27  min_eig=1.814312e-01
[FW] iter= 28  min_eig=1.911870e-01
[FW] iter= 29  min_eig=1.998246e-01
[FW] iter= 30  min_eig=2.076878e-01
[FW] iter= 31  min_eig=2.147469e-01
[FW] iter= 32  min_eig=2.211803e-01
[FW] iter= 33  min_eig=2.270277e-01
[FW] iter= 34  min_eig=2.323584e-01
[FW] iter= 35  min_eig=2.372594e-01
[FW] iter= 36  min_eig=2.417255e-01
[FW] iter= 37  min_eig=2.458578e-01
[FW] iter= 38  min_eig=2.496682e-01
[FW] iter= 39  min_eig=2.531878e-01
[FW] iter= 40  min_eig=2.564408e-01
[FW] iter= 41  min_eig=2.594593e-01
[FW] iter= 42  min_eig=2.622701e-01
[FW] iter= 43  min_eig=2.648942e-01
[FW] iter= 44  min_eig=2.673529e-01
[FW] iter= 45  min_eig=2.696208e-01
[FW] iter= 46  min_eig=2.717667e-01
[FW] iter= 47  min_eig=2.737617e-01
[FW] iter= 48  min_eig=2.756418e-01
[FW] iter= 49  min_eig=2.774067e-01
[FW] iter= 50  min_eig=2.790819e-01
[FW] iter= 51  min_eig=2.806316e-01
[FW] iter= 52  min_eig=2.821171e-01
[FW] iter= 53  min_eig=2.835017e-01
[FW] iter= 54  min_eig=2.848221e-01
[FW] iter= 55  min_eig=2.860649e-01
[FW] iter= 56  min_eig=2.872587e-01
[FW] iter= 57  min_eig=2.883836e-01
[FW] iter= 58  min_eig=2.894436e-01
[FW] iter= 59  min_eig=2.904506e-01
[FW] iter= 60  min_eig=2.914189e-01
[FW] iter= 61  min_eig=2.923322e-01
[FW] iter= 62  min_eig=2.932066e-01
[FW] iter= 63  min_eig=2.940286e-01
[FW] iter= 64  min_eig=2.948299e-01
[FW] iter= 65  min_eig=2.955872e-01
[FW] iter= 66  min_eig=2.963004e-01
[FW] iter= 67  min_eig=2.969993e-01
[FW] iter= 68  min_eig=2.976608e-01
[FW] iter= 69  min_eig=2.982835e-01
[FW] iter= 70  min_eig=2.988968e-01
[FW] iter= 71  min_eig=2.994779e-01
[FW] iter= 72  min_eig=3.000247e-01
[FW] iter= 73  min_eig=3.005661e-01
[FW] iter= 74  min_eig=3.010793e-01
[FW] iter= 75  min_eig=3.015693e-01
[FW] iter= 76  min_eig=3.020433e-01
[FW] iter= 77  min_eig=3.024913e-01
[FW] iter= 78  min_eig=3.029339e-01
[FW] iter= 79  min_eig=3.033553e-01
[FW] iter= 80  min_eig=3.037538e-01
[FW] iter= 81  min_eig=3.041495e-01
[FW] iter= 82  min_eig=3.045264e-01
[FW] iter= 83  min_eig=3.048823e-01
[FW] iter= 84  min_eig=3.052376e-01
[FW] iter= 85  min_eig=3.055761e-01
[FW] iter= 86  min_eig=3.059009e-01
[FW] iter= 87  min_eig=3.062163e-01
[FW] iter= 88  min_eig=3.065158e-01
[FW] iter= 89  min_eig=3.068137e-01
[FW] iter= 90  min_eig=3.070985e-01
[FW] iter= 91  min_eig=3.073687e-01
[FW] iter= 92  min_eig=3.076388e-01
[FW] iter= 93  min_eig=3.078971e-01
[FW] iter= 94  min_eig=3.081415e-01
[FW] iter= 95  min_eig=3.083872e-01
[FW] iter= 96  min_eig=3.086221e-01
[FW] iter= 97  min_eig=3.088494e-01
[FW] iter= 98  min_eig=3.090704e-01
[FW] iter= 99  min_eig=3.092849e-01
[FW] iter=100  min_eig=3.094928e-01
[FW] iter=101  min_eig=3.096949e-01
[FW] iter=102  min_eig=3.098909e-01
[FW] iter=103  min_eig=3.100809e-01
[FW] iter=104  min_eig=3.102646e-01
[FW] iter=105  min_eig=3.104434e-01
[FW] iter=106  min_eig=3.106144e-01
[FW] iter=107  min_eig=3.107856e-01
[FW] iter=108  min_eig=3.109508e-01
[FW] iter=109  min_eig=3.111113e-01
[FW] iter=110  min_eig=3.112678e-01
[FW] iter=111  min_eig=3.114195e-01
[FW] iter=112  min_eig=3.115635e-01
[FW] iter=113  min_eig=3.117094e-01
[FW] iter=114  min_eig=3.118497e-01
[FW] iter=115  min_eig=3.119854e-01
[FW] iter=116  min_eig=3.121179e-01
[FW] iter=117  min_eig=3.122447e-01
[FW] iter=118  min_eig=3.123725e-01
[FW] iter=119  min_eig=3.124958e-01
[FW] iter=120  min_eig=3.126163e-01
[FW] iter=121  min_eig=3.127339e-01
[FW] iter=122  min_eig=3.128482e-01
[FW] iter=123  min_eig=3.129592e-01
[FW] iter=124  min_eig=3.130678e-01
[FW] iter=125  min_eig=3.131735e-01
[FW] iter=126  min_eig=3.132768e-01
[FW] iter=127  min_eig=3.133758e-01
[FW] iter=128  min_eig=3.134759e-01
[FW] iter=129  min_eig=3.135730e-01
[FW] iter=130  min_eig=3.136676e-01
[FW] iter=131  min_eig=3.137604e-01
[FW] iter=132  min_eig=3.138507e-01
[FW] iter=133  min_eig=3.139385e-01
[FW] iter=134  min_eig=3.140242e-01
[FW] iter=135  min_eig=3.141066e-01
[FW] iter=136  min_eig=3.141900e-01
[FW] iter=137  min_eig=3.142710e-01
[FW] iter=138  min_eig=3.143502e-01
[FW] iter=139  min_eig=3.144278e-01
[FW] iter=140  min_eig=3.145037e-01
[FW] iter=141  min_eig=3.145780e-01
[FW] iter=142  min_eig=3.146508e-01
[FW] iter=143  min_eig=3.147219e-01
[FW] iter=144  min_eig=3.147909e-01
[FW] iter=145  min_eig=3.148585e-01
[FW] iter=146  min_eig=3.149233e-01
[FW] iter=147  min_eig=3.149894e-01
[FW] iter=148  min_eig=3.150537e-01
[FW] iter=149  min_eig=3.151166e-01
[FW] iter=150  min_eig=3.151785e-01
[FW] iter=151  min_eig=3.152390e-01
[FW] iter=152  min_eig=3.152983e-01
[FW] iter=153  min_eig=3.153565e-01
[FW] iter=154  min_eig=3.154134e-01
[FW] iter=155  min_eig=3.154694e-01
[FW] iter=156  min_eig=3.155243e-01
[FW] iter=157  min_eig=3.155781e-01
[FW] iter=158  min_eig=3.156310e-01
[FW] iter=159  min_eig=3.156828e-01
[FW] iter=160  min_eig=3.157336e-01
[FW] iter=161  min_eig=3.157836e-01
[FW] iter=162  min_eig=3.158324e-01
[FW] iter=163  min_eig=3.158807e-01
[FW] iter=164  min_eig=3.159279e-01
[FW] iter=165  min_eig=3.159742e-01
[FW] iter=166  min_eig=3.160198e-01
[FW] iter=167  min_eig=3.160645e-01
[FW] iter=168  min_eig=3.161083e-01
[FW] iter=169  min_eig=3.161515e-01
[FW] iter=170  min_eig=3.161938e-01
[FW] iter=171  min_eig=3.162352e-01
[FW] iter=172  min_eig=3.162761e-01
[FW] iter=173  min_eig=3.163164e-01
[FW] iter=174  min_eig=3.163559e-01
[FW] iter=175  min_eig=3.163947e-01
[FW] iter=176  min_eig=3.164330e-01
[FW] iter=177  min_eig=3.164705e-01
[FW] iter=178  min_eig=3.165074e-01
[FW] iter=179  min_eig=3.165438e-01
[FW] iter=180  min_eig=3.165793e-01
[FW] iter=181  min_eig=3.166146e-01
[FW] iter=182  min_eig=3.166491e-01
[FW] iter=183  min_eig=3.166830e-01
[FW] iter=184  min_eig=3.167165e-01
[FW] iter=185  min_eig=3.167493e-01
[FW] iter=186  min_eig=3.167817e-01
[FW] iter=187  min_eig=3.168136e-01
[FW] iter=188  min_eig=3.168448e-01
[FW] iter=189  min_eig=3.168757e-01
[FW] iter=190  min_eig=3.169061e-01
[FW] iter=191  min_eig=3.169359e-01
[FW] iter=192  min_eig=3.169654e-01
[FW] iter=193  min_eig=3.169943e-01
[FW] iter=194  min_eig=3.170228e-01
[FW] iter=195  min_eig=3.170509e-01
[FW] iter=196  min_eig=3.170785e-01
[FW] iter=197  min_eig=3.171058e-01
[FW] iter=198  min_eig=3.171326e-01
[FW] iter=199  min_eig=3.171589e-01
[FW] iter=200  min_eig=3.171850e-01
[FW] iter=201  min_eig=3.172106e-01
[FW] iter=202  min_eig=3.172359e-01
[FW] iter=203  min_eig=3.172608e-01
[FW] iter=204  min_eig=3.172852e-01
[FW] iter=205  min_eig=3.173090e-01
[FW] iter=206  min_eig=3.173326e-01
[FW] iter=207  min_eig=3.173561e-01
[FW] iter=208  min_eig=3.173792e-01
[FW] iter=209  min_eig=3.174020e-01
[FW] iter=210  min_eig=3.174246e-01
[FW] iter=211  min_eig=3.174467e-01
[FW] iter=212  min_eig=3.174686e-01
[FW] iter=213  min_eig=3.174901e-01
[FW] iter=214  min_eig=3.175112e-01
[FW] iter=215  min_eig=3.175323e-01
[FW] iter=216  min_eig=3.175529e-01
[FW] iter=217  min_eig=3.175733e-01
[FW] iter=218  min_eig=3.175934e-01
[FW] iter=219  min_eig=3.176132e-01
[FW] iter=220  min_eig=3.176327e-01
[FW] iter=221  min_eig=3.176521e-01
[FW] iter=222  min_eig=3.176710e-01
[FW] iter=223  min_eig=3.176898e-01
[FW] iter=224  min_eig=3.177084e-01
[FW] iter=225  min_eig=3.177266e-01
[FW] iter=226  min_eig=3.177447e-01
[FW] iter=227  min_eig=3.177624e-01
[FW] iter=228  min_eig=3.177800e-01
[FW] iter=229  min_eig=3.177973e-01
[FW] iter=230  min_eig=3.178144e-01
[FW] iter=231  min_eig=3.178313e-01
[FW] iter=232  min_eig=3.178479e-01
[FW] iter=233  min_eig=3.178644e-01
[FW] iter=234  min_eig=3.178806e-01
[FW] iter=235  min_eig=3.178967e-01
[FW] iter=236  min_eig=3.179124e-01
[FW] iter=237  min_eig=3.179281e-01
[FW] iter=238  min_eig=3.179435e-01
[FW] iter=239  min_eig=3.179588e-01
[FW] iter=240  min_eig=3.179739e-01
[FW] iter=241  min_eig=3.179887e-01
[FW] iter=242  min_eig=3.180034e-01
[FW] iter=243  min_eig=3.180179e-01
[FW] iter=244  min_eig=3.180323e-01
[FW] iter=245  min_eig=3.180464e-01
[FW] iter=246  min_eig=3.180603e-01
[FW] iter=247  min_eig=3.180742e-01
[FW] iter=248  min_eig=3.180879e-01
[FW] iter=249  min_eig=3.181011e-01
[FW] iter=250  min_eig=3.181146e-01
[FW] iter=251  min_eig=3.181277e-01
[FW] iter=252  min_eig=3.181407e-01
[FW] iter=253  min_eig=3.181536e-01
[FW] iter=254  min_eig=3.181662e-01
[FW] iter=255  min_eig=3.181788e-01
[FW] iter=256  min_eig=3.181912e-01
[FW] iter=257  min_eig=3.182034e-01
[FW] iter=258  min_eig=3.182156e-01
[FW] iter=259  min_eig=3.182276e-01
[FW] iter=260  min_eig=3.182394e-01
[FW] iter=261  min_eig=3.182511e-01
[FW] iter=262  min_eig=3.182626e-01
[FW] iter=263  min_eig=3.182741e-01
[FW] iter=264  min_eig=3.182854e-01
[FW] iter=265  min_eig=3.182965e-01
[FW] iter=266  min_eig=3.183076e-01
[FW] iter=267  min_eig=3.183185e-01
[FW] iter=268  min_eig=3.183293e-01
[FW] iter=269  min_eig=3.183400e-01
[FW] iter=270  min_eig=3.183505e-01
[FW] iter=271  min_eig=3.183610e-01
[FW] iter=272  min_eig=3.183714e-01
[FW] iter=273  min_eig=3.183816e-01
[FW] iter=274  min_eig=3.183917e-01
[FW] iter=275  min_eig=3.184017e-01
[FW] iter=276  min_eig=3.184116e-01
[FW] iter=277  min_eig=3.184214e-01
[FW] iter=278  min_eig=3.184311e-01
[FW] iter=279  min_eig=3.184406e-01
[FW] iter=280  min_eig=3.184501e-01
[FW] iter=281  min_eig=3.184594e-01
[FW] iter=282  min_eig=3.184688e-01
[FW] iter=283  min_eig=3.184779e-01
[FW] iter=284  min_eig=3.184870e-01
[FW] iter=285  min_eig=3.184960e-01
[FW] iter=286  min_eig=3.185049e-01
[FW] iter=287  min_eig=3.185137e-01
[FW] iter=288  min_eig=3.185224e-01
[FW] iter=289  min_eig=3.185310e-01
[FW] iter=290  min_eig=3.185394e-01
[FW] iter=291  min_eig=3.185478e-01
[FW] iter=292  min_eig=3.185562e-01
[FW] iter=293  min_eig=3.185645e-01
[FW] iter=294  min_eig=3.185727e-01
[FW] iter=295  min_eig=3.185808e-01
[FW] iter=296  min_eig=3.185888e-01
[FW] iter=297  min_eig=3.185967e-01
[FW] iter=298  min_eig=3.186046e-01
[FW] iter=299  min_eig=3.186123e-01
  [fw-e] min_eig=3.1931e-01  heldout=1.6563  (2.3s)
[FW-A] Building 720 candidate information matrices...
Building FIM:   0%|          | 0/720 [00:00<?, ?candidate/s]Building FIM:  62%|██████▏   | 448/720 [00:00<00:00, 4155.19candidate/s]Building FIM: 100%|██████████| 720/720 [00:00<00:00, 5105.73candidate/s]
[FW-A] Done. Starting Frank-Wolfe A-optimal (select_k=30)...
[FW-A] Pre-extracting dense blocks (intr_dim=9, num_poses=720)...
[FW-A] Block extraction done. Starting iterations...
[FW-A] iter=  0  -trace(H^{-1})=-8.774540e+00
[FW-A] iter=  1  -trace(H^{-1})=-4.260909e+02
[FW-A] iter=  2  -trace(H^{-1})=-1.428577e+01
[FW-A] iter=  3  -trace(H^{-1})=-1.049484e+01
[FW-A] iter=  4  -trace(H^{-1})=-1.034641e+01
[FW-A] iter=  5  -trace(H^{-1})=-1.093744e+01
[FW-A] iter=  6  -trace(H^{-1})=-1.169803e+01
[FW-A] iter=  7  -trace(H^{-1})=-1.279561e+01
[FW-A] iter=  8  -trace(H^{-1})=-1.332800e+01
[FW-A] iter=  9  -trace(H^{-1})=-9.603366e+00
[FW-A] iter= 10  -trace(H^{-1})=-9.287123e+00
[FW-A] iter= 11  -trace(H^{-1})=-9.431653e+00
[FW-A] iter= 12  -trace(H^{-1})=-9.744809e+00
[FW-A] iter= 13  -trace(H^{-1})=-9.625145e+00
[FW-A] iter= 14  -trace(H^{-1})=-8.879535e+00
[FW-A] iter= 15  -trace(H^{-1})=-8.918334e+00
[FW-A] iter= 16  -trace(H^{-1})=-9.155678e+00
[FW-A] iter= 17  -trace(H^{-1})=-9.423133e+00
[FW-A] iter= 18  -trace(H^{-1})=-9.018667e+00
[FW-A] iter= 19  -trace(H^{-1})=-8.507870e+00
[FW-A] iter= 20  -trace(H^{-1})=-8.827044e+00
[FW-A] iter= 21  -trace(H^{-1})=-9.215168e+00
[FW-A] iter= 22  -trace(H^{-1})=-8.884789e+00
[FW-A] iter= 23  -trace(H^{-1})=-9.236967e+00
[FW-A] iter= 24  -trace(H^{-1})=-9.408122e+00
[FW-A] iter= 25  -trace(H^{-1})=-8.537640e+00
[FW-A] iter= 26  -trace(H^{-1})=-8.071584e+00
[FW-A] iter= 27  -trace(H^{-1})=-7.664266e+00
[FW-A] iter= 28  -trace(H^{-1})=-7.344800e+00
[FW-A] iter= 29  -trace(H^{-1})=-7.080325e+00
[FW-A] iter= 30  -trace(H^{-1})=-6.857610e+00
[FW-A] iter= 31  -trace(H^{-1})=-6.675054e+00
[FW-A] iter= 32  -trace(H^{-1})=-6.509539e+00
[FW-A] iter= 33  -trace(H^{-1})=-6.369052e+00
[FW-A] iter= 34  -trace(H^{-1})=-6.247673e+00
[FW-A] iter= 35  -trace(H^{-1})=-6.139549e+00
[FW-A] iter= 36  -trace(H^{-1})=-6.044563e+00
[FW-A] iter= 37  -trace(H^{-1})=-5.958618e+00
[FW-A] iter= 38  -trace(H^{-1})=-5.881827e+00
[FW-A] iter= 39  -trace(H^{-1})=-5.812722e+00
[FW-A] iter= 40  -trace(H^{-1})=-5.750258e+00
[FW-A] iter= 41  -trace(H^{-1})=-5.693853e+00
[FW-A] iter= 42  -trace(H^{-1})=-5.643486e+00
[FW-A] iter= 43  -trace(H^{-1})=-5.596324e+00
[FW-A] iter= 44  -trace(H^{-1})=-5.552889e+00
[FW-A] iter= 45  -trace(H^{-1})=-5.512961e+00
[FW-A] iter= 46  -trace(H^{-1})=-5.476157e+00
[FW-A] iter= 47  -trace(H^{-1})=-5.442148e+00
[FW-A] iter= 48  -trace(H^{-1})=-5.410799e+00
[FW-A] iter= 49  -trace(H^{-1})=-5.381656e+00
[FW-A] iter= 50  -trace(H^{-1})=-5.354468e+00
[FW-A] iter= 51  -trace(H^{-1})=-5.329037e+00
[FW-A] iter= 52  -trace(H^{-1})=-5.305295e+00
[FW-A] iter= 53  -trace(H^{-1})=-5.283092e+00
[FW-A] iter= 54  -trace(H^{-1})=-5.262292e+00
[FW-A] iter= 55  -trace(H^{-1})=-5.242777e+00
[FW-A] iter= 56  -trace(H^{-1})=-5.224556e+00
[FW-A] iter= 57  -trace(H^{-1})=-5.207373e+00
[FW-A] iter= 58  -trace(H^{-1})=-5.191139e+00
[FW-A] iter= 59  -trace(H^{-1})=-5.175748e+00
[FW-A] iter= 60  -trace(H^{-1})=-5.161213e+00
[FW-A] iter= 61  -trace(H^{-1})=-5.147469e+00
[FW-A] iter= 62  -trace(H^{-1})=-5.134458e+00
[FW-A] iter= 63  -trace(H^{-1})=-5.122128e+00
[FW-A] iter= 64  -trace(H^{-1})=-5.110432e+00
[FW-A] iter= 65  -trace(H^{-1})=-5.099388e+00
[FW-A] iter= 66  -trace(H^{-1})=-5.088910e+00
[FW-A] iter= 67  -trace(H^{-1})=-5.078869e+00
[FW-A] iter= 68  -trace(H^{-1})=-5.069270e+00
[FW-A] iter= 69  -trace(H^{-1})=-5.060124e+00
[FW-A] iter= 70  -trace(H^{-1})=-5.051401e+00
[FW-A] iter= 71  -trace(H^{-1})=-5.043077e+00
[FW-A] iter= 72  -trace(H^{-1})=-5.035125e+00
[FW-A] iter= 73  -trace(H^{-1})=-5.027583e+00
[FW-A] iter= 74  -trace(H^{-1})=-5.020375e+00
[FW-A] iter= 75  -trace(H^{-1})=-5.013427e+00
[FW-A] iter= 76  -trace(H^{-1})=-5.006734e+00
[FW-A] iter= 77  -trace(H^{-1})=-5.000320e+00
[FW-A] iter= 78  -trace(H^{-1})=-4.994169e+00
[FW-A] iter= 79  -trace(H^{-1})=-4.988268e+00
[FW-A] iter= 80  -trace(H^{-1})=-4.982601e+00
[FW-A] iter= 81  -trace(H^{-1})=-4.977211e+00
[FW-A] iter= 82  -trace(H^{-1})=-4.972031e+00
[FW-A] iter= 83  -trace(H^{-1})=-4.967015e+00
[FW-A] iter= 84  -trace(H^{-1})=-4.962151e+00
[FW-A] iter= 85  -trace(H^{-1})=-4.957469e+00
[FW-A] iter= 86  -trace(H^{-1})=-4.952961e+00
[FW-A] iter= 87  -trace(H^{-1})=-4.948616e+00
[FW-A] iter= 88  -trace(H^{-1})=-4.944428e+00
[FW-A] iter= 89  -trace(H^{-1})=-4.940389e+00
[FW-A] iter= 90  -trace(H^{-1})=-4.936527e+00
[FW-A] iter= 91  -trace(H^{-1})=-4.932802e+00
[FW-A] iter= 92  -trace(H^{-1})=-4.929160e+00
[FW-A] iter= 93  -trace(H^{-1})=-4.925670e+00
[FW-A] iter= 94  -trace(H^{-1})=-4.922256e+00
[FW-A] iter= 95  -trace(H^{-1})=-4.918956e+00
[FW-A] iter= 96  -trace(H^{-1})=-4.915765e+00
[FW-A] iter= 97  -trace(H^{-1})=-4.912677e+00
[FW-A] iter= 98  -trace(H^{-1})=-4.909689e+00
[FW-A] iter= 99  -trace(H^{-1})=-4.906795e+00
[FW-A] iter=100  -trace(H^{-1})=-4.903993e+00
[FW-A] iter=101  -trace(H^{-1})=-4.901303e+00
[FW-A] iter=102  -trace(H^{-1})=-4.898661e+00
[FW-A] iter=103  -trace(H^{-1})=-4.896104e+00
[FW-A] iter=104  -trace(H^{-1})=-4.893618e+00
[FW-A] iter=105  -trace(H^{-1})=-4.891206e+00
[FW-A] iter=106  -trace(H^{-1})=-4.888865e+00
[FW-A] iter=107  -trace(H^{-1})=-4.886593e+00
[FW-A] iter=108  -trace(H^{-1})=-4.884388e+00
[FW-A] iter=109  -trace(H^{-1})=-4.882273e+00
[FW-A] iter=110  -trace(H^{-1})=-4.880182e+00
[FW-A] iter=111  -trace(H^{-1})=-4.878151e+00
[FW-A] iter=112  -trace(H^{-1})=-4.876181e+00
[FW-A] iter=113  -trace(H^{-1})=-4.874259e+00
[FW-A] iter=114  -trace(H^{-1})=-4.872391e+00
[FW-A] iter=115  -trace(H^{-1})=-4.870574e+00
[FW-A] iter=116  -trace(H^{-1})=-4.868805e+00
[FW-A] iter=117  -trace(H^{-1})=-4.867085e+00
[FW-A] iter=118  -trace(H^{-1})=-4.865430e+00
[FW-A] iter=119  -trace(H^{-1})=-4.863791e+00
[FW-A] iter=120  -trace(H^{-1})=-4.862195e+00
[FW-A] iter=121  -trace(H^{-1})=-4.860644e+00
[FW-A] iter=122  -trace(H^{-1})=-4.859128e+00
[FW-A] iter=123  -trace(H^{-1})=-4.857650e+00
[FW-A] iter=124  -trace(H^{-1})=-4.856210e+00
[FW-A] iter=125  -trace(H^{-1})=-4.854806e+00
[FW-A] iter=126  -trace(H^{-1})=-4.853437e+00
[FW-A] iter=127  -trace(H^{-1})=-4.852117e+00
[FW-A] iter=128  -trace(H^{-1})=-4.850808e+00
[FW-A] iter=129  -trace(H^{-1})=-4.849530e+00
[FW-A] iter=130  -trace(H^{-1})=-4.848287e+00
[FW-A] iter=131  -trace(H^{-1})=-4.847069e+00
[FW-A] iter=132  -trace(H^{-1})=-4.845880e+00
[FW-A] iter=133  -trace(H^{-1})=-4.844720e+00
[FW-A] iter=134  -trace(H^{-1})=-4.843586e+00
[FW-A] iter=135  -trace(H^{-1})=-4.842496e+00
[FW-A] iter=136  -trace(H^{-1})=-4.841408e+00
[FW-A] iter=137  -trace(H^{-1})=-4.840346e+00
[FW-A] iter=138  -trace(H^{-1})=-4.839307e+00
[FW-A] iter=139  -trace(H^{-1})=-4.838295e+00
[FW-A] iter=140  -trace(H^{-1})=-4.837302e+00
[FW-A] iter=141  -trace(H^{-1})=-4.836331e+00
[FW-A] iter=142  -trace(H^{-1})=-4.835381e+00
[FW-A] iter=143  -trace(H^{-1})=-4.834452e+00
[FW-A] iter=144  -trace(H^{-1})=-4.833557e+00
[FW-A] iter=145  -trace(H^{-1})=-4.832663e+00
[FW-A] iter=146  -trace(H^{-1})=-4.831789e+00
[FW-A] iter=147  -trace(H^{-1})=-4.830933e+00
[FW-A] iter=148  -trace(H^{-1})=-4.830098e+00
[FW-A] iter=149  -trace(H^{-1})=-4.829277e+00
[FW-A] iter=150  -trace(H^{-1})=-4.828473e+00
[FW-A] iter=151  -trace(H^{-1})=-4.827687e+00
[FW-A] iter=152  -trace(H^{-1})=-4.826916e+00
[FW-A] iter=153  -trace(H^{-1})=-4.826172e+00
[FW-A] iter=154  -trace(H^{-1})=-4.825428e+00
[FW-A] iter=155  -trace(H^{-1})=-4.824700e+00
[FW-A] iter=156  -trace(H^{-1})=-4.823986e+00
[FW-A] iter=157  -trace(H^{-1})=-4.823289e+00
[FW-A] iter=158  -trace(H^{-1})=-4.822603e+00
[FW-A] iter=159  -trace(H^{-1})=-4.821930e+00
[FW-A] iter=160  -trace(H^{-1})=-4.821271e+00
[FW-A] iter=161  -trace(H^{-1})=-4.820626e+00
[FW-A] iter=162  -trace(H^{-1})=-4.819991e+00
[FW-A] iter=163  -trace(H^{-1})=-4.819367e+00
[FW-A] iter=164  -trace(H^{-1})=-4.818756e+00
[FW-A] iter=165  -trace(H^{-1})=-4.818156e+00
[FW-A] iter=166  -trace(H^{-1})=-4.817577e+00
[FW-A] iter=167  -trace(H^{-1})=-4.816996e+00
[FW-A] iter=168  -trace(H^{-1})=-4.816426e+00
[FW-A] iter=169  -trace(H^{-1})=-4.815866e+00
[FW-A] iter=170  -trace(H^{-1})=-4.815317e+00
[FW-A] iter=171  -trace(H^{-1})=-4.814780e+00
[FW-A] iter=172  -trace(H^{-1})=-4.814250e+00
[FW-A] iter=173  -trace(H^{-1})=-4.813730e+00
[FW-A] iter=174  -trace(H^{-1})=-4.813220e+00
[FW-A] iter=175  -trace(H^{-1})=-4.812726e+00
[FW-A] iter=176  -trace(H^{-1})=-4.812231e+00
[FW-A] iter=177  -trace(H^{-1})=-4.811744e+00
[FW-A] iter=178  -trace(H^{-1})=-4.811266e+00
[FW-A] iter=179  -trace(H^{-1})=-4.810797e+00
[FW-A] iter=180  -trace(H^{-1})=-4.810337e+00
[FW-A] iter=181  -trace(H^{-1})=-4.809884e+00
[FW-A] iter=182  -trace(H^{-1})=-4.809438e+00
[FW-A] iter=183  -trace(H^{-1})=-4.809010e+00
[FW-A] iter=184  -trace(H^{-1})=-4.808576e+00
[FW-A] iter=185  -trace(H^{-1})=-4.808150e+00
[FW-A] iter=186  -trace(H^{-1})=-4.807732e+00
[FW-A] iter=187  -trace(H^{-1})=-4.807320e+00
[FW-A] iter=188  -trace(H^{-1})=-4.806916e+00
[FW-A] iter=189  -trace(H^{-1})=-4.806520e+00
[FW-A] iter=190  -trace(H^{-1})=-4.806129e+00
[FW-A] iter=191  -trace(H^{-1})=-4.805744e+00
[FW-A] iter=192  -trace(H^{-1})=-4.805373e+00
[FW-A] iter=193  -trace(H^{-1})=-4.804998e+00
[FW-A] iter=194  -trace(H^{-1})=-4.804629e+00
[FW-A] iter=195  -trace(H^{-1})=-4.804267e+00
[FW-A] iter=196  -trace(H^{-1})=-4.803910e+00
[FW-A] iter=197  -trace(H^{-1})=-4.803559e+00
[FW-A] iter=198  -trace(H^{-1})=-4.803215e+00
[FW-A] iter=199  -trace(H^{-1})=-4.802875e+00
[FW-A] iter=200  -trace(H^{-1})=-4.802541e+00
[FW-A] iter=201  -trace(H^{-1})=-4.802218e+00
[FW-A] iter=202  -trace(H^{-1})=-4.801891e+00
[FW-A] iter=203  -trace(H^{-1})=-4.801570e+00
[FW-A] iter=204  -trace(H^{-1})=-4.801253e+00
[FW-A] iter=205  -trace(H^{-1})=-4.800942e+00
[FW-A] iter=206  -trace(H^{-1})=-4.800636e+00
[FW-A] iter=207  -trace(H^{-1})=-4.800335e+00
[FW-A] iter=208  -trace(H^{-1})=-4.800038e+00
[FW-A] iter=209  -trace(H^{-1})=-4.799745e+00
[FW-A] iter=210  -trace(H^{-1})=-4.799462e+00
[FW-A] iter=211  -trace(H^{-1})=-4.799176e+00
[FW-A] iter=212  -trace(H^{-1})=-4.798894e+00
[FW-A] iter=213  -trace(H^{-1})=-4.798617e+00
[FW-A] iter=214  -trace(H^{-1})=-4.798343e+00
[FW-A] iter=215  -trace(H^{-1})=-4.798074e+00
[FW-A] iter=216  -trace(H^{-1})=-4.797810e+00
[FW-A] iter=217  -trace(H^{-1})=-4.797549e+00
[FW-A] iter=218  -trace(H^{-1})=-4.797298e+00
[FW-A] iter=219  -trace(H^{-1})=-4.797041e+00
[FW-A] iter=220  -trace(H^{-1})=-4.796789e+00
[FW-A] iter=221  -trace(H^{-1})=-4.796541e+00
[FW-A] iter=222  -trace(H^{-1})=-4.796296e+00
[FW-A] iter=223  -trace(H^{-1})=-4.796055e+00
[FW-A] iter=224  -trace(H^{-1})=-4.795817e+00
[FW-A] iter=225  -trace(H^{-1})=-4.795584e+00
[FW-A] iter=226  -trace(H^{-1})=-4.795353e+00
[FW-A] iter=227  -trace(H^{-1})=-4.795130e+00
[FW-A] iter=228  -trace(H^{-1})=-4.794903e+00
[FW-A] iter=229  -trace(H^{-1})=-4.794680e+00
[FW-A] iter=230  -trace(H^{-1})=-4.794460e+00
[FW-A] iter=231  -trace(H^{-1})=-4.794243e+00
[FW-A] iter=232  -trace(H^{-1})=-4.794029e+00
[FW-A] iter=233  -trace(H^{-1})=-4.793818e+00
[FW-A] iter=234  -trace(H^{-1})=-4.793610e+00
[FW-A] iter=235  -trace(H^{-1})=-4.793405e+00
[FW-A] iter=236  -trace(H^{-1})=-4.793207e+00
[FW-A] iter=237  -trace(H^{-1})=-4.793006e+00
[FW-A] iter=238  -trace(H^{-1})=-4.792807e+00
[FW-A] iter=239  -trace(H^{-1})=-4.792611e+00
[FW-A] iter=240  -trace(H^{-1})=-4.792417e+00
[FW-A] iter=241  -trace(H^{-1})=-4.792227e+00
[FW-A] iter=242  -trace(H^{-1})=-4.792038e+00
[FW-A] iter=243  -trace(H^{-1})=-4.791853e+00
[FW-A] iter=244  -trace(H^{-1})=-4.791675e+00
[FW-A] iter=245  -trace(H^{-1})=-4.791500e+00
[FW-A] iter=246  -trace(H^{-1})=-4.791321e+00
[FW-A] iter=247  -trace(H^{-1})=-4.791149e+00
[FW-A] iter=248  -trace(H^{-1})=-4.790973e+00
[FW-A] iter=249  -trace(H^{-1})=-4.790799e+00
[FW-A] iter=250  -trace(H^{-1})=-4.790628e+00
[FW-A] iter=251  -trace(H^{-1})=-4.790459e+00
[FW-A] iter=252  -trace(H^{-1})=-4.790292e+00
[FW-A] iter=253  -trace(H^{-1})=-4.790128e+00
[FW-A] iter=254  -trace(H^{-1})=-4.789966e+00
[FW-A] iter=255  -trace(H^{-1})=-4.789805e+00
[FW-A] iter=256  -trace(H^{-1})=-4.789650e+00
[FW-A] iter=257  -trace(H^{-1})=-4.789492e+00
[FW-A] iter=258  -trace(H^{-1})=-4.789336e+00
[FW-A] iter=259  -trace(H^{-1})=-4.789182e+00
[FW-A] iter=260  -trace(H^{-1})=-4.789030e+00
[FW-A] iter=261  -trace(H^{-1})=-4.788880e+00
[FW-A] iter=262  -trace(H^{-1})=-4.788733e+00
[FW-A] iter=263  -trace(H^{-1})=-4.788586e+00
[FW-A] iter=264  -trace(H^{-1})=-4.788442e+00
[FW-A] iter=265  -trace(H^{-1})=-4.788302e+00
[FW-A] iter=266  -trace(H^{-1})=-4.788160e+00
[FW-A] iter=267  -trace(H^{-1})=-4.788019e+00
[FW-A] iter=268  -trace(H^{-1})=-4.787880e+00
[FW-A] iter=269  -trace(H^{-1})=-4.787743e+00
[FW-A] iter=270  -trace(H^{-1})=-4.787608e+00
[FW-A] iter=271  -trace(H^{-1})=-4.787475e+00
[FW-A] iter=272  -trace(H^{-1})=-4.787342e+00
[FW-A] iter=273  -trace(H^{-1})=-4.787216e+00
[FW-A] iter=274  -trace(H^{-1})=-4.787085e+00
[FW-A] iter=275  -trace(H^{-1})=-4.786956e+00
[FW-A] iter=276  -trace(H^{-1})=-4.786829e+00
[FW-A] iter=277  -trace(H^{-1})=-4.786703e+00
[FW-A] iter=278  -trace(H^{-1})=-4.786579e+00
[FW-A] iter=279  -trace(H^{-1})=-4.786457e+00
[FW-A] iter=280  -trace(H^{-1})=-4.786336e+00
[FW-A] iter=281  -trace(H^{-1})=-4.786216e+00
[FW-A] iter=282  -trace(H^{-1})=-4.786101e+00
[FW-A] iter=283  -trace(H^{-1})=-4.785983e+00
[FW-A] iter=284  -trace(H^{-1})=-4.785866e+00
[FW-A] iter=285  -trace(H^{-1})=-4.785751e+00
[FW-A] iter=286  -trace(H^{-1})=-4.785637e+00
[FW-A] iter=287  -trace(H^{-1})=-4.785524e+00
[FW-A] iter=288  -trace(H^{-1})=-4.785412e+00
[FW-A] iter=289  -trace(H^{-1})=-4.785302e+00
[FW-A] iter=290  -trace(H^{-1})=-4.785194e+00
[FW-A] iter=291  -trace(H^{-1})=-4.785089e+00
[FW-A] iter=292  -trace(H^{-1})=-4.784982e+00
[FW-A] iter=293  -trace(H^{-1})=-4.784875e+00
[FW-A] iter=294  -trace(H^{-1})=-4.784770e+00
[FW-A] iter=295  -trace(H^{-1})=-4.784666e+00
[FW-A] iter=296  -trace(H^{-1})=-4.784563e+00
[FW-A] iter=297  -trace(H^{-1})=-4.784462e+00
[FW-A] iter=298  -trace(H^{-1})=-4.784362e+00
[FW-A] iter=299  -trace(H^{-1})=-4.784266e+00
  [fw-a] min_eig=3.1527e-01  heldout=2.4031  (2.3s)
[FW-D] Building 720 candidate information matrices...
Building FIM:   0%|          | 0/720 [00:00<?, ?candidate/s]Building FIM:  62%|██████▏   | 448/720 [00:00<00:00, 3851.35candidate/s]Building FIM: 100%|██████████| 720/720 [00:00<00:00, 4605.26candidate/s]
[FW-D] Done. Starting Frank-Wolfe D-optimal (select_k=30)...
[FW-D] Pre-extracting dense blocks (intr_dim=9, num_poses=720)...
[FW-D] Block extraction done. Starting iterations...
[FW-D] iter=  0  logdet=7.353187e+01
[FW-D] iter=  1  logdet=7.447510e+01
[FW-D] iter=  2  logdet=7.402242e+01
[FW-D] iter=  3  logdet=7.335554e+01
[FW-D] iter=  4  logdet=7.330972e+01
[FW-D] iter=  5  logdet=7.313797e+01
[FW-D] iter=  6  logdet=7.319302e+01
[FW-D] iter=  7  logdet=7.298257e+01
[FW-D] iter=  8  logdet=7.287704e+01
[FW-D] iter=  9  logdet=7.328555e+01
[FW-D] iter= 10  logdet=7.353473e+01
[FW-D] iter= 11  logdet=7.356841e+01
[FW-D] iter= 12  logdet=7.347040e+01
[FW-D] iter= 13  logdet=7.365673e+01
[FW-D] iter= 14  logdet=7.377509e+01
[FW-D] iter= 15  logdet=7.378805e+01
[FW-D] iter= 16  logdet=7.369378e+01
[FW-D] iter= 17  logdet=7.355377e+01
[FW-D] iter= 18  logdet=7.352482e+01
[FW-D] iter= 19  logdet=7.354291e+01
[FW-D] iter= 20  logdet=7.342099e+01
[FW-D] iter= 21  logdet=7.332165e+01
[FW-D] iter= 22  logdet=7.340287e+01
[FW-D] iter= 23  logdet=7.319026e+01
[FW-D] iter= 24  logdet=7.296465e+01
[FW-D] iter= 25  logdet=7.344941e+01
[FW-D] iter= 26  logdet=7.381089e+01
[FW-D] iter= 27  logdet=7.409807e+01
[FW-D] iter= 28  logdet=7.433882e+01
[FW-D] iter= 29  logdet=7.454622e+01
[FW-D] iter= 30  logdet=7.472696e+01
[FW-D] iter= 31  logdet=7.488590e+01
[FW-D] iter= 32  logdet=7.502668e+01
[FW-D] iter= 33  logdet=7.515214e+01
[FW-D] iter= 34  logdet=7.526481e+01
[FW-D] iter= 35  logdet=7.536640e+01
[FW-D] iter= 36  logdet=7.545841e+01
[FW-D] iter= 37  logdet=7.554203e+01
[FW-D] iter= 38  logdet=7.561828e+01
[FW-D] iter= 39  logdet=7.568818e+01
[FW-D] iter= 40  logdet=7.575230e+01
[FW-D] iter= 41  logdet=7.581131e+01
[FW-D] iter= 42  logdet=7.586581e+01
[FW-D] iter= 43  logdet=7.591619e+01
[FW-D] iter= 44  logdet=7.596271e+01
[FW-D] iter= 45  logdet=7.600622e+01
[FW-D] iter= 46  logdet=7.604667e+01
[FW-D] iter= 47  logdet=7.608437e+01
[FW-D] iter= 48  logdet=7.611955e+01
[FW-D] iter= 49  logdet=7.615234e+01
[FW-D] iter= 50  logdet=7.618327e+01
[FW-D] iter= 51  logdet=7.621227e+01
[FW-D] iter= 52  logdet=7.623950e+01
[FW-D] iter= 53  logdet=7.626509e+01
[FW-D] iter= 54  logdet=7.628925e+01
[FW-D] iter= 55  logdet=7.631202e+01
[FW-D] iter= 56  logdet=7.633353e+01
[FW-D] iter= 57  logdet=7.635387e+01
[FW-D] iter= 58  logdet=7.637311e+01
[FW-D] iter= 59  logdet=7.639137e+01
[FW-D] iter= 60  logdet=7.640866e+01
[FW-D] iter= 61  logdet=7.642511e+01
[FW-D] iter= 62  logdet=7.644071e+01
[FW-D] iter= 63  logdet=7.645558e+01
[FW-D] iter= 64  logdet=7.646972e+01
[FW-D] iter= 65  logdet=7.648316e+01
[FW-D] iter= 66  logdet=7.649604e+01
[FW-D] iter= 67  logdet=7.650832e+01
[FW-D] iter= 68  logdet=7.652003e+01
[FW-D] iter= 69  logdet=7.653118e+01
[FW-D] iter= 70  logdet=7.654192e+01
[FW-D] iter= 71  logdet=7.655217e+01
[FW-D] iter= 72  logdet=7.656199e+01
[FW-D] iter= 73  logdet=7.657135e+01
[FW-D] iter= 74  logdet=7.658039e+01
[FW-D] iter= 75  logdet=7.658905e+01
[FW-D] iter= 76  logdet=7.659736e+01
[FW-D] iter= 77  logdet=7.660530e+01
[FW-D] iter= 78  logdet=7.661299e+01
[FW-D] iter= 79  logdet=7.662037e+01
[FW-D] iter= 80  logdet=7.662746e+01
[FW-D] iter= 81  logdet=7.663429e+01
[FW-D] iter= 82  logdet=7.664086e+01
[FW-D] iter= 83  logdet=7.664720e+01
[FW-D] iter= 84  logdet=7.665331e+01
[FW-D] iter= 85  logdet=7.665917e+01
[FW-D] iter= 86  logdet=7.666486e+01
[FW-D] iter= 87  logdet=7.667035e+01
[FW-D] iter= 88  logdet=7.667565e+01
[FW-D] iter= 89  logdet=7.668074e+01
[FW-D] iter= 90  logdet=7.668570e+01
[FW-D] iter= 91  logdet=7.669048e+01
[FW-D] iter= 92  logdet=7.669511e+01
[FW-D] iter= 93  logdet=7.669958e+01
[FW-D] iter= 94  logdet=7.670390e+01
[FW-D] iter= 95  logdet=7.670810e+01
[FW-D] iter= 96  logdet=7.671216e+01
[FW-D] iter= 97  logdet=7.671607e+01
[FW-D] iter= 98  logdet=7.671989e+01
[FW-D] iter= 99  logdet=7.672360e+01
[FW-D] iter=100  logdet=7.672718e+01
[FW-D] iter=101  logdet=7.673063e+01
[FW-D] iter=102  logdet=7.673402e+01
[FW-D] iter=103  logdet=7.673730e+01
[FW-D] iter=104  logdet=7.674049e+01
[FW-D] iter=105  logdet=7.674357e+01
[FW-D] iter=106  logdet=7.674658e+01
[FW-D] iter=107  logdet=7.674950e+01
[FW-D] iter=108  logdet=7.675233e+01
[FW-D] iter=109  logdet=7.675507e+01
[FW-D] iter=110  logdet=7.675777e+01
[FW-D] iter=111  logdet=7.676038e+01
[FW-D] iter=112  logdet=7.676292e+01
[FW-D] iter=113  logdet=7.676539e+01
[FW-D] iter=114  logdet=7.676780e+01
[FW-D] iter=115  logdet=7.677014e+01
[FW-D] iter=116  logdet=7.677243e+01
[FW-D] iter=117  logdet=7.677465e+01
[FW-D] iter=118  logdet=7.677682e+01
[FW-D] iter=119  logdet=7.677893e+01
[FW-D] iter=120  logdet=7.678099e+01
[FW-D] iter=121  logdet=7.678300e+01
[FW-D] iter=122  logdet=7.678496e+01
[FW-D] iter=123  logdet=7.678687e+01
[FW-D] iter=124  logdet=7.678874e+01
[FW-D] iter=125  logdet=7.679056e+01
[FW-D] iter=126  logdet=7.679234e+01
[FW-D] iter=127  logdet=7.679407e+01
[FW-D] iter=128  logdet=7.679575e+01
[FW-D] iter=129  logdet=7.679741e+01
[FW-D] iter=130  logdet=7.679903e+01
[FW-D] iter=131  logdet=7.680061e+01
[FW-D] iter=132  logdet=7.680216e+01
[FW-D] iter=133  logdet=7.680367e+01
[FW-D] iter=134  logdet=7.680514e+01
[FW-D] iter=135  logdet=7.680658e+01
[FW-D] iter=136  logdet=7.680799e+01
[FW-D] iter=137  logdet=7.680937e+01
[FW-D] iter=138  logdet=7.681072e+01
[FW-D] iter=139  logdet=7.681204e+01
[FW-D] iter=140  logdet=7.681332e+01
[FW-D] iter=141  logdet=7.681459e+01
[FW-D] iter=142  logdet=7.681583e+01
[FW-D] iter=143  logdet=7.681705e+01
[FW-D] iter=144  logdet=7.681823e+01
[FW-D] iter=145  logdet=7.681939e+01
[FW-D] iter=146  logdet=7.682053e+01
[FW-D] iter=147  logdet=7.682165e+01
[FW-D] iter=148  logdet=7.682274e+01
[FW-D] iter=149  logdet=7.682381e+01
[FW-D] iter=150  logdet=7.682486e+01
[FW-D] iter=151  logdet=7.682589e+01
[FW-D] iter=152  logdet=7.682688e+01
[FW-D] iter=153  logdet=7.682788e+01
[FW-D] iter=154  logdet=7.682885e+01
[FW-D] iter=155  logdet=7.682980e+01
[FW-D] iter=156  logdet=7.683073e+01
[FW-D] iter=157  logdet=7.683164e+01
[FW-D] iter=158  logdet=7.683254e+01
[FW-D] iter=159  logdet=7.683342e+01
[FW-D] iter=160  logdet=7.683427e+01
[FW-D] iter=161  logdet=7.683513e+01
[FW-D] iter=162  logdet=7.683596e+01
[FW-D] iter=163  logdet=7.683678e+01
[FW-D] iter=164  logdet=7.683758e+01
[FW-D] iter=165  logdet=7.683836e+01
[FW-D] iter=166  logdet=7.683914e+01
[FW-D] iter=167  logdet=7.683990e+01
[FW-D] iter=168  logdet=7.684064e+01
[FW-D] iter=169  logdet=7.684137e+01
[FW-D] iter=170  logdet=7.684209e+01
[FW-D] iter=171  logdet=7.684280e+01
[FW-D] iter=172  logdet=7.684349e+01
[FW-D] iter=173  logdet=7.684417e+01
[FW-D] iter=174  logdet=7.684484e+01
[FW-D] iter=175  logdet=7.684550e+01
[FW-D] iter=176  logdet=7.684615e+01
[FW-D] iter=177  logdet=7.684679e+01
[FW-D] iter=178  logdet=7.684741e+01
[FW-D] iter=179  logdet=7.684803e+01
[FW-D] iter=180  logdet=7.684863e+01
[FW-D] iter=181  logdet=7.684922e+01
[FW-D] iter=182  logdet=7.684981e+01
[FW-D] iter=183  logdet=7.685039e+01
[FW-D] iter=184  logdet=7.685095e+01
[FW-D] iter=185  logdet=7.685151e+01
[FW-D] iter=186  logdet=7.685206e+01
[FW-D] iter=187  logdet=7.685260e+01
[FW-D] iter=188  logdet=7.685313e+01
[FW-D] iter=189  logdet=7.685365e+01
[FW-D] iter=190  logdet=7.685417e+01
[FW-D] iter=191  logdet=7.685467e+01
[FW-D] iter=192  logdet=7.685516e+01
[FW-D] iter=193  logdet=7.685566e+01
[FW-D] iter=194  logdet=7.685614e+01
[FW-D] iter=195  logdet=7.685662e+01
[FW-D] iter=196  logdet=7.685709e+01
[FW-D] iter=197  logdet=7.685755e+01
[FW-D] iter=198  logdet=7.685800e+01
[FW-D] iter=199  logdet=7.685845e+01
[FW-D] iter=200  logdet=7.685889e+01
[FW-D] iter=201  logdet=7.685932e+01
[FW-D] iter=202  logdet=7.685975e+01
[FW-D] iter=203  logdet=7.686017e+01
[FW-D] iter=204  logdet=7.686059e+01
[FW-D] iter=205  logdet=7.686100e+01
[FW-D] iter=206  logdet=7.686140e+01
[FW-D] iter=207  logdet=7.686180e+01
[FW-D] iter=208  logdet=7.686219e+01
[FW-D] iter=209  logdet=7.686258e+01
[FW-D] iter=210  logdet=7.686296e+01
[FW-D] iter=211  logdet=7.686333e+01
[FW-D] iter=212  logdet=7.686370e+01
[FW-D] iter=213  logdet=7.686407e+01
[FW-D] iter=214  logdet=7.686442e+01
[FW-D] iter=215  logdet=7.686477e+01
[FW-D] iter=216  logdet=7.686513e+01
[FW-D] iter=217  logdet=7.686547e+01
[FW-D] iter=218  logdet=7.686581e+01
[FW-D] iter=219  logdet=7.686615e+01
[FW-D] iter=220  logdet=7.686648e+01
[FW-D] iter=221  logdet=7.686680e+01
[FW-D] iter=222  logdet=7.686713e+01
[FW-D] iter=223  logdet=7.686744e+01
[FW-D] iter=224  logdet=7.686776e+01
[FW-D] iter=225  logdet=7.686807e+01
[FW-D] iter=226  logdet=7.686837e+01
[FW-D] iter=227  logdet=7.686867e+01
[FW-D] iter=228  logdet=7.686897e+01
[FW-D] iter=229  logdet=7.686926e+01
[FW-D] iter=230  logdet=7.686955e+01
[FW-D] iter=231  logdet=7.686984e+01
[FW-D] iter=232  logdet=7.687012e+01
[FW-D] iter=233  logdet=7.687040e+01
[FW-D] iter=234  logdet=7.687067e+01
[FW-D] iter=235  logdet=7.687094e+01
[FW-D] iter=236  logdet=7.687121e+01
[FW-D] iter=237  logdet=7.687147e+01
[FW-D] iter=238  logdet=7.687173e+01
[FW-D] iter=239  logdet=7.687199e+01
[FW-D] iter=240  logdet=7.687225e+01
[FW-D] iter=241  logdet=7.687250e+01
[FW-D] iter=242  logdet=7.687275e+01
[FW-D] iter=243  logdet=7.687299e+01
[FW-D] iter=244  logdet=7.687323e+01
[FW-D] iter=245  logdet=7.687347e+01
[FW-D] iter=246  logdet=7.687371e+01
[FW-D] iter=247  logdet=7.687394e+01
[FW-D] iter=248  logdet=7.687417e+01
[FW-D] iter=249  logdet=7.687440e+01
[FW-D] iter=250  logdet=7.687462e+01
[FW-D] iter=251  logdet=7.687485e+01
[FW-D] iter=252  logdet=7.687507e+01
[FW-D] iter=253  logdet=7.687529e+01
[FW-D] iter=254  logdet=7.687550e+01
[FW-D] iter=255  logdet=7.687571e+01
[FW-D] iter=256  logdet=7.687592e+01
[FW-D] iter=257  logdet=7.687613e+01
[FW-D] iter=258  logdet=7.687633e+01
[FW-D] iter=259  logdet=7.687653e+01
[FW-D] iter=260  logdet=7.687674e+01
[FW-D] iter=261  logdet=7.687693e+01
[FW-D] iter=262  logdet=7.687713e+01
[FW-D] iter=263  logdet=7.687732e+01
[FW-D] iter=264  logdet=7.687751e+01
[FW-D] iter=265  logdet=7.687770e+01
[FW-D] iter=266  logdet=7.687789e+01
[FW-D] iter=267  logdet=7.687807e+01
[FW-D] iter=268  logdet=7.687826e+01
[FW-D] iter=269  logdet=7.687844e+01
[FW-D] iter=270  logdet=7.687862e+01
[FW-D] iter=271  logdet=7.687879e+01
[FW-D] iter=272  logdet=7.687897e+01
[FW-D] iter=273  logdet=7.687914e+01
[FW-D] iter=274  logdet=7.687931e+01
[FW-D] iter=275  logdet=7.687948e+01
[FW-D] iter=276  logdet=7.687964e+01
[FW-D] iter=277  logdet=7.687981e+01
[FW-D] iter=278  logdet=7.687998e+01
[FW-D] iter=279  logdet=7.688014e+01
[FW-D] iter=280  logdet=7.688030e+01
[FW-D] iter=281  logdet=7.688046e+01
[FW-D] iter=282  logdet=7.688061e+01
[FW-D] iter=283  logdet=7.688077e+01
[FW-D] iter=284  logdet=7.688092e+01
[FW-D] iter=285  logdet=7.688107e+01
[FW-D] iter=286  logdet=7.688122e+01
[FW-D] iter=287  logdet=7.688137e+01
[FW-D] iter=288  logdet=7.688152e+01
[FW-D] iter=289  logdet=7.688166e+01
[FW-D] iter=290  logdet=7.688181e+01
[FW-D] iter=291  logdet=7.688195e+01
[FW-D] iter=292  logdet=7.688209e+01
[FW-D] iter=293  logdet=7.688223e+01
[FW-D] iter=294  logdet=7.688237e+01
[FW-D] iter=295  logdet=7.688251e+01
[FW-D] iter=296  logdet=7.688264e+01
[FW-D] iter=297  logdet=7.688278e+01
[FW-D] iter=298  logdet=7.688291e+01
[FW-D] iter=299  logdet=7.688304e+01
  [fw-d] min_eig=2.7111e-01  heldout=1.3049  (2.5s)

============================================================
K = 40  (held-out = 680 frames)
  [random] 25 trials...
  [coverage] min_eig=2.1261e-01  heldout=3.2424  (0.0s)
  [a-optimal] min_eig=4.0650e-01  heldout=2.7509  (12.4s)
  [d-optimal] min_eig=3.5402e-01  heldout=1.3259  (12.3s)
  [greedy-e] min_eig=4.1364e-01  heldout=1.7642  (12.7s)
[FW] Building 720 candidate information matrices...
Building FIM:   0%|          | 0/720 [00:00<?, ?candidate/s]Building FIM:  62%|██████▏   | 448/720 [00:00<00:00, 4076.31candidate/s]Building FIM: 100%|██████████| 720/720 [00:00<00:00, 4416.85candidate/s]
[FW] Done. Starting Frank-Wolfe optimization (select_k=40)...
[FW] Pre-extracting dense blocks (intr_dim=9, num_poses=720)...
[FW] Block extraction done. Starting iterations...
[FW] iter=  0  min_eig=2.036704e-01
[FW] iter=  1  min_eig=2.355941e-03
[FW] iter=  2  min_eig=1.303041e-01
[FW] iter=  3  min_eig=1.750238e-01
[FW] iter=  4  min_eig=1.696277e-01
[FW] iter=  5  min_eig=1.457859e-01
[FW] iter=  6  min_eig=1.302742e-01
[FW] iter=  7  min_eig=1.893847e-01
[FW] iter=  8  min_eig=1.909523e-01
[FW] iter=  9  min_eig=1.829878e-01
[FW] iter= 10  min_eig=1.794626e-01
[FW] iter= 11  min_eig=1.967382e-01
[FW] iter= 12  min_eig=1.884149e-01
[FW] iter= 13  min_eig=1.853026e-01
[FW] iter= 14  min_eig=1.971142e-01
[FW] iter= 15  min_eig=1.956991e-01
[FW] iter= 16  min_eig=1.860945e-01
[FW] iter= 17  min_eig=1.867092e-01
[FW] iter= 18  min_eig=1.780847e-01
[FW] iter= 19  min_eig=2.117486e-01
[FW] iter= 20  min_eig=2.272151e-01
[FW] iter= 21  min_eig=2.455639e-01
[FW] iter= 22  min_eig=2.602128e-01
[FW] iter= 23  min_eig=2.732508e-01
[FW] iter= 24  min_eig=2.846070e-01
[FW] iter= 25  min_eig=2.947033e-01
[FW] iter= 26  min_eig=3.035769e-01
[FW] iter= 27  min_eig=3.115881e-01
[FW] iter= 28  min_eig=3.187303e-01
[FW] iter= 29  min_eig=3.252390e-01
[FW] iter= 30  min_eig=3.311242e-01
[FW] iter= 31  min_eig=3.363950e-01
[FW] iter= 32  min_eig=3.412595e-01
[FW] iter= 33  min_eig=3.456836e-01
[FW] iter= 34  min_eig=3.497152e-01
[FW] iter= 35  min_eig=3.534019e-01
[FW] iter= 36  min_eig=3.567918e-01
[FW] iter= 37  min_eig=3.598791e-01
[FW] iter= 38  min_eig=3.627757e-01
[FW] iter= 39  min_eig=3.654451e-01
[FW] iter= 40  min_eig=3.679145e-01
[FW] iter= 41  min_eig=3.702005e-01
[FW] iter= 42  min_eig=3.722910e-01
[FW] iter= 43  min_eig=3.742922e-01
[FW] iter= 44  min_eig=3.761526e-01
[FW] iter= 45  min_eig=3.778880e-01
[FW] iter= 46  min_eig=3.795068e-01
[FW] iter= 47  min_eig=3.810125e-01
[FW] iter= 48  min_eig=3.824450e-01
[FW] iter= 49  min_eig=3.837862e-01
[FW] iter= 50  min_eig=3.850444e-01
[FW] iter= 51  min_eig=3.862179e-01
[FW] iter= 52  min_eig=3.873448e-01
[FW] iter= 53  min_eig=3.884059e-01
[FW] iter= 54  min_eig=3.894057e-01
[FW] iter= 55  min_eig=3.903493e-01
[FW] iter= 56  min_eig=3.912475e-01
[FW] iter= 57  min_eig=3.920954e-01
[FW] iter= 58  min_eig=3.929002e-01
[FW] iter= 59  min_eig=3.936684e-01
[FW] iter= 60  min_eig=3.943969e-01
[FW] iter= 61  min_eig=3.950884e-01
[FW] iter= 62  min_eig=3.957498e-01
[FW] iter= 63  min_eig=3.963761e-01
[FW] iter= 64  min_eig=3.969782e-01
[FW] iter= 65  min_eig=3.975502e-01
[FW] iter= 66  min_eig=3.980874e-01
[FW] iter= 67  min_eig=3.986150e-01
[FW] iter= 68  min_eig=3.991171e-01
[FW] iter= 69  min_eig=3.995965e-01
[FW] iter= 70  min_eig=4.000538e-01
[FW] iter= 71  min_eig=4.004938e-01
[FW] iter= 72  min_eig=4.009147e-01
[FW] iter= 73  min_eig=4.013114e-01
[FW] iter= 74  min_eig=4.017028e-01
[FW] iter= 75  min_eig=4.020772e-01
[FW] iter= 76  min_eig=4.024356e-01
[FW] iter= 77  min_eig=4.027789e-01
[FW] iter= 78  min_eig=4.031112e-01
[FW] iter= 79  min_eig=4.034294e-01
[FW] iter= 80  min_eig=4.037344e-01
[FW] iter= 81  min_eig=4.040315e-01
[FW] iter= 82  min_eig=4.043169e-01
[FW] iter= 83  min_eig=4.045905e-01
[FW] iter= 84  min_eig=4.048566e-01
[FW] iter= 85  min_eig=4.051120e-01
[FW] iter= 86  min_eig=4.053580e-01
[FW] iter= 87  min_eig=4.055978e-01
[FW] iter= 88  min_eig=4.058284e-01
[FW] iter= 89  min_eig=4.060510e-01
[FW] iter= 90  min_eig=4.062671e-01
[FW] iter= 91  min_eig=4.064750e-01
[FW] iter= 92  min_eig=4.066772e-01
[FW] iter= 93  min_eig=4.068726e-01
[FW] iter= 94  min_eig=4.070615e-01
[FW] iter= 95  min_eig=4.072442e-01
[FW] iter= 96  min_eig=4.074223e-01
[FW] iter= 97  min_eig=4.075947e-01
[FW] iter= 98  min_eig=4.077608e-01
[FW] iter= 99  min_eig=4.079236e-01
[FW] iter=100  min_eig=4.080802e-01
[FW] iter=101  min_eig=4.082328e-01
[FW] iter=102  min_eig=4.083810e-01
[FW] iter=103  min_eig=4.085247e-01
[FW] iter=104  min_eig=4.086646e-01
[FW] iter=105  min_eig=4.087995e-01
[FW] iter=106  min_eig=4.089319e-01
[FW] iter=107  min_eig=4.090599e-01
[FW] iter=108  min_eig=4.091845e-01
[FW] iter=109  min_eig=4.093059e-01
[FW] iter=110  min_eig=4.094241e-01
[FW] iter=111  min_eig=4.095384e-01
[FW] iter=112  min_eig=4.096507e-01
[FW] iter=113  min_eig=4.097595e-01
[FW] iter=114  min_eig=4.098656e-01
[FW] iter=115  min_eig=4.099689e-01
[FW] iter=116  min_eig=4.100696e-01
[FW] iter=117  min_eig=4.101677e-01
[FW] iter=118  min_eig=4.102631e-01
[FW] iter=119  min_eig=4.103565e-01
[FW] iter=120  min_eig=4.104474e-01
[FW] iter=121  min_eig=4.105359e-01
[FW] iter=122  min_eig=4.106225e-01
[FW] iter=123  min_eig=4.107070e-01
[FW] iter=124  min_eig=4.107893e-01
[FW] iter=125  min_eig=4.108698e-01
[FW] iter=126  min_eig=4.109478e-01
[FW] iter=127  min_eig=4.110249e-01
[FW] iter=128  min_eig=4.110996e-01
[FW] iter=129  min_eig=4.111726e-01
[FW] iter=130  min_eig=4.112442e-01
[FW] iter=131  min_eig=4.113142e-01
[FW] iter=132  min_eig=4.113821e-01
[FW] iter=133  min_eig=4.114492e-01
[FW] iter=134  min_eig=4.115145e-01
[FW] iter=135  min_eig=4.115781e-01
[FW] iter=136  min_eig=4.116407e-01
[FW] iter=137  min_eig=4.117019e-01
[FW] iter=138  min_eig=4.117616e-01
[FW] iter=139  min_eig=4.118198e-01
[FW] iter=140  min_eig=4.118774e-01
[FW] iter=141  min_eig=4.119331e-01
[FW] iter=142  min_eig=4.119883e-01
[FW] iter=143  min_eig=4.120419e-01
[FW] iter=144  min_eig=4.120944e-01
[FW] iter=145  min_eig=4.121461e-01
[FW] iter=146  min_eig=4.121961e-01
[FW] iter=147  min_eig=4.122459e-01
[FW] iter=148  min_eig=4.122942e-01
[FW] iter=149  min_eig=4.123419e-01
[FW] iter=150  min_eig=4.123883e-01
[FW] iter=151  min_eig=4.124338e-01
[FW] iter=152  min_eig=4.124788e-01
[FW] iter=153  min_eig=4.125224e-01
[FW] iter=154  min_eig=4.125656e-01
[FW] iter=155  min_eig=4.126078e-01
[FW] iter=156  min_eig=4.126490e-01
[FW] iter=157  min_eig=4.126897e-01
[FW] iter=158  min_eig=4.127295e-01
[FW] iter=159  min_eig=4.127685e-01
[FW] iter=160  min_eig=4.128068e-01
[FW] iter=161  min_eig=4.128447e-01
[FW] iter=162  min_eig=4.128814e-01
[FW] iter=163  min_eig=4.129178e-01
[FW] iter=164  min_eig=4.129534e-01
[FW] iter=165  min_eig=4.129882e-01
[FW] iter=166  min_eig=4.130227e-01
[FW] iter=167  min_eig=4.130564e-01
[FW] iter=168  min_eig=4.130895e-01
[FW] iter=169  min_eig=4.131221e-01
[FW] iter=170  min_eig=4.131540e-01
[FW] iter=171  min_eig=4.131853e-01
[FW] iter=172  min_eig=4.132163e-01
[FW] iter=173  min_eig=4.132463e-01
[FW] iter=174  min_eig=4.132763e-01
[FW] iter=175  min_eig=4.133058e-01
[FW] iter=176  min_eig=4.133345e-01
[FW] iter=177  min_eig=4.133628e-01
[FW] iter=178  min_eig=4.133906e-01
[FW] iter=179  min_eig=4.134181e-01
[FW] iter=180  min_eig=4.134447e-01
[FW] iter=181  min_eig=4.134713e-01
[FW] iter=182  min_eig=4.134973e-01
[FW] iter=183  min_eig=4.135231e-01
[FW] iter=184  min_eig=4.135482e-01
[FW] iter=185  min_eig=4.135730e-01
[FW] iter=186  min_eig=4.135975e-01
[FW] iter=187  min_eig=4.136214e-01
[FW] iter=188  min_eig=4.136451e-01
[FW] iter=189  min_eig=4.136682e-01
[FW] iter=190  min_eig=4.136914e-01
[FW] iter=191  min_eig=4.137138e-01
[FW] iter=192  min_eig=4.137359e-01
[FW] iter=193  min_eig=4.137577e-01
[FW] iter=194  min_eig=4.137792e-01
[FW] iter=195  min_eig=4.138004e-01
[FW] iter=196  min_eig=4.138213e-01
[FW] iter=197  min_eig=4.138418e-01
[FW] iter=198  min_eig=4.138621e-01
[FW] iter=199  min_eig=4.138820e-01
[FW] iter=200  min_eig=4.139016e-01
[FW] iter=201  min_eig=4.139209e-01
[FW] iter=202  min_eig=4.139400e-01
[FW] iter=203  min_eig=4.139586e-01
[FW] iter=204  min_eig=4.139771e-01
[FW] iter=205  min_eig=4.139953e-01
[FW] iter=206  min_eig=4.140134e-01
[FW] iter=207  min_eig=4.140312e-01
[FW] iter=208  min_eig=4.140485e-01
[FW] iter=209  min_eig=4.140658e-01
[FW] iter=210  min_eig=4.140828e-01
[FW] iter=211  min_eig=4.140994e-01
[FW] iter=212  min_eig=4.141160e-01
[FW] iter=213  min_eig=4.141321e-01
[FW] iter=214  min_eig=4.141482e-01
[FW] iter=215  min_eig=4.141640e-01
[FW] iter=216  min_eig=4.141796e-01
[FW] iter=217  min_eig=4.141950e-01
[FW] iter=218  min_eig=4.142101e-01
[FW] iter=219  min_eig=4.142252e-01
[FW] iter=220  min_eig=4.142398e-01
[FW] iter=221  min_eig=4.142543e-01
[FW] iter=222  min_eig=4.142687e-01
[FW] iter=223  min_eig=4.142828e-01
[FW] iter=224  min_eig=4.142968e-01
[FW] iter=225  min_eig=4.143107e-01
[FW] iter=226  min_eig=4.143241e-01
[FW] iter=227  min_eig=4.143377e-01
[FW] iter=228  min_eig=4.143509e-01
[FW] iter=229  min_eig=4.143640e-01
[FW] iter=230  min_eig=4.143769e-01
[FW] iter=231  min_eig=4.143896e-01
[FW] iter=232  min_eig=4.144022e-01
[FW] iter=233  min_eig=4.144145e-01
[FW] iter=234  min_eig=4.144269e-01
[FW] iter=235  min_eig=4.144390e-01
[FW] iter=236  min_eig=4.144510e-01
[FW] iter=237  min_eig=4.144627e-01
[FW] iter=238  min_eig=4.144743e-01
[FW] iter=239  min_eig=4.144859e-01
[FW] iter=240  min_eig=4.144972e-01
[FW] iter=241  min_eig=4.145083e-01
[FW] iter=242  min_eig=4.145195e-01
[FW] iter=243  min_eig=4.145305e-01
[FW] iter=244  min_eig=4.145413e-01
[FW] iter=245  min_eig=4.145520e-01
[FW] iter=246  min_eig=4.145625e-01
[FW] iter=247  min_eig=4.145730e-01
[FW] iter=248  min_eig=4.145833e-01
[FW] iter=249  min_eig=4.145936e-01
[FW] iter=250  min_eig=4.146035e-01
[FW] iter=251  min_eig=4.146135e-01
[FW] iter=252  min_eig=4.146233e-01
[FW] iter=253  min_eig=4.146331e-01
[FW] iter=254  min_eig=4.146423e-01
[FW] iter=255  min_eig=4.146520e-01
[FW] iter=256  min_eig=4.146611e-01
[FW] iter=257  min_eig=4.146706e-01
[FW] iter=258  min_eig=4.146797e-01
[FW] iter=259  min_eig=4.146889e-01
[FW] iter=260  min_eig=4.146979e-01
[FW] iter=261  min_eig=4.147065e-01
[FW] iter=262  min_eig=4.147153e-01
[FW] iter=263  min_eig=4.147240e-01
[FW] iter=264  min_eig=4.147325e-01
[FW] iter=265  min_eig=4.147411e-01
[FW] iter=266  min_eig=4.147492e-01
[FW] iter=267  min_eig=4.147575e-01
[FW] iter=268  min_eig=4.147658e-01
[FW] iter=269  min_eig=4.147736e-01
[FW] iter=270  min_eig=4.147817e-01
[FW] iter=271  min_eig=4.147896e-01
[FW] iter=272  min_eig=4.147975e-01
[FW] iter=273  min_eig=4.148051e-01
[FW] iter=274  min_eig=4.148127e-01
[FW] iter=275  min_eig=4.148204e-01
[FW] iter=276  min_eig=4.148277e-01
[FW] iter=277  min_eig=4.148353e-01
[FW] iter=278  min_eig=4.148425e-01
[FW] iter=279  min_eig=4.148497e-01
[FW] iter=280  min_eig=4.148569e-01
[FW] iter=281  min_eig=4.148640e-01
[FW] iter=282  min_eig=4.148713e-01
[FW] iter=283  min_eig=4.148778e-01
[FW] iter=284  min_eig=4.148849e-01
[FW] iter=285  min_eig=4.148915e-01
[FW] iter=286  min_eig=4.148983e-01
[FW] iter=287  min_eig=4.149048e-01
[FW] iter=288  min_eig=4.149115e-01
[FW] iter=289  min_eig=4.149181e-01
[FW] iter=290  min_eig=4.149244e-01
[FW] iter=291  min_eig=4.149307e-01
[FW] iter=292  min_eig=4.149372e-01
[FW] iter=293  min_eig=4.149433e-01
[FW] iter=294  min_eig=4.149496e-01
[FW] iter=295  min_eig=4.149557e-01
[FW] iter=296  min_eig=4.149618e-01
[FW] iter=297  min_eig=4.149678e-01
[FW] iter=298  min_eig=4.149737e-01
[FW] iter=299  min_eig=4.149796e-01
  [fw-e] min_eig=4.1456e-01  heldout=1.6568  (2.3s)
[FW-A] Building 720 candidate information matrices...
Building FIM:   0%|          | 0/720 [00:00<?, ?candidate/s]Building FIM:  62%|██████▏   | 448/720 [00:00<00:00, 4105.45candidate/s]Building FIM: 100%|██████████| 720/720 [00:00<00:00, 4853.67candidate/s]
[FW-A] Done. Starting Frank-Wolfe A-optimal (select_k=40)...
[FW-A] Pre-extracting dense blocks (intr_dim=9, num_poses=720)...
[FW-A] Block extraction done. Starting iterations...
[FW-A] iter=  0  -trace(H^{-1})=-6.601781e+00
[FW-A] iter=  1  -trace(H^{-1})=-4.253199e+02
[FW-A] iter=  2  -trace(H^{-1})=-9.684411e+00
[FW-A] iter=  3  -trace(H^{-1})=-7.451470e+00
[FW-A] iter=  4  -trace(H^{-1})=-7.178399e+00
[FW-A] iter=  5  -trace(H^{-1})=-7.995043e+00
[FW-A] iter=  6  -trace(H^{-1})=-8.737351e+00
[FW-A] iter=  7  -trace(H^{-1})=-7.200300e+00
[FW-A] iter=  8  -trace(H^{-1})=-6.951219e+00
[FW-A] iter=  9  -trace(H^{-1})=-7.122296e+00
[FW-A] iter= 10  -trace(H^{-1})=-7.352547e+00
[FW-A] iter= 11  -trace(H^{-1})=-6.842162e+00
[FW-A] iter= 12  -trace(H^{-1})=-7.003033e+00
[FW-A] iter= 13  -trace(H^{-1})=-7.185337e+00
[FW-A] iter= 14  -trace(H^{-1})=-6.784816e+00
[FW-A] iter= 15  -trace(H^{-1})=-6.853536e+00
[FW-A] iter= 16  -trace(H^{-1})=-7.046481e+00
[FW-A] iter= 17  -trace(H^{-1})=-6.940128e+00
[FW-A] iter= 18  -trace(H^{-1})=-7.179424e+00
[FW-A] iter= 19  -trace(H^{-1})=-6.502104e+00
[FW-A] iter= 20  -trace(H^{-1})=-6.024032e+00
[FW-A] iter= 21  -trace(H^{-1})=-5.667506e+00
[FW-A] iter= 22  -trace(H^{-1})=-5.397108e+00
[FW-A] iter= 23  -trace(H^{-1})=-5.182968e+00
[FW-A] iter= 24  -trace(H^{-1})=-5.010086e+00
[FW-A] iter= 25  -trace(H^{-1})=-4.868360e+00
[FW-A] iter= 26  -trace(H^{-1})=-4.749784e+00
[FW-A] iter= 27  -trace(H^{-1})=-4.650017e+00
[FW-A] iter= 28  -trace(H^{-1})=-4.563539e+00
[FW-A] iter= 29  -trace(H^{-1})=-4.489617e+00
[FW-A] iter= 30  -trace(H^{-1})=-4.423821e+00
[FW-A] iter= 31  -trace(H^{-1})=-4.366288e+00
[FW-A] iter= 32  -trace(H^{-1})=-4.315533e+00
[FW-A] iter= 33  -trace(H^{-1})=-4.270650e+00
[FW-A] iter= 34  -trace(H^{-1})=-4.230086e+00
[FW-A] iter= 35  -trace(H^{-1})=-4.193922e+00
[FW-A] iter= 36  -trace(H^{-1})=-4.161204e+00
[FW-A] iter= 37  -trace(H^{-1})=-4.131891e+00
[FW-A] iter= 38  -trace(H^{-1})=-4.104901e+00
[FW-A] iter= 39  -trace(H^{-1})=-4.080461e+00
[FW-A] iter= 40  -trace(H^{-1})=-4.058039e+00
[FW-A] iter= 41  -trace(H^{-1})=-4.037406e+00
[FW-A] iter= 42  -trace(H^{-1})=-4.018204e+00
[FW-A] iter= 43  -trace(H^{-1})=-4.000597e+00
[FW-A] iter= 44  -trace(H^{-1})=-3.984299e+00
[FW-A] iter= 45  -trace(H^{-1})=-3.969270e+00
[FW-A] iter= 46  -trace(H^{-1})=-3.955192e+00
[FW-A] iter= 47  -trace(H^{-1})=-3.942191e+00
[FW-A] iter= 48  -trace(H^{-1})=-3.929992e+00
[FW-A] iter= 49  -trace(H^{-1})=-3.918661e+00
[FW-A] iter= 50  -trace(H^{-1})=-3.908016e+00
[FW-A] iter= 51  -trace(H^{-1})=-3.898074e+00
[FW-A] iter= 52  -trace(H^{-1})=-3.888727e+00
[FW-A] iter= 53  -trace(H^{-1})=-3.879951e+00
[FW-A] iter= 54  -trace(H^{-1})=-3.871697e+00
[FW-A] iter= 55  -trace(H^{-1})=-3.864053e+00
[FW-A] iter= 56  -trace(H^{-1})=-3.856784e+00
[FW-A] iter= 57  -trace(H^{-1})=-3.849928e+00
[FW-A] iter= 58  -trace(H^{-1})=-3.843329e+00
[FW-A] iter= 59  -trace(H^{-1})=-3.837083e+00
[FW-A] iter= 60  -trace(H^{-1})=-3.831186e+00
[FW-A] iter= 61  -trace(H^{-1})=-3.825628e+00
[FW-A] iter= 62  -trace(H^{-1})=-3.820310e+00
[FW-A] iter= 63  -trace(H^{-1})=-3.815248e+00
[FW-A] iter= 64  -trace(H^{-1})=-3.810471e+00
[FW-A] iter= 65  -trace(H^{-1})=-3.805884e+00
[FW-A] iter= 66  -trace(H^{-1})=-3.801546e+00
[FW-A] iter= 67  -trace(H^{-1})=-3.797384e+00
[FW-A] iter= 68  -trace(H^{-1})=-3.793432e+00
[FW-A] iter= 69  -trace(H^{-1})=-3.789643e+00
[FW-A] iter= 70  -trace(H^{-1})=-3.786031e+00
[FW-A] iter= 71  -trace(H^{-1})=-3.782573e+00
[FW-A] iter= 72  -trace(H^{-1})=-3.779263e+00
[FW-A] iter= 73  -trace(H^{-1})=-3.776098e+00
[FW-A] iter= 74  -trace(H^{-1})=-3.773055e+00
[FW-A] iter= 75  -trace(H^{-1})=-3.770151e+00
[FW-A] iter= 76  -trace(H^{-1})=-3.767348e+00
[FW-A] iter= 77  -trace(H^{-1})=-3.764677e+00
[FW-A] iter= 78  -trace(H^{-1})=-3.762089e+00
[FW-A] iter= 79  -trace(H^{-1})=-3.759599e+00
[FW-A] iter= 80  -trace(H^{-1})=-3.757235e+00
[FW-A] iter= 81  -trace(H^{-1})=-3.754926e+00
[FW-A] iter= 82  -trace(H^{-1})=-3.752718e+00
[FW-A] iter= 83  -trace(H^{-1})=-3.750615e+00
[FW-A] iter= 84  -trace(H^{-1})=-3.748549e+00
[FW-A] iter= 85  -trace(H^{-1})=-3.746566e+00
[FW-A] iter= 86  -trace(H^{-1})=-3.744663e+00
[FW-A] iter= 87  -trace(H^{-1})=-3.742852e+00
[FW-A] iter= 88  -trace(H^{-1})=-3.741056e+00
[FW-A] iter= 89  -trace(H^{-1})=-3.739338e+00
[FW-A] iter= 90  -trace(H^{-1})=-3.737698e+00
[FW-A] iter= 91  -trace(H^{-1})=-3.736086e+00
[FW-A] iter= 92  -trace(H^{-1})=-3.734550e+00
[FW-A] iter= 93  -trace(H^{-1})=-3.733045e+00
[FW-A] iter= 94  -trace(H^{-1})=-3.731606e+00
[FW-A] iter= 95  -trace(H^{-1})=-3.730200e+00
[FW-A] iter= 96  -trace(H^{-1})=-3.728848e+00
[FW-A] iter= 97  -trace(H^{-1})=-3.727531e+00
[FW-A] iter= 98  -trace(H^{-1})=-3.726261e+00
[FW-A] iter= 99  -trace(H^{-1})=-3.725027e+00
[FW-A] iter=100  -trace(H^{-1})=-3.723831e+00
[FW-A] iter=101  -trace(H^{-1})=-3.722672e+00
[FW-A] iter=102  -trace(H^{-1})=-3.721545e+00
[FW-A] iter=103  -trace(H^{-1})=-3.720456e+00
[FW-A] iter=104  -trace(H^{-1})=-3.719392e+00
[FW-A] iter=105  -trace(H^{-1})=-3.718367e+00
[FW-A] iter=106  -trace(H^{-1})=-3.717362e+00
[FW-A] iter=107  -trace(H^{-1})=-3.716384e+00
[FW-A] iter=108  -trace(H^{-1})=-3.715454e+00
[FW-A] iter=109  -trace(H^{-1})=-3.714528e+00
[FW-A] iter=110  -trace(H^{-1})=-3.713626e+00
[FW-A] iter=111  -trace(H^{-1})=-3.712754e+00
[FW-A] iter=112  -trace(H^{-1})=-3.711926e+00
[FW-A] iter=113  -trace(H^{-1})=-3.711092e+00
[FW-A] iter=114  -trace(H^{-1})=-3.710285e+00
[FW-A] iter=115  -trace(H^{-1})=-3.709504e+00
[FW-A] iter=116  -trace(H^{-1})=-3.708745e+00
[FW-A] iter=117  -trace(H^{-1})=-3.708003e+00
[FW-A] iter=118  -trace(H^{-1})=-3.707290e+00
[FW-A] iter=119  -trace(H^{-1})=-3.706579e+00
[FW-A] iter=120  -trace(H^{-1})=-3.705900e+00
[FW-A] iter=121  -trace(H^{-1})=-3.705227e+00
[FW-A] iter=122  -trace(H^{-1})=-3.704580e+00
[FW-A] iter=123  -trace(H^{-1})=-3.703941e+00
[FW-A] iter=124  -trace(H^{-1})=-3.703324e+00
[FW-A] iter=125  -trace(H^{-1})=-3.702717e+00
[FW-A] iter=126  -trace(H^{-1})=-3.702128e+00
[FW-A] iter=127  -trace(H^{-1})=-3.701551e+00
[FW-A] iter=128  -trace(H^{-1})=-3.700988e+00
[FW-A] iter=129  -trace(H^{-1})=-3.700440e+00
[FW-A] iter=130  -trace(H^{-1})=-3.699902e+00
[FW-A] iter=131  -trace(H^{-1})=-3.699380e+00
[FW-A] iter=132  -trace(H^{-1})=-3.698865e+00
[FW-A] iter=133  -trace(H^{-1})=-3.698367e+00
[FW-A] iter=134  -trace(H^{-1})=-3.697875e+00
[FW-A] iter=135  -trace(H^{-1})=-3.697401e+00
[FW-A] iter=136  -trace(H^{-1})=-3.696929e+00
[FW-A] iter=137  -trace(H^{-1})=-3.696467e+00
[FW-A] iter=138  -trace(H^{-1})=-3.696029e+00
[FW-A] iter=139  -trace(H^{-1})=-3.695586e+00
[FW-A] iter=140  -trace(H^{-1})=-3.695151e+00
[FW-A] iter=141  -trace(H^{-1})=-3.694730e+00
[FW-A] iter=142  -trace(H^{-1})=-3.694318e+00
[FW-A] iter=143  -trace(H^{-1})=-3.693916e+00
[FW-A] iter=144  -trace(H^{-1})=-3.693534e+00
[FW-A] iter=145  -trace(H^{-1})=-3.693140e+00
[FW-A] iter=146  -trace(H^{-1})=-3.692760e+00
[FW-A] iter=147  -trace(H^{-1})=-3.692395e+00
[FW-A] iter=148  -trace(H^{-1})=-3.692028e+00
[FW-A] iter=149  -trace(H^{-1})=-3.691677e+00
[FW-A] iter=150  -trace(H^{-1})=-3.691325e+00
[FW-A] iter=151  -trace(H^{-1})=-3.690987e+00
[FW-A] iter=152  -trace(H^{-1})=-3.690651e+00
[FW-A] iter=153  -trace(H^{-1})=-3.690325e+00
[FW-A] iter=154  -trace(H^{-1})=-3.690003e+00
[FW-A] iter=155  -trace(H^{-1})=-3.689689e+00
[FW-A] iter=156  -trace(H^{-1})=-3.689380e+00
[FW-A] iter=157  -trace(H^{-1})=-3.689077e+00
[FW-A] iter=158  -trace(H^{-1})=-3.688781e+00
[FW-A] iter=159  -trace(H^{-1})=-3.688488e+00
[FW-A] iter=160  -trace(H^{-1})=-3.688204e+00
[FW-A] iter=161  -trace(H^{-1})=-3.687922e+00
[FW-A] iter=162  -trace(H^{-1})=-3.687649e+00
[FW-A] iter=163  -trace(H^{-1})=-3.687376e+00
[FW-A] iter=164  -trace(H^{-1})=-3.687108e+00
[FW-A] iter=165  -trace(H^{-1})=-3.686851e+00
[FW-A] iter=166  -trace(H^{-1})=-3.686592e+00
[FW-A] iter=167  -trace(H^{-1})=-3.686340e+00
[FW-A] iter=168  -trace(H^{-1})=-3.686099e+00
[FW-A] iter=169  -trace(H^{-1})=-3.685852e+00
[FW-A] iter=170  -trace(H^{-1})=-3.685611e+00
[FW-A] iter=171  -trace(H^{-1})=-3.685378e+00
[FW-A] iter=172  -trace(H^{-1})=-3.685155e+00
[FW-A] iter=173  -trace(H^{-1})=-3.684923e+00
[FW-A] iter=174  -trace(H^{-1})=-3.684699e+00
[FW-A] iter=175  -trace(H^{-1})=-3.684485e+00
[FW-A] iter=176  -trace(H^{-1})=-3.684267e+00
[FW-A] iter=177  -trace(H^{-1})=-3.684059e+00
[FW-A] iter=178  -trace(H^{-1})=-3.683849e+00
[FW-A] iter=179  -trace(H^{-1})=-3.683648e+00
[FW-A] iter=180  -trace(H^{-1})=-3.683446e+00
[FW-A] iter=181  -trace(H^{-1})=-3.683250e+00
[FW-A] iter=182  -trace(H^{-1})=-3.683055e+00
[FW-A] iter=183  -trace(H^{-1})=-3.682866e+00
[FW-A] iter=184  -trace(H^{-1})=-3.682678e+00
[FW-A] iter=185  -trace(H^{-1})=-3.682494e+00
[FW-A] iter=186  -trace(H^{-1})=-3.682313e+00
[FW-A] iter=187  -trace(H^{-1})=-3.682134e+00
[FW-A] iter=188  -trace(H^{-1})=-3.681959e+00
[FW-A] iter=189  -trace(H^{-1})=-3.681786e+00
[FW-A] iter=190  -trace(H^{-1})=-3.681617e+00
[FW-A] iter=191  -trace(H^{-1})=-3.681448e+00
[FW-A] iter=192  -trace(H^{-1})=-3.681281e+00
[FW-A] iter=193  -trace(H^{-1})=-3.681124e+00
[FW-A] iter=194  -trace(H^{-1})=-3.680962e+00
[FW-A] iter=195  -trace(H^{-1})=-3.680802e+00
[FW-A] iter=196  -trace(H^{-1})=-3.680646e+00
[FW-A] iter=197  -trace(H^{-1})=-3.680499e+00
[FW-A] iter=198  -trace(H^{-1})=-3.680346e+00
[FW-A] iter=199  -trace(H^{-1})=-3.680195e+00
[FW-A] iter=200  -trace(H^{-1})=-3.680049e+00
[FW-A] iter=201  -trace(H^{-1})=-3.679906e+00
[FW-A] iter=202  -trace(H^{-1})=-3.679764e+00
[FW-A] iter=203  -trace(H^{-1})=-3.679627e+00
[FW-A] iter=204  -trace(H^{-1})=-3.679487e+00
[FW-A] iter=205  -trace(H^{-1})=-3.679354e+00
[FW-A] iter=206  -trace(H^{-1})=-3.679219e+00
[FW-A] iter=207  -trace(H^{-1})=-3.679089e+00
[FW-A] iter=208  -trace(H^{-1})=-3.678958e+00
[FW-A] iter=209  -trace(H^{-1})=-3.678832e+00
[FW-A] iter=210  -trace(H^{-1})=-3.678705e+00
[FW-A] iter=211  -trace(H^{-1})=-3.678582e+00
[FW-A] iter=212  -trace(H^{-1})=-3.678459e+00
[FW-A] iter=213  -trace(H^{-1})=-3.678339e+00
[FW-A] iter=214  -trace(H^{-1})=-3.678221e+00
[FW-A] iter=215  -trace(H^{-1})=-3.678103e+00
[FW-A] iter=216  -trace(H^{-1})=-3.677988e+00
[FW-A] iter=217  -trace(H^{-1})=-3.677874e+00
[FW-A] iter=218  -trace(H^{-1})=-3.677763e+00
[FW-A] iter=219  -trace(H^{-1})=-3.677651e+00
[FW-A] iter=220  -trace(H^{-1})=-3.677540e+00
[FW-A] iter=221  -trace(H^{-1})=-3.677436e+00
[FW-A] iter=222  -trace(H^{-1})=-3.677328e+00
[FW-A] iter=223  -trace(H^{-1})=-3.677221e+00
[FW-A] iter=224  -trace(H^{-1})=-3.677116e+00
[FW-A] iter=225  -trace(H^{-1})=-3.677018e+00
[FW-A] iter=226  -trace(H^{-1})=-3.676915e+00
[FW-A] iter=227  -trace(H^{-1})=-3.676814e+00
[FW-A] iter=228  -trace(H^{-1})=-3.676715e+00
[FW-A] iter=229  -trace(H^{-1})=-3.676618e+00
[FW-A] iter=230  -trace(H^{-1})=-3.676522e+00
[FW-A] iter=231  -trace(H^{-1})=-3.676430e+00
[FW-A] iter=232  -trace(H^{-1})=-3.676335e+00
[FW-A] iter=233  -trace(H^{-1})=-3.676245e+00
[FW-A] iter=234  -trace(H^{-1})=-3.676152e+00
[FW-A] iter=235  -trace(H^{-1})=-3.676064e+00
[FW-A] iter=236  -trace(H^{-1})=-3.675975e+00
[FW-A] iter=237  -trace(H^{-1})=-3.675888e+00
[FW-A] iter=238  -trace(H^{-1})=-3.675801e+00
[FW-A] iter=239  -trace(H^{-1})=-3.675717e+00
[FW-A] iter=240  -trace(H^{-1})=-3.675632e+00
[FW-A] iter=241  -trace(H^{-1})=-3.675549e+00
[FW-A] iter=242  -trace(H^{-1})=-3.675468e+00
[FW-A] iter=243  -trace(H^{-1})=-3.675387e+00
[FW-A] iter=244  -trace(H^{-1})=-3.675307e+00
[FW-A] iter=245  -trace(H^{-1})=-3.675228e+00
[FW-A] iter=246  -trace(H^{-1})=-3.675151e+00
[FW-A] iter=247  -trace(H^{-1})=-3.675073e+00
[FW-A] iter=248  -trace(H^{-1})=-3.674995e+00
[FW-A] iter=249  -trace(H^{-1})=-3.674922e+00
[FW-A] iter=250  -trace(H^{-1})=-3.674847e+00
[FW-A] iter=251  -trace(H^{-1})=-3.674772e+00
[FW-A] iter=252  -trace(H^{-1})=-3.674698e+00
[FW-A] iter=253  -trace(H^{-1})=-3.674630e+00
[FW-A] iter=254  -trace(H^{-1})=-3.674557e+00
[FW-A] iter=255  -trace(H^{-1})=-3.674485e+00
[FW-A] iter=256  -trace(H^{-1})=-3.674416e+00
[FW-A] iter=257  -trace(H^{-1})=-3.674347e+00
[FW-A] iter=258  -trace(H^{-1})=-3.674280e+00
[FW-A] iter=259  -trace(H^{-1})=-3.674213e+00
[FW-A] iter=260  -trace(H^{-1})=-3.674148e+00
[FW-A] iter=261  -trace(H^{-1})=-3.674081e+00
[FW-A] iter=262  -trace(H^{-1})=-3.674018e+00
[FW-A] iter=263  -trace(H^{-1})=-3.673953e+00
[FW-A] iter=264  -trace(H^{-1})=-3.673891e+00
[FW-A] iter=265  -trace(H^{-1})=-3.673828e+00
[FW-A] iter=266  -trace(H^{-1})=-3.673767e+00
[FW-A] iter=267  -trace(H^{-1})=-3.673705e+00
[FW-A] iter=268  -trace(H^{-1})=-3.673645e+00
[FW-A] iter=269  -trace(H^{-1})=-3.673586e+00
[FW-A] iter=270  -trace(H^{-1})=-3.673527e+00
[FW-A] iter=271  -trace(H^{-1})=-3.673469e+00
[FW-A] iter=272  -trace(H^{-1})=-3.673411e+00
[FW-A] iter=273  -trace(H^{-1})=-3.673354e+00
[FW-A] iter=274  -trace(H^{-1})=-3.673297e+00
[FW-A] iter=275  -trace(H^{-1})=-3.673240e+00
[FW-A] iter=276  -trace(H^{-1})=-3.673186e+00
[FW-A] iter=277  -trace(H^{-1})=-3.673131e+00
[FW-A] iter=278  -trace(H^{-1})=-3.673078e+00
[FW-A] iter=279  -trace(H^{-1})=-3.673023e+00
[FW-A] iter=280  -trace(H^{-1})=-3.672970e+00
[FW-A] iter=281  -trace(H^{-1})=-3.672920e+00
[FW-A] iter=282  -trace(H^{-1})=-3.672867e+00
[FW-A] iter=283  -trace(H^{-1})=-3.672814e+00
[FW-A] iter=284  -trace(H^{-1})=-3.672763e+00
[FW-A] iter=285  -trace(H^{-1})=-3.672713e+00
[FW-A] iter=286  -trace(H^{-1})=-3.672665e+00
[FW-A] iter=287  -trace(H^{-1})=-3.672614e+00
[FW-A] iter=288  -trace(H^{-1})=-3.672567e+00
[FW-A] iter=289  -trace(H^{-1})=-3.672518e+00
[FW-A] iter=290  -trace(H^{-1})=-3.672471e+00
[FW-A] iter=291  -trace(H^{-1})=-3.672423e+00
[FW-A] iter=292  -trace(H^{-1})=-3.672377e+00
[FW-A] iter=293  -trace(H^{-1})=-3.672331e+00
[FW-A] iter=294  -trace(H^{-1})=-3.672286e+00
[FW-A] iter=295  -trace(H^{-1})=-3.672240e+00
[FW-A] iter=296  -trace(H^{-1})=-3.672196e+00
[FW-A] iter=297  -trace(H^{-1})=-3.672151e+00
[FW-A] iter=298  -trace(H^{-1})=-3.672108e+00
[FW-A] iter=299  -trace(H^{-1})=-3.672064e+00
  [fw-a] min_eig=4.0394e-01  heldout=2.4262  (2.4s)
[FW-D] Building 720 candidate information matrices...
Building FIM:   0%|          | 0/720 [00:00<?, ?candidate/s]Building FIM:  62%|██████▏   | 448/720 [00:00<00:00, 3658.33candidate/s]Building FIM: 100%|██████████| 720/720 [00:00<00:00, 3949.43candidate/s]
[FW-D] Done. Starting Frank-Wolfe D-optimal (select_k=40)...
[FW-D] Pre-extracting dense blocks (intr_dim=9, num_poses=720)...
[FW-D] Block extraction done. Starting iterations...
[FW-D] iter=  0  logdet=7.610947e+01
[FW-D] iter=  1  logdet=7.664908e+01
[FW-D] iter=  2  logdet=7.645570e+01
[FW-D] iter=  3  logdet=7.615781e+01
[FW-D] iter=  4  logdet=7.593995e+01
[FW-D] iter=  5  logdet=7.593444e+01
[FW-D] iter=  6  logdet=7.564412e+01
[FW-D] iter=  7  logdet=7.593202e+01
[FW-D] iter=  8  logdet=7.619717e+01
[FW-D] iter=  9  logdet=7.608750e+01
[FW-D] iter= 10  logdet=7.609803e+01
[FW-D] iter= 11  logdet=7.631148e+01
[FW-D] iter= 12  logdet=7.621996e+01
[FW-D] iter= 13  logdet=7.606630e+01
[FW-D] iter= 14  logdet=7.603696e+01
[FW-D] iter= 15  logdet=7.593408e+01
[FW-D] iter= 16  logdet=7.585112e+01
[FW-D] iter= 17  logdet=7.582695e+01
[FW-D] iter= 18  logdet=7.550721e+01
[FW-D] iter= 19  logdet=7.609357e+01
[FW-D] iter= 20  logdet=7.650145e+01
[FW-D] iter= 21  logdet=7.682358e+01
[FW-D] iter= 22  logdet=7.708512e+01
[FW-D] iter= 23  logdet=7.730396e+01
[FW-D] iter= 24  logdet=7.748949e+01
[FW-D] iter= 25  logdet=7.764895e+01
[FW-D] iter= 26  logdet=7.778733e+01
[FW-D] iter= 27  logdet=7.790835e+01
[FW-D] iter= 28  logdet=7.801483e+01
[FW-D] iter= 29  logdet=7.810918e+01
[FW-D] iter= 30  logdet=7.819335e+01
[FW-D] iter= 31  logdet=7.826872e+01
[FW-D] iter= 32  logdet=7.833647e+01
[FW-D] iter= 33  logdet=7.839793e+01
[FW-D] iter= 34  logdet=7.845366e+01
[FW-D] iter= 35  logdet=7.850422e+01
[FW-D] iter= 36  logdet=7.855050e+01
[FW-D] iter= 37  logdet=7.859288e+01
[FW-D] iter= 38  logdet=7.863190e+01
[FW-D] iter= 39  logdet=7.866782e+01
[FW-D] iter= 40  logdet=7.870103e+01
[FW-D] iter= 41  logdet=7.873173e+01
[FW-D] iter= 42  logdet=7.876018e+01
[FW-D] iter= 43  logdet=7.878658e+01
[FW-D] iter= 44  logdet=7.881115e+01
[FW-D] iter= 45  logdet=7.883404e+01
[FW-D] iter= 46  logdet=7.885543e+01
[FW-D] iter= 47  logdet=7.887542e+01
[FW-D] iter= 48  logdet=7.889411e+01
[FW-D] iter= 49  logdet=7.891168e+01
[FW-D] iter= 50  logdet=7.892818e+01
[FW-D] iter= 51  logdet=7.894368e+01
[FW-D] iter= 52  logdet=7.895829e+01
[FW-D] iter= 53  logdet=7.897204e+01
[FW-D] iter= 54  logdet=7.898504e+01
[FW-D] iter= 55  logdet=7.899732e+01
[FW-D] iter= 56  logdet=7.900894e+01
[FW-D] iter= 57  logdet=7.901992e+01
[FW-D] iter= 58  logdet=7.903035e+01
[FW-D] iter= 59  logdet=7.904025e+01
[FW-D] iter= 60  logdet=7.904964e+01
[FW-D] iter= 61  logdet=7.905857e+01
[FW-D] iter= 62  logdet=7.906706e+01
[FW-D] iter= 63  logdet=7.907515e+01
[FW-D] iter= 64  logdet=7.908286e+01
[FW-D] iter= 65  logdet=7.909021e+01
[FW-D] iter= 66  logdet=7.909722e+01
[FW-D] iter= 67  logdet=7.910391e+01
[FW-D] iter= 68  logdet=7.911032e+01
[FW-D] iter= 69  logdet=7.911645e+01
[FW-D] iter= 70  logdet=7.912230e+01
[FW-D] iter= 71  logdet=7.912791e+01
[FW-D] iter= 72  logdet=7.913329e+01
[FW-D] iter= 73  logdet=7.913845e+01
[FW-D] iter= 74  logdet=7.914340e+01
[FW-D] iter= 75  logdet=7.914814e+01
[FW-D] iter= 76  logdet=7.915270e+01
[FW-D] iter= 77  logdet=7.915709e+01
[FW-D] iter= 78  logdet=7.916131e+01
[FW-D] iter= 79  logdet=7.916536e+01
[FW-D] iter= 80  logdet=7.916925e+01
[FW-D] iter= 81  logdet=7.917302e+01
[FW-D] iter= 82  logdet=7.917664e+01
[FW-D] iter= 83  logdet=7.918013e+01
[FW-D] iter= 84  logdet=7.918349e+01
[FW-D] iter= 85  logdet=7.918674e+01
[FW-D] iter= 86  logdet=7.918987e+01
[FW-D] iter= 87  logdet=7.919290e+01
[FW-D] iter= 88  logdet=7.919582e+01
[FW-D] iter= 89  logdet=7.919864e+01
[FW-D] iter= 90  logdet=7.920137e+01
[FW-D] iter= 91  logdet=7.920401e+01
[FW-D] iter= 92  logdet=7.920656e+01
[FW-D] iter= 93  logdet=7.920904e+01
[FW-D] iter= 94  logdet=7.921142e+01
[FW-D] iter= 95  logdet=7.921374e+01
[FW-D] iter= 96  logdet=7.921599e+01
[FW-D] iter= 97  logdet=7.921817e+01
[FW-D] iter= 98  logdet=7.922027e+01
[FW-D] iter= 99  logdet=7.922232e+01
[FW-D] iter=100  logdet=7.922430e+01
[FW-D] iter=101  logdet=7.922623e+01
[FW-D] iter=102  logdet=7.922809e+01
[FW-D] iter=103  logdet=7.922991e+01
[FW-D] iter=104  logdet=7.923167e+01
[FW-D] iter=105  logdet=7.923339e+01
[FW-D] iter=106  logdet=7.923505e+01
[FW-D] iter=107  logdet=7.923666e+01
[FW-D] iter=108  logdet=7.923824e+01
[FW-D] iter=109  logdet=7.923977e+01
[FW-D] iter=110  logdet=7.924125e+01
[FW-D] iter=111  logdet=7.924270e+01
[FW-D] iter=112  logdet=7.924411e+01
[FW-D] iter=113  logdet=7.924548e+01
[FW-D] iter=114  logdet=7.924682e+01
[FW-D] iter=115  logdet=7.924812e+01
[FW-D] iter=116  logdet=7.924938e+01
[FW-D] iter=117  logdet=7.925062e+01
[FW-D] iter=118  logdet=7.925182e+01
[FW-D] iter=119  logdet=7.925299e+01
[FW-D] iter=120  logdet=7.925414e+01
[FW-D] iter=121  logdet=7.925525e+01
[FW-D] iter=122  logdet=7.925634e+01
[FW-D] iter=123  logdet=7.925740e+01
[FW-D] iter=124  logdet=7.925844e+01
[FW-D] iter=125  logdet=7.925945e+01
[FW-D] iter=126  logdet=7.926044e+01
[FW-D] iter=127  logdet=7.926140e+01
[FW-D] iter=128  logdet=7.926234e+01
[FW-D] iter=129  logdet=7.926326e+01
[FW-D] iter=130  logdet=7.926416e+01
[FW-D] iter=131  logdet=7.926504e+01
[FW-D] iter=132  logdet=7.926590e+01
[FW-D] iter=133  logdet=7.926674e+01
[FW-D] iter=134  logdet=7.926756e+01
[FW-D] iter=135  logdet=7.926836e+01
[FW-D] iter=136  logdet=7.926914e+01
[FW-D] iter=137  logdet=7.926991e+01
[FW-D] iter=138  logdet=7.927066e+01
[FW-D] iter=139  logdet=7.927139e+01
[FW-D] iter=140  logdet=7.927211e+01
[FW-D] iter=141  logdet=7.927282e+01
[FW-D] iter=142  logdet=7.927351e+01
[FW-D] iter=143  logdet=7.927418e+01
[FW-D] iter=144  logdet=7.927484e+01
[FW-D] iter=145  logdet=7.927549e+01
[FW-D] iter=146  logdet=7.927612e+01
[FW-D] iter=147  logdet=7.927674e+01
[FW-D] iter=148  logdet=7.927735e+01
[FW-D] iter=149  logdet=7.927794e+01
[FW-D] iter=150  logdet=7.927853e+01
[FW-D] iter=151  logdet=7.927910e+01
[FW-D] iter=152  logdet=7.927966e+01
[FW-D] iter=153  logdet=7.928021e+01
[FW-D] iter=154  logdet=7.928075e+01
[FW-D] iter=155  logdet=7.928128e+01
[FW-D] iter=156  logdet=7.928180e+01
[FW-D] iter=157  logdet=7.928231e+01
[FW-D] iter=158  logdet=7.928281e+01
[FW-D] iter=159  logdet=7.928330e+01
[FW-D] iter=160  logdet=7.928378e+01
[FW-D] iter=161  logdet=7.928425e+01
[FW-D] iter=162  logdet=7.928471e+01
[FW-D] iter=163  logdet=7.928517e+01
[FW-D] iter=164  logdet=7.928561e+01
[FW-D] iter=165  logdet=7.928605e+01
[FW-D] iter=166  logdet=7.928648e+01
[FW-D] iter=167  logdet=7.928690e+01
[FW-D] iter=168  logdet=7.928732e+01
[FW-D] iter=169  logdet=7.928773e+01
[FW-D] iter=170  logdet=7.928813e+01
[FW-D] iter=171  logdet=7.928852e+01
[FW-D] iter=172  logdet=7.928891e+01
[FW-D] iter=173  logdet=7.928929e+01
[FW-D] iter=174  logdet=7.928966e+01
[FW-D] iter=175  logdet=7.929003e+01
[FW-D] iter=176  logdet=7.929039e+01
[FW-D] iter=177  logdet=7.929074e+01
[FW-D] iter=178  logdet=7.929109e+01
[FW-D] iter=179  logdet=7.929143e+01
[FW-D] iter=180  logdet=7.929177e+01
[FW-D] iter=181  logdet=7.929210e+01
[FW-D] iter=182  logdet=7.929243e+01
[FW-D] iter=183  logdet=7.929275e+01
[FW-D] iter=184  logdet=7.929306e+01
[FW-D] iter=185  logdet=7.929338e+01
[FW-D] iter=186  logdet=7.929368e+01
[FW-D] iter=187  logdet=7.929398e+01
[FW-D] iter=188  logdet=7.929428e+01
[FW-D] iter=189  logdet=7.929457e+01
[FW-D] iter=190  logdet=7.929486e+01
[FW-D] iter=191  logdet=7.929514e+01
[FW-D] iter=192  logdet=7.929541e+01
[FW-D] iter=193  logdet=7.929569e+01
[FW-D] iter=194  logdet=7.929596e+01
[FW-D] iter=195  logdet=7.929622e+01
[FW-D] iter=196  logdet=7.929649e+01
[FW-D] iter=197  logdet=7.929674e+01
[FW-D] iter=198  logdet=7.929700e+01
[FW-D] iter=199  logdet=7.929725e+01
[FW-D] iter=200  logdet=7.929749e+01
[FW-D] iter=201  logdet=7.929773e+01
[FW-D] iter=202  logdet=7.929797e+01
[FW-D] iter=203  logdet=7.929821e+01
[FW-D] iter=204  logdet=7.929844e+01
[FW-D] iter=205  logdet=7.929867e+01
[FW-D] iter=206  logdet=7.929889e+01
[FW-D] iter=207  logdet=7.929911e+01
[FW-D] iter=208  logdet=7.929933e+01
[FW-D] iter=209  logdet=7.929955e+01
[FW-D] iter=210  logdet=7.929976e+01
[FW-D] iter=211  logdet=7.929997e+01
[FW-D] iter=212  logdet=7.930017e+01
[FW-D] iter=213  logdet=7.930038e+01
[FW-D] iter=214  logdet=7.930058e+01
[FW-D] iter=215  logdet=7.930077e+01
[FW-D] iter=216  logdet=7.930097e+01
[FW-D] iter=217  logdet=7.930116e+01
[FW-D] iter=218  logdet=7.930135e+01
[FW-D] iter=219  logdet=7.930154e+01
[FW-D] iter=220  logdet=7.930172e+01
[FW-D] iter=221  logdet=7.930191e+01
[FW-D] iter=222  logdet=7.930209e+01
[FW-D] iter=223  logdet=7.930226e+01
[FW-D] iter=224  logdet=7.930244e+01
[FW-D] iter=225  logdet=7.930261e+01
[FW-D] iter=226  logdet=7.930278e+01
[FW-D] iter=227  logdet=7.930295e+01
[FW-D] iter=228  logdet=7.930311e+01
[FW-D] iter=229  logdet=7.930328e+01
[FW-D] iter=230  logdet=7.930344e+01
[FW-D] iter=231  logdet=7.930360e+01
[FW-D] iter=232  logdet=7.930376e+01
[FW-D] iter=233  logdet=7.930391e+01
[FW-D] iter=234  logdet=7.930406e+01
[FW-D] iter=235  logdet=7.930422e+01
[FW-D] iter=236  logdet=7.930436e+01
[FW-D] iter=237  logdet=7.930451e+01
[FW-D] iter=238  logdet=7.930466e+01
[FW-D] iter=239  logdet=7.930480e+01
[FW-D] iter=240  logdet=7.930494e+01
[FW-D] iter=241  logdet=7.930508e+01
[FW-D] iter=242  logdet=7.930522e+01
[FW-D] iter=243  logdet=7.930536e+01
[FW-D] iter=244  logdet=7.930549e+01
[FW-D] iter=245  logdet=7.930563e+01
[FW-D] iter=246  logdet=7.930576e+01
[FW-D] iter=247  logdet=7.930589e+01
[FW-D] iter=248  logdet=7.930602e+01
[FW-D] iter=249  logdet=7.930615e+01
[FW-D] iter=250  logdet=7.930627e+01
[FW-D] iter=251  logdet=7.930640e+01
[FW-D] iter=252  logdet=7.930652e+01
[FW-D] iter=253  logdet=7.930664e+01
[FW-D] iter=254  logdet=7.930676e+01
[FW-D] iter=255  logdet=7.930688e+01
[FW-D] iter=256  logdet=7.930699e+01
[FW-D] iter=257  logdet=7.930711e+01
[FW-D] iter=258  logdet=7.930723e+01
[FW-D] iter=259  logdet=7.930734e+01
[FW-D] iter=260  logdet=7.930745e+01
[FW-D] iter=261  logdet=7.930756e+01
[FW-D] iter=262  logdet=7.930767e+01
[FW-D] iter=263  logdet=7.930778e+01
[FW-D] iter=264  logdet=7.930788e+01
[FW-D] iter=265  logdet=7.930799e+01
[FW-D] iter=266  logdet=7.930809e+01
[FW-D] iter=267  logdet=7.930820e+01
[FW-D] iter=268  logdet=7.930830e+01
[FW-D] iter=269  logdet=7.930840e+01
[FW-D] iter=270  logdet=7.930850e+01
[FW-D] iter=271  logdet=7.930860e+01
[FW-D] iter=272  logdet=7.930870e+01
[FW-D] iter=273  logdet=7.930879e+01
[FW-D] iter=274  logdet=7.930889e+01
[FW-D] iter=275  logdet=7.930898e+01
[FW-D] iter=276  logdet=7.930908e+01
[FW-D] iter=277  logdet=7.930917e+01
[FW-D] iter=278  logdet=7.930926e+01
[FW-D] iter=279  logdet=7.930935e+01
[FW-D] iter=280  logdet=7.930944e+01
[FW-D] iter=281  logdet=7.930953e+01
[FW-D] iter=282  logdet=7.930961e+01
[FW-D] iter=283  logdet=7.930970e+01
[FW-D] iter=284  logdet=7.930979e+01
[FW-D] iter=285  logdet=7.930987e+01
[FW-D] iter=286  logdet=7.930996e+01
[FW-D] iter=287  logdet=7.931004e+01
[FW-D] iter=288  logdet=7.931012e+01
[FW-D] iter=289  logdet=7.931020e+01
[FW-D] iter=290  logdet=7.931028e+01
[FW-D] iter=291  logdet=7.931036e+01
[FW-D] iter=292  logdet=7.931044e+01
[FW-D] iter=293  logdet=7.931052e+01
[FW-D] iter=294  logdet=7.931060e+01
[FW-D] iter=295  logdet=7.931067e+01
[FW-D] iter=296  logdet=7.931075e+01
[FW-D] iter=297  logdet=7.931082e+01
[FW-D] iter=298  logdet=7.931090e+01
[FW-D] iter=299  logdet=7.931097e+01
  [fw-d] min_eig=3.5421e-01  heldout=1.3479  (2.4s)

============================================================
K = 50  (held-out = 670 frames)
  [random] 25 trials...
  [coverage] min_eig=2.5420e-01  heldout=3.6694  (0.0s)
  [a-optimal] min_eig=5.0003e-01  heldout=2.5685  (18.4s)
  [d-optimal] min_eig=4.4432e-01  heldout=1.4365  (18.3s)
  [greedy-e] min_eig=5.0635e-01  heldout=1.9399  (18.0s)
[FW] Building 720 candidate information matrices...
Building FIM:   0%|          | 0/720 [00:00<?, ?candidate/s]Building FIM:  62%|██████▏   | 448/720 [00:00<00:00, 4293.17candidate/s]Building FIM: 100%|██████████| 720/720 [00:00<00:00, 5211.85candidate/s]
[FW] Done. Starting Frank-Wolfe optimization (select_k=50)...
[FW] Pre-extracting dense blocks (intr_dim=9, num_poses=720)...
[FW] Block extraction done. Starting iterations...
[FW] iter=  0  min_eig=2.539912e-01
[FW] iter=  1  min_eig=2.357656e-03
[FW] iter=  2  min_eig=1.913583e-01
[FW] iter=  3  min_eig=2.287077e-01
[FW] iter=  4  min_eig=2.148304e-01
[FW] iter=  5  min_eig=1.820607e-01
[FW] iter=  6  min_eig=2.380906e-01
[FW] iter=  7  min_eig=2.362575e-01
[FW] iter=  8  min_eig=2.195669e-01
[FW] iter=  9  min_eig=2.367923e-01
[FW] iter= 10  min_eig=2.230326e-01
[FW] iter= 11  min_eig=2.313013e-01
[FW] iter= 12  min_eig=2.365924e-01
[FW] iter= 13  min_eig=2.298708e-01
[FW] iter= 14  min_eig=2.188856e-01
[FW] iter= 15  min_eig=2.584402e-01
[FW] iter= 16  min_eig=2.838094e-01
[FW] iter= 17  min_eig=3.096767e-01
[FW] iter= 18  min_eig=3.308521e-01
[FW] iter= 19  min_eig=3.487829e-01
[FW] iter= 20  min_eig=3.641245e-01
[FW] iter= 21  min_eig=3.773179e-01
[FW] iter= 22  min_eig=3.887513e-01
[FW] iter= 23  min_eig=3.988014e-01
[FW] iter= 24  min_eig=4.076349e-01
[FW] iter= 25  min_eig=4.154278e-01
[FW] iter= 26  min_eig=4.223696e-01
[FW] iter= 27  min_eig=4.285522e-01
[FW] iter= 28  min_eig=4.340727e-01
[FW] iter= 29  min_eig=4.390724e-01
[FW] iter= 30  min_eig=4.435737e-01
[FW] iter= 31  min_eig=4.476426e-01
[FW] iter= 32  min_eig=4.513554e-01
[FW] iter= 33  min_eig=4.547273e-01
[FW] iter= 34  min_eig=4.578061e-01
[FW] iter= 35  min_eig=4.606392e-01
[FW] iter= 36  min_eig=4.632353e-01
[FW] iter= 37  min_eig=4.656286e-01
[FW] iter= 38  min_eig=4.678331e-01
[FW] iter= 39  min_eig=4.698782e-01
[FW] iter= 40  min_eig=4.717657e-01
[FW] iter= 41  min_eig=4.735282e-01
[FW] iter= 42  min_eig=4.751621e-01
[FW] iter= 43  min_eig=4.766818e-01
[FW] iter= 44  min_eig=4.781062e-01
[FW] iter= 45  min_eig=4.794317e-01
[FW] iter= 46  min_eig=4.806770e-01
[FW] iter= 47  min_eig=4.818386e-01
[FW] iter= 48  min_eig=4.829358e-01
[FW] iter= 49  min_eig=4.839642e-01
[FW] iter= 50  min_eig=4.849291e-01
[FW] iter= 51  min_eig=4.858436e-01
[FW] iter= 52  min_eig=4.867017e-01
[FW] iter= 53  min_eig=4.875157e-01
[FW] iter= 54  min_eig=4.882802e-01
[FW] iter= 55  min_eig=4.890098e-01
[FW] iter= 56  min_eig=4.896980e-01
[FW] iter= 57  min_eig=4.903505e-01
[FW] iter= 58  min_eig=4.909699e-01
[FW] iter= 59  min_eig=4.915574e-01
[FW] iter= 60  min_eig=4.921183e-01
[FW] iter= 61  min_eig=4.926480e-01
[FW] iter= 62  min_eig=4.931575e-01
[FW] iter= 63  min_eig=4.936407e-01
[FW] iter= 64  min_eig=4.941013e-01
[FW] iter= 65  min_eig=4.945413e-01
[FW] iter= 66  min_eig=4.949607e-01
[FW] iter= 67  min_eig=4.953636e-01
[FW] iter= 68  min_eig=4.957468e-01
[FW] iter= 69  min_eig=4.961154e-01
[FW] iter= 70  min_eig=4.964670e-01
[FW] iter= 71  min_eig=4.968045e-01
[FW] iter= 72  min_eig=4.971286e-01
[FW] iter= 73  min_eig=4.974380e-01
[FW] iter= 74  min_eig=4.977370e-01
[FW] iter= 75  min_eig=4.980229e-01
[FW] iter= 76  min_eig=4.982984e-01
[FW] iter= 77  min_eig=4.985626e-01
[FW] iter= 78  min_eig=4.988167e-01
[FW] iter= 79  min_eig=4.990623e-01
[FW] iter= 80  min_eig=4.992971e-01
[FW] iter= 81  min_eig=4.995254e-01
[FW] iter= 82  min_eig=4.997440e-01
[FW] iter= 83  min_eig=4.999554e-01
[FW] iter= 84  min_eig=5.001590e-01
[FW] iter= 85  min_eig=5.003553e-01
[FW] iter= 86  min_eig=5.005457e-01
[FW] iter= 87  min_eig=5.007278e-01
[FW] iter= 88  min_eig=5.009062e-01
[FW] iter= 89  min_eig=5.010770e-01
[FW] iter= 90  min_eig=5.012428e-01
[FW] iter= 91  min_eig=5.014031e-01
[FW] iter= 92  min_eig=5.015578e-01
[FW] iter= 93  min_eig=5.017085e-01
[FW] iter= 94  min_eig=5.018533e-01
[FW] iter= 95  min_eig=5.019944e-01
[FW] iter= 96  min_eig=5.021300e-01
[FW] iter= 97  min_eig=5.022631e-01
[FW] iter= 98  min_eig=5.023913e-01
[FW] iter= 99  min_eig=5.025152e-01
[FW] iter=100  min_eig=5.026365e-01
[FW] iter=101  min_eig=5.027533e-01
[FW] iter=102  min_eig=5.028675e-01
[FW] iter=103  min_eig=5.029771e-01
[FW] iter=104  min_eig=5.030852e-01
[FW] iter=105  min_eig=5.031894e-01
[FW] iter=106  min_eig=5.032907e-01
[FW] iter=107  min_eig=5.033891e-01
[FW] iter=108  min_eig=5.034847e-01
[FW] iter=109  min_eig=5.035783e-01
[FW] iter=110  min_eig=5.036684e-01
[FW] iter=111  min_eig=5.037574e-01
[FW] iter=112  min_eig=5.038431e-01
[FW] iter=113  min_eig=5.039267e-01
[FW] iter=114  min_eig=5.040082e-01
[FW] iter=115  min_eig=5.040873e-01
[FW] iter=116  min_eig=5.041650e-01
[FW] iter=117  min_eig=5.042397e-01
[FW] iter=118  min_eig=5.043138e-01
[FW] iter=119  min_eig=5.043852e-01
[FW] iter=120  min_eig=5.044552e-01
[FW] iter=121  min_eig=5.045234e-01
[FW] iter=122  min_eig=5.045895e-01
[FW] iter=123  min_eig=5.046547e-01
[FW] iter=124  min_eig=5.047179e-01
[FW] iter=125  min_eig=5.047797e-01
[FW] iter=126  min_eig=5.048400e-01
[FW] iter=127  min_eig=5.048989e-01
[FW] iter=128  min_eig=5.049566e-01
[FW] iter=129  min_eig=5.050124e-01
[FW] iter=130  min_eig=5.050678e-01
[FW] iter=131  min_eig=5.051213e-01
[FW] iter=132  min_eig=5.051738e-01
[FW] iter=133  min_eig=5.052251e-01
[FW] iter=134  min_eig=5.052752e-01
[FW] iter=135  min_eig=5.053243e-01
[FW] iter=136  min_eig=5.053720e-01
[FW] iter=137  min_eig=5.054193e-01
[FW] iter=138  min_eig=5.054650e-01
[FW] iter=139  min_eig=5.055101e-01
[FW] iter=140  min_eig=5.055540e-01
[FW] iter=141  min_eig=5.055970e-01
[FW] iter=142  min_eig=5.056393e-01
[FW] iter=143  min_eig=5.056802e-01
[FW] iter=144  min_eig=5.057210e-01
[FW] iter=145  min_eig=5.057604e-01
[FW] iter=146  min_eig=5.057992e-01
[FW] iter=147  min_eig=5.058373e-01
[FW] iter=148  min_eig=5.058744e-01
[FW] iter=149  min_eig=5.059110e-01
[FW] iter=150  min_eig=5.059466e-01
[FW] iter=151  min_eig=5.059818e-01
[FW] iter=152  min_eig=5.060159e-01
[FW] iter=153  min_eig=5.060499e-01
[FW] iter=154  min_eig=5.060828e-01
[FW] iter=155  min_eig=5.061151e-01
[FW] iter=156  min_eig=5.061472e-01
[FW] iter=157  min_eig=5.061781e-01
[FW] iter=158  min_eig=5.062089e-01
[FW] iter=159  min_eig=5.062386e-01
[FW] iter=160  min_eig=5.062683e-01
[FW] iter=161  min_eig=5.062973e-01
[FW] iter=162  min_eig=5.063254e-01
[FW] iter=163  min_eig=5.063535e-01
[FW] iter=164  min_eig=5.063807e-01
[FW] iter=165  min_eig=5.064077e-01
[FW] iter=166  min_eig=5.064338e-01
[FW] iter=167  min_eig=5.064600e-01
[FW] iter=168  min_eig=5.064854e-01
[FW] iter=169  min_eig=5.065104e-01
[FW] iter=170  min_eig=5.065350e-01
[FW] iter=171  min_eig=5.065590e-01
[FW] iter=172  min_eig=5.065829e-01
[FW] iter=173  min_eig=5.066058e-01
[FW] iter=174  min_eig=5.066291e-01
[FW] iter=175  min_eig=5.066516e-01
[FW] iter=176  min_eig=5.066736e-01
[FW] iter=177  min_eig=5.066954e-01
[FW] iter=178  min_eig=5.067167e-01
[FW] iter=179  min_eig=5.067379e-01
[FW] iter=180  min_eig=5.067585e-01
[FW] iter=181  min_eig=5.067789e-01
[FW] iter=182  min_eig=5.067989e-01
[FW] iter=183  min_eig=5.068186e-01
[FW] iter=184  min_eig=5.068379e-01
[FW] iter=185  min_eig=5.068569e-01
[FW] iter=186  min_eig=5.068758e-01
[FW] iter=187  min_eig=5.068942e-01
[FW] iter=188  min_eig=5.069124e-01
[FW] iter=189  min_eig=5.069303e-01
[FW] iter=190  min_eig=5.069478e-01
[FW] iter=191  min_eig=5.069652e-01
[FW] iter=192  min_eig=5.069821e-01
[FW] iter=193  min_eig=5.069990e-01
[FW] iter=194  min_eig=5.070155e-01
[FW] iter=195  min_eig=5.070318e-01
[FW] iter=196  min_eig=5.070478e-01
[FW] iter=197  min_eig=5.070635e-01
[FW] iter=198  min_eig=5.070792e-01
[FW] iter=199  min_eig=5.070943e-01
[FW] iter=200  min_eig=5.071096e-01
[FW] iter=201  min_eig=5.071244e-01
[FW] iter=202  min_eig=5.071390e-01
[FW] iter=203  min_eig=5.071535e-01
[FW] iter=204  min_eig=5.071676e-01
[FW] iter=205  min_eig=5.071817e-01
[FW] iter=206  min_eig=5.071954e-01
[FW] iter=207  min_eig=5.072091e-01
[FW] iter=208  min_eig=5.072223e-01
[FW] iter=209  min_eig=5.072357e-01
[FW] iter=210  min_eig=5.072488e-01
[FW] iter=211  min_eig=5.072614e-01
[FW] iter=212  min_eig=5.072743e-01
[FW] iter=213  min_eig=5.072866e-01
[FW] iter=214  min_eig=5.072991e-01
[FW] iter=215  min_eig=5.073110e-01
[FW] iter=216  min_eig=5.073231e-01
[FW] iter=217  min_eig=5.073350e-01
[FW] iter=218  min_eig=5.073466e-01
[FW] iter=219  min_eig=5.073581e-01
[FW] iter=220  min_eig=5.073693e-01
[FW] iter=221  min_eig=5.073806e-01
[FW] iter=222  min_eig=5.073916e-01
[FW] iter=223  min_eig=5.074025e-01
[FW] iter=224  min_eig=5.074133e-01
[FW] iter=225  min_eig=5.074238e-01
[FW] iter=226  min_eig=5.074343e-01
[FW] iter=227  min_eig=5.074445e-01
[FW] iter=228  min_eig=5.074548e-01
[FW] iter=229  min_eig=5.074648e-01
[FW] iter=230  min_eig=5.074747e-01
[FW] iter=231  min_eig=5.074845e-01
[FW] iter=232  min_eig=5.074941e-01
[FW] iter=233  min_eig=5.075037e-01
[FW] iter=234  min_eig=5.075131e-01
[FW] iter=235  min_eig=5.075225e-01
[FW] iter=236  min_eig=5.075316e-01
[FW] iter=237  min_eig=5.075407e-01
[FW] iter=238  min_eig=5.075496e-01
[FW] iter=239  min_eig=5.075584e-01
[FW] iter=240  min_eig=5.075672e-01
[FW] iter=241  min_eig=5.075757e-01
[FW] iter=242  min_eig=5.075843e-01
[FW] iter=243  min_eig=5.075927e-01
[FW] iter=244  min_eig=5.076010e-01
[FW] iter=245  min_eig=5.076093e-01
[FW] iter=246  min_eig=5.076173e-01
[FW] iter=247  min_eig=5.076254e-01
[FW] iter=248  min_eig=5.076331e-01
[FW] iter=249  min_eig=5.076411e-01
[FW] iter=250  min_eig=5.076488e-01
[FW] iter=251  min_eig=5.076564e-01
[FW] iter=252  min_eig=5.076640e-01
[FW] iter=253  min_eig=5.076714e-01
[FW] iter=254  min_eig=5.076788e-01
[FW] iter=255  min_eig=5.076859e-01
[FW] iter=256  min_eig=5.076933e-01
[FW] iter=257  min_eig=5.077003e-01
[FW] iter=258  min_eig=5.077074e-01
[FW] iter=259  min_eig=5.077143e-01
[FW] iter=260  min_eig=5.077211e-01
[FW] iter=261  min_eig=5.077280e-01
[FW] iter=262  min_eig=5.077346e-01
[FW] iter=263  min_eig=5.077413e-01
[FW] iter=264  min_eig=5.077478e-01
[FW] iter=265  min_eig=5.077544e-01
[FW] iter=266  min_eig=5.077608e-01
[FW] iter=267  min_eig=5.077670e-01
[FW] iter=268  min_eig=5.077734e-01
[FW] iter=269  min_eig=5.077796e-01
[FW] iter=270  min_eig=5.077857e-01
[FW] iter=271  min_eig=5.077918e-01
[FW] iter=272  min_eig=5.077977e-01
[FW] iter=273  min_eig=5.078037e-01
[FW] iter=274  min_eig=5.078096e-01
[FW] iter=275  min_eig=5.078153e-01
[FW] iter=276  min_eig=5.078211e-01
[FW] iter=277  min_eig=5.078267e-01
[FW] iter=278  min_eig=5.078324e-01
[FW] iter=279  min_eig=5.078379e-01
[FW] iter=280  min_eig=5.078434e-01
[FW] iter=281  min_eig=5.078489e-01
[FW] iter=282  min_eig=5.078542e-01
[FW] iter=283  min_eig=5.078596e-01
[FW] iter=284  min_eig=5.078648e-01
[FW] iter=285  min_eig=5.078701e-01
[FW] iter=286  min_eig=5.078752e-01
[FW] iter=287  min_eig=5.078803e-01
[FW] iter=288  min_eig=5.078854e-01
[FW] iter=289  min_eig=5.078903e-01
[FW] iter=290  min_eig=5.078953e-01
[FW] iter=291  min_eig=5.079001e-01
[FW] iter=292  min_eig=5.079050e-01
[FW] iter=293  min_eig=5.079098e-01
[FW] iter=294  min_eig=5.079146e-01
[FW] iter=295  min_eig=5.079193e-01
[FW] iter=296  min_eig=5.079239e-01
[FW] iter=297  min_eig=5.079285e-01
[FW] iter=298  min_eig=5.079330e-01
[FW] iter=299  min_eig=5.079376e-01
  [fw-e] min_eig=5.0842e-01  heldout=1.9977  (2.2s)
[FW-A] Building 720 candidate information matrices...
Building FIM:   0%|          | 0/720 [00:00<?, ?candidate/s]Building FIM:  98%|█████████▊| 704/720 [00:00<00:00, 4990.48candidate/s]Building FIM: 100%|██████████| 720/720 [00:00<00:00, 5079.92candidate/s]
[FW-A] Done. Starting Frank-Wolfe A-optimal (select_k=50)...
[FW-A] Pre-extracting dense blocks (intr_dim=9, num_poses=720)...
[FW-A] Block extraction done. Starting iterations...
[FW-A] iter=  0  -trace(H^{-1})=-5.291506e+00
[FW-A] iter=  1  -trace(H^{-1})=-4.247994e+02
[FW-A] iter=  2  -trace(H^{-1})=-6.778853e+00
[FW-A] iter=  3  -trace(H^{-1})=-5.678142e+00
[FW-A] iter=  4  -trace(H^{-1})=-5.823507e+00
[FW-A] iter=  5  -trace(H^{-1})=-6.509868e+00
[FW-A] iter=  6  -trace(H^{-1})=-5.656228e+00
[FW-A] iter=  7  -trace(H^{-1})=-5.703219e+00
[FW-A] iter=  8  -trace(H^{-1})=-5.878550e+00
[FW-A] iter=  9  -trace(H^{-1})=-5.701863e+00
[FW-A] iter= 10  -trace(H^{-1})=-5.933632e+00
[FW-A] iter= 11  -trace(H^{-1})=-5.733801e+00
[FW-A] iter= 12  -trace(H^{-1})=-5.648841e+00
[FW-A] iter= 13  -trace(H^{-1})=-5.656792e+00
[FW-A] iter= 14  -trace(H^{-1})=-5.857398e+00
[FW-A] iter= 15  -trace(H^{-1})=-5.206489e+00
[FW-A] iter= 16  -trace(H^{-1})=-4.819247e+00
[FW-A] iter= 17  -trace(H^{-1})=-4.503586e+00
[FW-A] iter= 18  -trace(H^{-1})=-4.271832e+00
[FW-A] iter= 19  -trace(H^{-1})=-4.089382e+00
[FW-A] iter= 20  -trace(H^{-1})=-3.946347e+00
[FW-A] iter= 21  -trace(H^{-1})=-3.830948e+00
[FW-A] iter= 22  -trace(H^{-1})=-3.736926e+00
[FW-A] iter= 23  -trace(H^{-1})=-3.659160e+00
[FW-A] iter= 24  -trace(H^{-1})=-3.593046e+00
[FW-A] iter= 25  -trace(H^{-1})=-3.536914e+00
[FW-A] iter= 26  -trace(H^{-1})=-3.488977e+00
[FW-A] iter= 27  -trace(H^{-1})=-3.447143e+00
[FW-A] iter= 28  -trace(H^{-1})=-3.410443e+00
[FW-A] iter= 29  -trace(H^{-1})=-3.378800e+00
[FW-A] iter= 30  -trace(H^{-1})=-3.349904e+00
[FW-A] iter= 31  -trace(H^{-1})=-3.324347e+00
[FW-A] iter= 32  -trace(H^{-1})=-3.301610e+00
[FW-A] iter= 33  -trace(H^{-1})=-3.281284e+00
[FW-A] iter= 34  -trace(H^{-1})=-3.262742e+00
[FW-A] iter= 35  -trace(H^{-1})=-3.246025e+00
[FW-A] iter= 36  -trace(H^{-1})=-3.231156e+00
[FW-A] iter= 37  -trace(H^{-1})=-3.217131e+00
[FW-A] iter= 38  -trace(H^{-1})=-3.204374e+00
[FW-A] iter= 39  -trace(H^{-1})=-3.192753e+00
[FW-A] iter= 40  -trace(H^{-1})=-3.182079e+00
[FW-A] iter= 41  -trace(H^{-1})=-3.172188e+00
[FW-A] iter= 42  -trace(H^{-1})=-3.163066e+00
[FW-A] iter= 43  -trace(H^{-1})=-3.154634e+00
[FW-A] iter= 44  -trace(H^{-1})=-3.146851e+00
[FW-A] iter= 45  -trace(H^{-1})=-3.139524e+00
[FW-A] iter= 46  -trace(H^{-1})=-3.132740e+00
[FW-A] iter= 47  -trace(H^{-1})=-3.126562e+00
[FW-A] iter= 48  -trace(H^{-1})=-3.120554e+00
[FW-A] iter= 49  -trace(H^{-1})=-3.114971e+00
[FW-A] iter= 50  -trace(H^{-1})=-3.109782e+00
[FW-A] iter= 51  -trace(H^{-1})=-3.104900e+00
[FW-A] iter= 52  -trace(H^{-1})=-3.100302e+00
[FW-A] iter= 53  -trace(H^{-1})=-3.095970e+00
[FW-A] iter= 54  -trace(H^{-1})=-3.091908e+00
[FW-A] iter= 55  -trace(H^{-1})=-3.088082e+00
[FW-A] iter= 56  -trace(H^{-1})=-3.084430e+00
[FW-A] iter= 57  -trace(H^{-1})=-3.080992e+00
[FW-A] iter= 58  -trace(H^{-1})=-3.077743e+00
[FW-A] iter= 59  -trace(H^{-1})=-3.074659e+00
[FW-A] iter= 60  -trace(H^{-1})=-3.071716e+00
[FW-A] iter= 61  -trace(H^{-1})=-3.068935e+00
[FW-A] iter= 62  -trace(H^{-1})=-3.066296e+00
[FW-A] iter= 63  -trace(H^{-1})=-3.063781e+00
[FW-A] iter= 64  -trace(H^{-1})=-3.061379e+00
[FW-A] iter= 65  -trace(H^{-1})=-3.059094e+00
[FW-A] iter= 66  -trace(H^{-1})=-3.056926e+00
[FW-A] iter= 67  -trace(H^{-1})=-3.054847e+00
[FW-A] iter= 68  -trace(H^{-1})=-3.052859e+00
[FW-A] iter= 69  -trace(H^{-1})=-3.050960e+00
[FW-A] iter= 70  -trace(H^{-1})=-3.049156e+00
[FW-A] iter= 71  -trace(H^{-1})=-3.047428e+00
[FW-A] iter= 72  -trace(H^{-1})=-3.045757e+00
[FW-A] iter= 73  -trace(H^{-1})=-3.044179e+00
[FW-A] iter= 74  -trace(H^{-1})=-3.042635e+00
[FW-A] iter= 75  -trace(H^{-1})=-3.041174e+00
[FW-A] iter= 76  -trace(H^{-1})=-3.039781e+00
[FW-A] iter= 77  -trace(H^{-1})=-3.038418e+00
[FW-A] iter= 78  -trace(H^{-1})=-3.037118e+00
[FW-A] iter= 79  -trace(H^{-1})=-3.035869e+00
[FW-A] iter= 80  -trace(H^{-1})=-3.034669e+00
[FW-A] iter= 81  -trace(H^{-1})=-3.033504e+00
[FW-A] iter= 82  -trace(H^{-1})=-3.032391e+00
[FW-A] iter= 83  -trace(H^{-1})=-3.031316e+00
[FW-A] iter= 84  -trace(H^{-1})=-3.030285e+00
[FW-A] iter= 85  -trace(H^{-1})=-3.029279e+00
[FW-A] iter= 86  -trace(H^{-1})=-3.028321e+00
[FW-A] iter= 87  -trace(H^{-1})=-3.027388e+00
[FW-A] iter= 88  -trace(H^{-1})=-3.026486e+00
[FW-A] iter= 89  -trace(H^{-1})=-3.025629e+00
[FW-A] iter= 90  -trace(H^{-1})=-3.024779e+00
[FW-A] iter= 91  -trace(H^{-1})=-3.023972e+00
[FW-A] iter= 92  -trace(H^{-1})=-3.023190e+00
[FW-A] iter= 93  -trace(H^{-1})=-3.022425e+00
[FW-A] iter= 94  -trace(H^{-1})=-3.021690e+00
[FW-A] iter= 95  -trace(H^{-1})=-3.020979e+00
[FW-A] iter= 96  -trace(H^{-1})=-3.020292e+00
[FW-A] iter= 97  -trace(H^{-1})=-3.019620e+00
[FW-A] iter= 98  -trace(H^{-1})=-3.018972e+00
[FW-A] iter= 99  -trace(H^{-1})=-3.018347e+00
[FW-A] iter=100  -trace(H^{-1})=-3.017740e+00
[FW-A] iter=101  -trace(H^{-1})=-3.017148e+00
[FW-A] iter=102  -trace(H^{-1})=-3.016572e+00
[FW-A] iter=103  -trace(H^{-1})=-3.016021e+00
[FW-A] iter=104  -trace(H^{-1})=-3.015481e+00
[FW-A] iter=105  -trace(H^{-1})=-3.014952e+00
[FW-A] iter=106  -trace(H^{-1})=-3.014441e+00
[FW-A] iter=107  -trace(H^{-1})=-3.013949e+00
[FW-A] iter=108  -trace(H^{-1})=-3.013467e+00
[FW-A] iter=109  -trace(H^{-1})=-3.012996e+00
[FW-A] iter=110  -trace(H^{-1})=-3.012548e+00
[FW-A] iter=111  -trace(H^{-1})=-3.012100e+00
[FW-A] iter=112  -trace(H^{-1})=-3.011668e+00
[FW-A] iter=113  -trace(H^{-1})=-3.011251e+00
[FW-A] iter=114  -trace(H^{-1})=-3.010838e+00
[FW-A] iter=115  -trace(H^{-1})=-3.010440e+00
[FW-A] iter=116  -trace(H^{-1})=-3.010052e+00
[FW-A] iter=117  -trace(H^{-1})=-3.009677e+00
[FW-A] iter=118  -trace(H^{-1})=-3.009305e+00
[FW-A] iter=119  -trace(H^{-1})=-3.008946e+00
[FW-A] iter=120  -trace(H^{-1})=-3.008597e+00
[FW-A] iter=121  -trace(H^{-1})=-3.008258e+00
[FW-A] iter=122  -trace(H^{-1})=-3.007924e+00
[FW-A] iter=123  -trace(H^{-1})=-3.007598e+00
[FW-A] iter=124  -trace(H^{-1})=-3.007284e+00
[FW-A] iter=125  -trace(H^{-1})=-3.006975e+00
[FW-A] iter=126  -trace(H^{-1})=-3.006670e+00
[FW-A] iter=127  -trace(H^{-1})=-3.006375e+00
[FW-A] iter=128  -trace(H^{-1})=-3.006089e+00
[FW-A] iter=129  -trace(H^{-1})=-3.005808e+00
[FW-A] iter=130  -trace(H^{-1})=-3.005531e+00
[FW-A] iter=131  -trace(H^{-1})=-3.005269e+00
[FW-A] iter=132  -trace(H^{-1})=-3.005003e+00
[FW-A] iter=133  -trace(H^{-1})=-3.004746e+00
[FW-A] iter=134  -trace(H^{-1})=-3.004498e+00
[FW-A] iter=135  -trace(H^{-1})=-3.004249e+00
[FW-A] iter=136  -trace(H^{-1})=-3.004012e+00
[FW-A] iter=137  -trace(H^{-1})=-3.003778e+00
[FW-A] iter=138  -trace(H^{-1})=-3.003547e+00
[FW-A] iter=139  -trace(H^{-1})=-3.003322e+00
[FW-A] iter=140  -trace(H^{-1})=-3.003105e+00
[FW-A] iter=141  -trace(H^{-1})=-3.002890e+00
[FW-A] iter=142  -trace(H^{-1})=-3.002678e+00
[FW-A] iter=143  -trace(H^{-1})=-3.002476e+00
[FW-A] iter=144  -trace(H^{-1})=-3.002271e+00
[FW-A] iter=145  -trace(H^{-1})=-3.002075e+00
[FW-A] iter=146  -trace(H^{-1})=-3.001883e+00
[FW-A] iter=147  -trace(H^{-1})=-3.001691e+00
[FW-A] iter=148  -trace(H^{-1})=-3.001505e+00
[FW-A] iter=149  -trace(H^{-1})=-3.001324e+00
[FW-A] iter=150  -trace(H^{-1})=-3.001147e+00
[FW-A] iter=151  -trace(H^{-1})=-3.000970e+00
[FW-A] iter=152  -trace(H^{-1})=-3.000799e+00
[FW-A] iter=153  -trace(H^{-1})=-3.000631e+00
[FW-A] iter=154  -trace(H^{-1})=-3.000468e+00
[FW-A] iter=155  -trace(H^{-1})=-3.000306e+00
[FW-A] iter=156  -trace(H^{-1})=-3.000146e+00
[FW-A] iter=157  -trace(H^{-1})=-2.999992e+00
[FW-A] iter=158  -trace(H^{-1})=-2.999840e+00
[FW-A] iter=159  -trace(H^{-1})=-2.999690e+00
[FW-A] iter=160  -trace(H^{-1})=-2.999542e+00
[FW-A] iter=161  -trace(H^{-1})=-2.999400e+00
[FW-A] iter=162  -trace(H^{-1})=-2.999259e+00
[FW-A] iter=163  -trace(H^{-1})=-2.999119e+00
[FW-A] iter=164  -trace(H^{-1})=-2.998983e+00
[FW-A] iter=165  -trace(H^{-1})=-2.998850e+00
[FW-A] iter=166  -trace(H^{-1})=-2.998718e+00
[FW-A] iter=167  -trace(H^{-1})=-2.998589e+00
[FW-A] iter=168  -trace(H^{-1})=-2.998465e+00
[FW-A] iter=169  -trace(H^{-1})=-2.998339e+00
[FW-A] iter=170  -trace(H^{-1})=-2.998216e+00
[FW-A] iter=171  -trace(H^{-1})=-2.998098e+00
[FW-A] iter=172  -trace(H^{-1})=-2.997978e+00
[FW-A] iter=173  -trace(H^{-1})=-2.997862e+00
[FW-A] iter=174  -trace(H^{-1})=-2.997748e+00
[FW-A] iter=175  -trace(H^{-1})=-2.997638e+00
[FW-A] iter=176  -trace(H^{-1})=-2.997527e+00
[FW-A] iter=177  -trace(H^{-1})=-2.997418e+00
[FW-A] iter=178  -trace(H^{-1})=-2.997313e+00
[FW-A] iter=179  -trace(H^{-1})=-2.997209e+00
[FW-A] iter=180  -trace(H^{-1})=-2.997104e+00
[FW-A] iter=181  -trace(H^{-1})=-2.997003e+00
[FW-A] iter=182  -trace(H^{-1})=-2.996904e+00
[FW-A] iter=183  -trace(H^{-1})=-2.996807e+00
[FW-A] iter=184  -trace(H^{-1})=-2.996709e+00
[FW-A] iter=185  -trace(H^{-1})=-2.996615e+00
[FW-A] iter=186  -trace(H^{-1})=-2.996522e+00
[FW-A] iter=187  -trace(H^{-1})=-2.996431e+00
[FW-A] iter=188  -trace(H^{-1})=-2.996340e+00
[FW-A] iter=189  -trace(H^{-1})=-2.996254e+00
[FW-A] iter=190  -trace(H^{-1})=-2.996164e+00
[FW-A] iter=191  -trace(H^{-1})=-2.996078e+00
[FW-A] iter=192  -trace(H^{-1})=-2.995995e+00
[FW-A] iter=193  -trace(H^{-1})=-2.995910e+00
[FW-A] iter=194  -trace(H^{-1})=-2.995829e+00
[FW-A] iter=195  -trace(H^{-1})=-2.995748e+00
[FW-A] iter=196  -trace(H^{-1})=-2.995668e+00
[FW-A] iter=197  -trace(H^{-1})=-2.995589e+00
[FW-A] iter=198  -trace(H^{-1})=-2.995513e+00
[FW-A] iter=199  -trace(H^{-1})=-2.995437e+00
[FW-A] iter=200  -trace(H^{-1})=-2.995361e+00
[FW-A] iter=201  -trace(H^{-1})=-2.995290e+00
[FW-A] iter=202  -trace(H^{-1})=-2.995215e+00
[FW-A] iter=203  -trace(H^{-1})=-2.995143e+00
[FW-A] iter=204  -trace(H^{-1})=-2.995073e+00
[FW-A] iter=205  -trace(H^{-1})=-2.995005e+00
[FW-A] iter=206  -trace(H^{-1})=-2.994935e+00
[FW-A] iter=207  -trace(H^{-1})=-2.994868e+00
[FW-A] iter=208  -trace(H^{-1})=-2.994802e+00
[FW-A] iter=209  -trace(H^{-1})=-2.994735e+00
[FW-A] iter=210  -trace(H^{-1})=-2.994670e+00
[FW-A] iter=211  -trace(H^{-1})=-2.994607e+00
[FW-A] iter=212  -trace(H^{-1})=-2.994545e+00
[FW-A] iter=213  -trace(H^{-1})=-2.994482e+00
[FW-A] iter=214  -trace(H^{-1})=-2.994421e+00
[FW-A] iter=215  -trace(H^{-1})=-2.994361e+00
[FW-A] iter=216  -trace(H^{-1})=-2.994302e+00
[FW-A] iter=217  -trace(H^{-1})=-2.994243e+00
[FW-A] iter=218  -trace(H^{-1})=-2.994185e+00
[FW-A] iter=219  -trace(H^{-1})=-2.994128e+00
[FW-A] iter=220  -trace(H^{-1})=-2.994072e+00
[FW-A] iter=221  -trace(H^{-1})=-2.994016e+00
[FW-A] iter=222  -trace(H^{-1})=-2.993963e+00
[FW-A] iter=223  -trace(H^{-1})=-2.993908e+00
[FW-A] iter=224  -trace(H^{-1})=-2.993855e+00
[FW-A] iter=225  -trace(H^{-1})=-2.993803e+00
[FW-A] iter=226  -trace(H^{-1})=-2.993750e+00
[FW-A] iter=227  -trace(H^{-1})=-2.993699e+00
[FW-A] iter=228  -trace(H^{-1})=-2.993649e+00
[FW-A] iter=229  -trace(H^{-1})=-2.993600e+00
[FW-A] iter=230  -trace(H^{-1})=-2.993550e+00
[FW-A] iter=231  -trace(H^{-1})=-2.993501e+00
[FW-A] iter=232  -trace(H^{-1})=-2.993453e+00
[FW-A] iter=233  -trace(H^{-1})=-2.993407e+00
[FW-A] iter=234  -trace(H^{-1})=-2.993359e+00
[FW-A] iter=235  -trace(H^{-1})=-2.993313e+00
[FW-A] iter=236  -trace(H^{-1})=-2.993268e+00
[FW-A] iter=237  -trace(H^{-1})=-2.993223e+00
[FW-A] iter=238  -trace(H^{-1})=-2.993178e+00
[FW-A] iter=239  -trace(H^{-1})=-2.993134e+00
[FW-A] iter=240  -trace(H^{-1})=-2.993091e+00
[FW-A] iter=241  -trace(H^{-1})=-2.993049e+00
[FW-A] iter=242  -trace(H^{-1})=-2.993006e+00
[FW-A] iter=243  -trace(H^{-1})=-2.992964e+00
[FW-A] iter=244  -trace(H^{-1})=-2.992924e+00
[FW-A] iter=245  -trace(H^{-1})=-2.992883e+00
[FW-A] iter=246  -trace(H^{-1})=-2.992843e+00
[FW-A] iter=247  -trace(H^{-1})=-2.992803e+00
[FW-A] iter=248  -trace(H^{-1})=-2.992765e+00
[FW-A] iter=249  -trace(H^{-1})=-2.992726e+00
[FW-A] iter=250  -trace(H^{-1})=-2.992687e+00
[FW-A] iter=251  -trace(H^{-1})=-2.992649e+00
[FW-A] iter=252  -trace(H^{-1})=-2.992612e+00
[FW-A] iter=253  -trace(H^{-1})=-2.992575e+00
[FW-A] iter=254  -trace(H^{-1})=-2.992538e+00
[FW-A] iter=255  -trace(H^{-1})=-2.992503e+00
[FW-A] iter=256  -trace(H^{-1})=-2.992467e+00
[FW-A] iter=257  -trace(H^{-1})=-2.992432e+00
[FW-A] iter=258  -trace(H^{-1})=-2.992397e+00
[FW-A] iter=259  -trace(H^{-1})=-2.992362e+00
[FW-A] iter=260  -trace(H^{-1})=-2.992328e+00
[FW-A] iter=261  -trace(H^{-1})=-2.992295e+00
[FW-A] iter=262  -trace(H^{-1})=-2.992262e+00
[FW-A] iter=263  -trace(H^{-1})=-2.992228e+00
[FW-A] iter=264  -trace(H^{-1})=-2.992196e+00
[FW-A] iter=265  -trace(H^{-1})=-2.992164e+00
[FW-A] iter=266  -trace(H^{-1})=-2.992133e+00
[FW-A] iter=267  -trace(H^{-1})=-2.992101e+00
[FW-A] iter=268  -trace(H^{-1})=-2.992070e+00
[FW-A] iter=269  -trace(H^{-1})=-2.992040e+00
[FW-A] iter=270  -trace(H^{-1})=-2.992009e+00
[FW-A] iter=271  -trace(H^{-1})=-2.991979e+00
[FW-A] iter=272  -trace(H^{-1})=-2.991949e+00
[FW-A] iter=273  -trace(H^{-1})=-2.991920e+00
[FW-A] iter=274  -trace(H^{-1})=-2.991891e+00
[FW-A] iter=275  -trace(H^{-1})=-2.991862e+00
[FW-A] iter=276  -trace(H^{-1})=-2.991834e+00
[FW-A] iter=277  -trace(H^{-1})=-2.991806e+00
[FW-A] iter=278  -trace(H^{-1})=-2.991778e+00
[FW-A] iter=279  -trace(H^{-1})=-2.991750e+00
[FW-A] iter=280  -trace(H^{-1})=-2.991723e+00
[FW-A] iter=281  -trace(H^{-1})=-2.991696e+00
[FW-A] iter=282  -trace(H^{-1})=-2.991670e+00
[FW-A] iter=283  -trace(H^{-1})=-2.991643e+00
[FW-A] iter=284  -trace(H^{-1})=-2.991617e+00
[FW-A] iter=285  -trace(H^{-1})=-2.991592e+00
[FW-A] iter=286  -trace(H^{-1})=-2.991566e+00
[FW-A] iter=287  -trace(H^{-1})=-2.991540e+00
[FW-A] iter=288  -trace(H^{-1})=-2.991516e+00
[FW-A] iter=289  -trace(H^{-1})=-2.991490e+00
[FW-A] iter=290  -trace(H^{-1})=-2.991466e+00
[FW-A] iter=291  -trace(H^{-1})=-2.991443e+00
[FW-A] iter=292  -trace(H^{-1})=-2.991418e+00
[FW-A] iter=293  -trace(H^{-1})=-2.991394e+00
[FW-A] iter=294  -trace(H^{-1})=-2.991371e+00
[FW-A] iter=295  -trace(H^{-1})=-2.991348e+00
[FW-A] iter=296  -trace(H^{-1})=-2.991324e+00
[FW-A] iter=297  -trace(H^{-1})=-2.991302e+00
[FW-A] iter=298  -trace(H^{-1})=-2.991279e+00
[FW-A] iter=299  -trace(H^{-1})=-2.991257e+00
  [fw-a] min_eig=4.9866e-01  heldout=2.2955  (2.1s)
[FW-D] Building 720 candidate information matrices...
Building FIM:   0%|          | 0/720 [00:00<?, ?candidate/s]Building FIM:  98%|█████████▊| 704/720 [00:00<00:00, 5034.90candidate/s]Building FIM: 100%|██████████| 720/720 [00:00<00:00, 5136.42candidate/s]
[FW-D] Done. Starting Frank-Wolfe D-optimal (select_k=50)...
[FW-D] Pre-extracting dense blocks (intr_dim=9, num_poses=720)...
[FW-D] Block extraction done. Starting iterations...
[FW-D] iter=  0  logdet=7.811080e+01
[FW-D] iter=  1  logdet=7.952445e+01
[FW-D] iter=  2  logdet=7.854319e+01
[FW-D] iter=  3  logdet=7.814097e+01
[FW-D] iter=  4  logdet=7.807322e+01
[FW-D] iter=  5  logdet=7.777040e+01
[FW-D] iter=  6  logdet=7.805906e+01
[FW-D] iter=  7  logdet=7.809919e+01
[FW-D] iter=  8  logdet=7.811699e+01
[FW-D] iter=  9  logdet=7.823197e+01
[FW-D] iter= 10  logdet=7.807223e+01
[FW-D] iter= 11  logdet=7.796294e+01
[FW-D] iter= 12  logdet=7.791925e+01
[FW-D] iter= 13  logdet=7.787287e+01
[FW-D] iter= 14  logdet=7.760955e+01
[FW-D] iter= 15  logdet=7.798871e+01
[FW-D] iter= 16  logdet=7.848368e+01
[FW-D] iter= 17  logdet=7.885192e+01
[FW-D] iter= 18  logdet=7.914282e+01
[FW-D] iter= 19  logdet=7.937849e+01
[FW-D] iter= 20  logdet=7.957328e+01
[FW-D] iter= 21  logdet=7.973661e+01
[FW-D] iter= 22  logdet=7.987503e+01
[FW-D] iter= 23  logdet=7.999468e+01
[FW-D] iter= 24  logdet=8.009819e+01
[FW-D] iter= 25  logdet=8.018852e+01
[FW-D] iter= 26  logdet=8.026783e+01
[FW-D] iter= 27  logdet=8.033779e+01
[FW-D] iter= 28  logdet=8.040019e+01
[FW-D] iter= 29  logdet=8.045578e+01
[FW-D] iter= 30  logdet=8.050560e+01
[FW-D] iter= 31  logdet=8.055055e+01
[FW-D] iter= 32  logdet=8.059116e+01
[FW-D] iter= 33  logdet=8.062798e+01
[FW-D] iter= 34  logdet=8.066152e+01
[FW-D] iter= 35  logdet=8.069214e+01
[FW-D] iter= 36  logdet=8.072014e+01
[FW-D] iter= 37  logdet=8.074587e+01
[FW-D] iter= 38  logdet=8.076954e+01
[FW-D] iter= 39  logdet=8.079134e+01
[FW-D] iter= 40  logdet=8.081152e+01
[FW-D] iter= 41  logdet=8.083021e+01
[FW-D] iter= 42  logdet=8.084753e+01
[FW-D] iter= 43  logdet=8.086366e+01
[FW-D] iter= 44  logdet=8.087868e+01
[FW-D] iter= 45  logdet=8.089270e+01
[FW-D] iter= 46  logdet=8.090580e+01
[FW-D] iter= 47  logdet=8.091805e+01
[FW-D] iter= 48  logdet=8.092954e+01
[FW-D] iter= 49  logdet=8.094031e+01
[FW-D] iter= 50  logdet=8.095045e+01
[FW-D] iter= 51  logdet=8.096000e+01
[FW-D] iter= 52  logdet=8.096898e+01
[FW-D] iter= 53  logdet=8.097746e+01
[FW-D] iter= 54  logdet=8.098547e+01
[FW-D] iter= 55  logdet=8.099304e+01
[FW-D] iter= 56  logdet=8.100020e+01
[FW-D] iter= 57  logdet=8.100700e+01
[FW-D] iter= 58  logdet=8.101344e+01
[FW-D] iter= 59  logdet=8.101955e+01
[FW-D] iter= 60  logdet=8.102537e+01
[FW-D] iter= 61  logdet=8.103090e+01
[FW-D] iter= 62  logdet=8.103616e+01
[FW-D] iter= 63  logdet=8.104116e+01
[FW-D] iter= 64  logdet=8.104594e+01
[FW-D] iter= 65  logdet=8.105049e+01
[FW-D] iter= 66  logdet=8.105484e+01
[FW-D] iter= 67  logdet=8.105900e+01
[FW-D] iter= 68  logdet=8.106297e+01
[FW-D] iter= 69  logdet=8.106677e+01
[FW-D] iter= 70  logdet=8.107041e+01
[FW-D] iter= 71  logdet=8.107389e+01
[FW-D] iter= 72  logdet=8.107723e+01
[FW-D] iter= 73  logdet=8.108043e+01
[FW-D] iter= 74  logdet=8.108350e+01
[FW-D] iter= 75  logdet=8.108646e+01
[FW-D] iter= 76  logdet=8.108929e+01
[FW-D] iter= 77  logdet=8.109202e+01
[FW-D] iter= 78  logdet=8.109464e+01
[FW-D] iter= 79  logdet=8.109716e+01
[FW-D] iter= 80  logdet=8.109959e+01
[FW-D] iter= 81  logdet=8.110193e+01
[FW-D] iter= 82  logdet=8.110419e+01
[FW-D] iter= 83  logdet=8.110636e+01
[FW-D] iter= 84  logdet=8.110845e+01
[FW-D] iter= 85  logdet=8.111048e+01
[FW-D] iter= 86  logdet=8.111243e+01
[FW-D] iter= 87  logdet=8.111431e+01
[FW-D] iter= 88  logdet=8.111613e+01
[FW-D] iter= 89  logdet=8.111789e+01
[FW-D] iter= 90  logdet=8.111959e+01
[FW-D] iter= 91  logdet=8.112124e+01
[FW-D] iter= 92  logdet=8.112283e+01
[FW-D] iter= 93  logdet=8.112437e+01
[FW-D] iter= 94  logdet=8.112586e+01
[FW-D] iter= 95  logdet=8.112731e+01
[FW-D] iter= 96  logdet=8.112871e+01
[FW-D] iter= 97  logdet=8.113007e+01
[FW-D] iter= 98  logdet=8.113138e+01
[FW-D] iter= 99  logdet=8.113265e+01
[FW-D] iter=100  logdet=8.113389e+01
[FW-D] iter=101  logdet=8.113510e+01
[FW-D] iter=102  logdet=8.113626e+01
[FW-D] iter=103  logdet=8.113739e+01
[FW-D] iter=104  logdet=8.113849e+01
[FW-D] iter=105  logdet=8.113956e+01
[FW-D] iter=106  logdet=8.114060e+01
[FW-D] iter=107  logdet=8.114161e+01
[FW-D] iter=108  logdet=8.114259e+01
[FW-D] iter=109  logdet=8.114355e+01
[FW-D] iter=110  logdet=8.114448e+01
[FW-D] iter=111  logdet=8.114538e+01
[FW-D] iter=112  logdet=8.114626e+01
[FW-D] iter=113  logdet=8.114712e+01
[FW-D] iter=114  logdet=8.114795e+01
[FW-D] iter=115  logdet=8.114876e+01
[FW-D] iter=116  logdet=8.114956e+01
[FW-D] iter=117  logdet=8.115033e+01
[FW-D] iter=118  logdet=8.115108e+01
[FW-D] iter=119  logdet=8.115181e+01
[FW-D] iter=120  logdet=8.115252e+01
[FW-D] iter=121  logdet=8.115322e+01
[FW-D] iter=122  logdet=8.115390e+01
[FW-D] iter=123  logdet=8.115456e+01
[FW-D] iter=124  logdet=8.115521e+01
[FW-D] iter=125  logdet=8.115585e+01
[FW-D] iter=126  logdet=8.115646e+01
[FW-D] iter=127  logdet=8.115706e+01
[FW-D] iter=128  logdet=8.115765e+01
[FW-D] iter=129  logdet=8.115823e+01
[FW-D] iter=130  logdet=8.115879e+01
[FW-D] iter=131  logdet=8.115934e+01
[FW-D] iter=132  logdet=8.115988e+01
[FW-D] iter=133  logdet=8.116040e+01
[FW-D] iter=134  logdet=8.116091e+01
[FW-D] iter=135  logdet=8.116141e+01
[FW-D] iter=136  logdet=8.116190e+01
[FW-D] iter=137  logdet=8.116238e+01
[FW-D] iter=138  logdet=8.116285e+01
[FW-D] iter=139  logdet=8.116331e+01
[FW-D] iter=140  logdet=8.116376e+01
[FW-D] iter=141  logdet=8.116420e+01
[FW-D] iter=142  logdet=8.116463e+01
[FW-D] iter=143  logdet=8.116505e+01
[FW-D] iter=144  logdet=8.116547e+01
[FW-D] iter=145  logdet=8.116587e+01
[FW-D] iter=146  logdet=8.116627e+01
[FW-D] iter=147  logdet=8.116665e+01
[FW-D] iter=148  logdet=8.116704e+01
[FW-D] iter=149  logdet=8.116741e+01
[FW-D] iter=150  logdet=8.116777e+01
[FW-D] iter=151  logdet=8.116813e+01
[FW-D] iter=152  logdet=8.116848e+01
[FW-D] iter=153  logdet=8.116883e+01
[FW-D] iter=154  logdet=8.116917e+01
[FW-D] iter=155  logdet=8.116950e+01
[FW-D] iter=156  logdet=8.116982e+01
[FW-D] iter=157  logdet=8.117014e+01
[FW-D] iter=158  logdet=8.117045e+01
[FW-D] iter=159  logdet=8.117076e+01
[FW-D] iter=160  logdet=8.117106e+01
[FW-D] iter=161  logdet=8.117135e+01
[FW-D] iter=162  logdet=8.117164e+01
[FW-D] iter=163  logdet=8.117193e+01
[FW-D] iter=164  logdet=8.117221e+01
[FW-D] iter=165  logdet=8.117248e+01
[FW-D] iter=166  logdet=8.117275e+01
[FW-D] iter=167  logdet=8.117302e+01
[FW-D] iter=168  logdet=8.117328e+01
[FW-D] iter=169  logdet=8.117353e+01
[FW-D] iter=170  logdet=8.117378e+01
[FW-D] iter=171  logdet=8.117403e+01
[FW-D] iter=172  logdet=8.117427e+01
[FW-D] iter=173  logdet=8.117451e+01
[FW-D] iter=174  logdet=8.117474e+01
[FW-D] iter=175  logdet=8.117497e+01
[FW-D] iter=176  logdet=8.117520e+01
[FW-D] iter=177  logdet=8.117542e+01
[FW-D] iter=178  logdet=8.117564e+01
[FW-D] iter=179  logdet=8.117585e+01
[FW-D] iter=180  logdet=8.117606e+01
[FW-D] iter=181  logdet=8.117627e+01
[FW-D] iter=182  logdet=8.117648e+01
[FW-D] iter=183  logdet=8.117668e+01
[FW-D] iter=184  logdet=8.117687e+01
[FW-D] iter=185  logdet=8.117707e+01
[FW-D] iter=186  logdet=8.117726e+01
[FW-D] iter=187  logdet=8.117745e+01
[FW-D] iter=188  logdet=8.117763e+01
[FW-D] iter=189  logdet=8.117782e+01
[FW-D] iter=190  logdet=8.117800e+01
[FW-D] iter=191  logdet=8.117817e+01
[FW-D] iter=192  logdet=8.117835e+01
[FW-D] iter=193  logdet=8.117852e+01
[FW-D] iter=194  logdet=8.117869e+01
[FW-D] iter=195  logdet=8.117885e+01
[FW-D] iter=196  logdet=8.117902e+01
[FW-D] iter=197  logdet=8.117918e+01
[FW-D] iter=198  logdet=8.117933e+01
[FW-D] iter=199  logdet=8.117949e+01
[FW-D] iter=200  logdet=8.117964e+01
[FW-D] iter=201  logdet=8.117980e+01
[FW-D] iter=202  logdet=8.117995e+01
[FW-D] iter=203  logdet=8.118009e+01
[FW-D] iter=204  logdet=8.118024e+01
[FW-D] iter=205  logdet=8.118038e+01
[FW-D] iter=206  logdet=8.118052e+01
[FW-D] iter=207  logdet=8.118066e+01
[FW-D] iter=208  logdet=8.118080e+01
[FW-D] iter=209  logdet=8.118093e+01
[FW-D] iter=210  logdet=8.118107e+01
[FW-D] iter=211  logdet=8.118120e+01
[FW-D] iter=212  logdet=8.118133e+01
[FW-D] iter=213  logdet=8.118145e+01
[FW-D] iter=214  logdet=8.118158e+01
[FW-D] iter=215  logdet=8.118170e+01
[FW-D] iter=216  logdet=8.118182e+01
[FW-D] iter=217  logdet=8.118194e+01
[FW-D] iter=218  logdet=8.118206e+01
[FW-D] iter=219  logdet=8.118218e+01
[FW-D] iter=220  logdet=8.118230e+01
[FW-D] iter=221  logdet=8.118241e+01
[FW-D] iter=222  logdet=8.118252e+01
[FW-D] iter=223  logdet=8.118263e+01
[FW-D] iter=224  logdet=8.118274e+01
[FW-D] iter=225  logdet=8.118285e+01
[FW-D] iter=226  logdet=8.118296e+01
[FW-D] iter=227  logdet=8.118306e+01
[FW-D] iter=228  logdet=8.118317e+01
[FW-D] iter=229  logdet=8.118327e+01
[FW-D] iter=230  logdet=8.118337e+01
[FW-D] iter=231  logdet=8.118347e+01
[FW-D] iter=232  logdet=8.118357e+01
[FW-D] iter=233  logdet=8.118367e+01
[FW-D] iter=234  logdet=8.118376e+01
[FW-D] iter=235  logdet=8.118386e+01
[FW-D] iter=236  logdet=8.118395e+01
[FW-D] iter=237  logdet=8.118404e+01
[FW-D] iter=238  logdet=8.118413e+01
[FW-D] iter=239  logdet=8.118422e+01
[FW-D] iter=240  logdet=8.118431e+01
[FW-D] iter=241  logdet=8.118440e+01
[FW-D] iter=242  logdet=8.118449e+01
[FW-D] iter=243  logdet=8.118457e+01
[FW-D] iter=244  logdet=8.118466e+01
[FW-D] iter=245  logdet=8.118474e+01
[FW-D] iter=246  logdet=8.118482e+01
[FW-D] iter=247  logdet=8.118491e+01
[FW-D] iter=248  logdet=8.118499e+01
[FW-D] iter=249  logdet=8.118507e+01
[FW-D] iter=250  logdet=8.118514e+01
[FW-D] iter=251  logdet=8.118522e+01
[FW-D] iter=252  logdet=8.118530e+01
[FW-D] iter=253  logdet=8.118538e+01
[FW-D] iter=254  logdet=8.118545e+01
[FW-D] iter=255  logdet=8.118552e+01
[FW-D] iter=256  logdet=8.118560e+01
[FW-D] iter=257  logdet=8.118567e+01
[FW-D] iter=258  logdet=8.118574e+01
[FW-D] iter=259  logdet=8.118581e+01
[FW-D] iter=260  logdet=8.118588e+01
[FW-D] iter=261  logdet=8.118595e+01
[FW-D] iter=262  logdet=8.118602e+01
[FW-D] iter=263  logdet=8.118609e+01
[FW-D] iter=264  logdet=8.118615e+01
[FW-D] iter=265  logdet=8.118622e+01
[FW-D] iter=266  logdet=8.118629e+01
[FW-D] iter=267  logdet=8.118635e+01
[FW-D] iter=268  logdet=8.118641e+01
[FW-D] iter=269  logdet=8.118648e+01
[FW-D] iter=270  logdet=8.118654e+01
[FW-D] iter=271  logdet=8.118660e+01
[FW-D] iter=272  logdet=8.118666e+01
[FW-D] iter=273  logdet=8.118672e+01
[FW-D] iter=274  logdet=8.118678e+01
[FW-D] iter=275  logdet=8.118684e+01
[FW-D] iter=276  logdet=8.118690e+01
[FW-D] iter=277  logdet=8.118696e+01
[FW-D] iter=278  logdet=8.118702e+01
[FW-D] iter=279  logdet=8.118707e+01
[FW-D] iter=280  logdet=8.118713e+01
[FW-D] iter=281  logdet=8.118718e+01
[FW-D] iter=282  logdet=8.118724e+01
[FW-D] iter=283  logdet=8.118729e+01
[FW-D] iter=284  logdet=8.118735e+01
[FW-D] iter=285  logdet=8.118740e+01
[FW-D] iter=286  logdet=8.118745e+01
[FW-D] iter=287  logdet=8.118750e+01
[FW-D] iter=288  logdet=8.118756e+01
[FW-D] iter=289  logdet=8.118761e+01
[FW-D] iter=290  logdet=8.118766e+01
[FW-D] iter=291  logdet=8.118771e+01
[FW-D] iter=292  logdet=8.118776e+01
[FW-D] iter=293  logdet=8.118781e+01
[FW-D] iter=294  logdet=8.118785e+01
[FW-D] iter=295  logdet=8.118790e+01
[FW-D] iter=296  logdet=8.118795e+01
[FW-D] iter=297  logdet=8.118800e+01
[FW-D] iter=298  logdet=8.118804e+01
[FW-D] iter=299  logdet=8.118809e+01
  [fw-d] min_eig=4.4432e-01  heldout=1.4365  (2.2s)

--- K=5 (held-out=715) ---
Method                   min_eig        logdet  focal_err_px     pp_err_px      dist_err     train_rms   heldout_rms
--------------------------------------------------------------------------------------------------------------------
random                1.3105e-02    5.5956e+01    7.4895e+00    1.3412e+01    6.8621e-02    1.3914e+00    1.3558e+01
coverage              2.3505e-03    5.3469e+01    1.9460e+01    4.9894e+01    1.2814e-01    1.4113e+00    4.9145e+01
a-optimal             5.7212e-02    6.0703e+01    2.8881e+00    4.6466e+00    6.1543e-02    1.4238e+00    4.7100e+00
d-optimal             3.7236e-02    6.1220e+01    7.0773e-01    1.2394e+00    8.0695e-03    1.3977e+00    1.8729e+00
greedy-e              5.1906e-02    5.9795e+01    4.3944e-01    3.8744e+00    5.0834e-02    1.4097e+00    4.3568e+00
fw-e                  1.7706e-03    5.5711e+01    6.8909e+01    6.1976e+01    3.2136e-02    1.3871e+00    5.9088e+01
fw-a                  5.6262e-02    6.1040e+01    1.2750e+00    3.3555e+00    4.0375e-02    1.4137e+00    3.5169e+00
fw-d                  3.7236e-02    6.1220e+01    7.0773e-01    1.2394e+00    8.0695e-03    1.3977e+00    1.8729e+00

--- K=10 (held-out=710) ---
Method                   min_eig        logdet  focal_err_px     pp_err_px      dist_err     train_rms   heldout_rms
--------------------------------------------------------------------------------------------------------------------
random                3.0647e-02    6.2481e+01    3.9822e+00    8.0463e+00    5.8689e-02    1.3863e+00    8.3198e+00
coverage              1.8099e-02    6.2539e+01    2.0242e+00    7.0294e+00    7.3706e-02    1.3888e+00    7.1201e+00
a-optimal             1.1104e-01    6.7014e+01    6.9597e-01    1.2409e+00    1.0195e-01    1.4114e+00    1.7333e+00
d-optimal             9.5315e-02    6.7370e+01    1.1377e+00    2.4333e+00    8.5732e-03    1.3806e+00    2.6609e+00
greedy-e              1.1126e-01    6.6287e+01    1.8951e+00    1.0462e+00    9.3809e-03    1.4038e+00    1.5876e+00
fw-e                  1.1060e-01    6.6403e+01    1.8205e+00    1.5564e+00    4.6150e-02    1.3982e+00    1.9339e+00
fw-a                  1.0207e-01    6.7094e+01    4.0386e-01    2.6120e+00    8.9475e-02    1.4168e+00    3.0157e+00
fw-d                  9.3201e-02    6.7308e+01    6.1931e-01    1.5641e+00    1.7900e-02    1.3953e+00    2.0142e+00

--- K=15 (held-out=705) ---
Method                   min_eig        logdet  focal_err_px     pp_err_px      dist_err     train_rms   heldout_rms
--------------------------------------------------------------------------------------------------------------------
random                6.5195e-02    6.6879e+01    2.0408e+00    4.4372e+00    4.6153e-02    1.3973e+00    4.6830e+00
coverage              5.6748e-02    6.7141e+01    1.6588e+00    5.9830e+00    5.0694e-02    1.3883e+00    6.2099e+00
a-optimal             1.6485e-01    7.0480e+01    7.7294e-01    3.7901e-01    9.9925e-02    1.3918e+00    1.3384e+00
d-optimal             1.3090e-01    7.0917e+01    1.5293e-01    2.5359e+00    4.0447e-03    1.3723e+00    2.9379e+00
greedy-e              1.6371e-01    7.0170e+01    6.2860e-01    5.3626e-01    4.3812e-02    1.4206e+00    1.3849e+00
fw-e                  1.6455e-01    7.0100e+01    4.5982e-01    2.1424e+00    3.1082e-02    1.4036e+00    2.5035e+00
fw-a                  1.6524e-01    7.0503e+01    8.7688e-01    9.9581e-01    7.4870e-02    1.4029e+00    1.5140e+00
fw-d                  1.4111e-01    7.0893e+01    1.0886e+00    1.9936e+00    1.5456e-02    1.3780e+00    2.3832e+00

--- K=20 (held-out=700) ---
Method                   min_eig        logdet  focal_err_px     pp_err_px      dist_err     train_rms   heldout_rms
--------------------------------------------------------------------------------------------------------------------
random                9.1420e-02    6.9678e+01    1.5111e+00    3.4172e+00    4.9799e-02    1.3922e+00    3.7356e+00
coverage              7.8417e-02    6.9247e+01    5.5080e-01    3.2321e+00    6.2144e-02    1.4049e+00    3.5277e+00
a-optimal             2.1460e-01    7.3082e+01    6.5618e-01    1.2418e+00    6.3113e-02    1.3916e+00    1.7818e+00
d-optimal             1.7443e-01    7.3421e+01    4.0494e-01    2.1567e+00    8.8225e-03    1.3861e+00    2.4989e+00
greedy-e              2.1667e-01    7.2665e+01    2.5987e-01    1.4758e+00    5.2553e-02    1.4087e+00    2.0017e+00
fw-e                  2.2020e-01    7.2505e+01    5.5934e-01    1.9941e+00    3.6377e-02    1.3982e+00    2.4043e+00
fw-a                  2.1698e-01    7.3022e+01    6.9771e-01    1.4469e+00    7.3549e-02    1.3952e+00    1.9552e+00
fw-d                  1.8273e-01    7.3417e+01    7.8346e-01    2.4804e+00    2.6651e-02    1.3860e+00    2.7337e+00

--- K=30 (held-out=690) ---
Method                   min_eig        logdet  focal_err_px     pp_err_px      dist_err     train_rms   heldout_rms
--------------------------------------------------------------------------------------------------------------------
random                1.3366e-01    7.3293e+01    1.3901e+00    3.1172e+00    3.0813e-02    1.3895e+00    3.3770e+00
coverage              1.3286e-01    7.3050e+01    9.8820e-01    3.5688e+00    6.6803e-02    1.4031e+00    3.7269e+00
a-optimal             3.1527e-01    7.6471e+01    1.1599e+00    1.9056e+00    6.2889e-02    1.3870e+00    2.4031e+00
d-optimal             2.6229e-01    7.6900e+01    4.9781e-01    1.5876e-01    3.4517e-02    1.3879e+00    1.2595e+00
greedy-e              3.1659e-01    7.5953e+01    4.4543e-01    8.5301e-01    4.0048e-02    1.4009e+00    1.5299e+00
fw-e                  3.1931e-01    7.6010e+01    4.8307e-01    1.0345e+00    2.5593e-02    1.3969e+00    1.6563e+00
fw-a                  3.1527e-01    7.6471e+01    1.1599e+00    1.9056e+00    6.2889e-02    1.3870e+00    2.4031e+00
fw-d                  2.7111e-01    7.6895e+01    5.0625e-01    4.6355e-01    3.4472e-02    1.3880e+00    1.3049e+00

--- K=40 (held-out=680) ---
Method                   min_eig        logdet  focal_err_px     pp_err_px      dist_err     train_rms   heldout_rms
--------------------------------------------------------------------------------------------------------------------
random                1.9192e-01    7.5977e+01    1.0798e+00    2.2344e+00    3.4911e-02    1.3951e+00    2.6556e+00
coverage              2.1261e-01    7.6073e+01    1.3223e+00    3.0799e+00    6.7075e-02    1.3965e+00    3.2424e+00
a-optimal             4.0650e-01    7.8906e+01    8.4009e-01    2.3555e+00    6.0787e-02    1.3870e+00    2.7509e+00
d-optimal             3.5402e-01    7.9320e+01    2.3136e-01    4.3075e-01    5.0199e-02    1.3789e+00    1.3259e+00
greedy-e              4.1364e-01    7.8552e+01    9.6258e-01    1.2272e+00    3.3273e-02    1.3886e+00    1.7642e+00
fw-e                  4.1456e-01    7.8557e+01    1.0211e+00    1.0279e+00    2.6270e-02    1.3866e+00    1.6568e+00
fw-a                  4.0394e-01    7.8867e+01    7.3789e-01    1.9852e+00    6.2996e-02    1.3866e+00    2.4262e+00
fw-d                  3.5421e-01    7.9318e+01    1.9595e-01    4.9420e-01    4.2874e-02    1.3813e+00    1.3479e+00

--- K=50 (held-out=670) ---
Method                   min_eig        logdet  focal_err_px     pp_err_px      dist_err     train_rms   heldout_rms
--------------------------------------------------------------------------------------------------------------------
random                2.3652e-01    7.8008e+01    8.9402e-01    2.0660e+00    2.3751e-02    1.3927e+00    2.4760e+00
coverage              2.5420e-01    7.7806e+01    1.6528e+00    3.5566e+00    7.1543e-02    1.3925e+00    3.6694e+00
a-optimal             5.0003e-01    8.0766e+01    7.5103e-01    2.1357e+00    6.4119e-02    1.3852e+00    2.5685e+00
d-optimal             4.4432e-01    8.1193e+01    3.5397e-01    7.0537e-01    4.5016e-02    1.3788e+00    1.4365e+00
greedy-e              5.0635e-01    8.0497e+01    9.0197e-01    1.4520e+00    2.1662e-02    1.3864e+00    1.9399e+00
fw-e                  5.0842e-01    8.0586e+01    8.7648e-01    1.5660e+00    9.1245e-03    1.3850e+00    1.9977e+00
fw-a                  4.9866e-01    8.0717e+01    4.6662e-01    1.8352e+00    4.3373e-02    1.3872e+00    2.2955e+00
fw-d                  4.4432e-01    8.1193e+01    3.5397e-01    7.0537e-01    4.5016e-02    1.3788e+00    1.4365e+00

Saved: results/fresh_ksweep_20260427/aprilgrid_sigma10_20260427_052045/k_sweep_calib_metrics.json
