
=== K-Sweep: Full Calibration Metrics (held-out = N-K) ===
  problem        : results/k20/datasets/aprilgrid_zero/all_candidate_problem_sigma05.npz
  total N        : 720
  K values       : [5, 10, 15, 20, 30, 40, 50]
  random trials  : 25
  held-out       : all N-K unselected frames per method

============================================================
K = 5  (held-out = 715 frames)
  [random] 25 trials...
  [coverage] min_eig=2.3507e-03  heldout=10.0819  (0.0s)
  [a-optimal] min_eig=2.2175e-01  heldout=2.0093  (1.3s)
  [d-optimal] min_eig=1.4190e-01  heldout=0.9435  (1.8s)
  [greedy-e] min_eig=1.7113e-01  heldout=2.3791  (2.0s)
[FW] Building 720 candidate information matrices...
Building FIM:   0%|          | 0/720 [00:00<?, ?candidate/s]Building FIM:   4%|▍         | 32/720 [00:00<00:08, 85.79candidate/s]Building FIM:  18%|█▊        | 128/720 [00:00<00:02, 232.34candidate/s]Building FIM:  36%|███▌      | 256/720 [00:00<00:01, 426.15candidate/s]Building FIM:  71%|███████   | 512/720 [00:00<00:00, 874.23candidate/s]Building FIM: 100%|██████████| 720/720 [00:00<00:00, 822.47candidate/s]
[FW] Done. Starting Frank-Wolfe optimization (select_k=5)...
[FW] Pre-extracting dense blocks (intr_dim=9, num_poses=720)...
[FW] Block extraction done. Starting iterations...
[FW] iter=  0  min_eig=1.030417e-01
[FW] iter=  1  min_eig=2.350930e-03
[FW] iter=  2  min_eig=2.351322e-03
[FW] iter=  3  min_eig=8.820975e-02
[FW] iter=  4  min_eig=7.530996e-02
[FW] iter=  5  min_eig=5.960331e-02
[FW] iter=  6  min_eig=5.314842e-02
[FW] iter=  7  min_eig=4.968348e-02
[FW] iter=  8  min_eig=4.687051e-02
[FW] iter=  9  min_eig=4.049153e-02
[FW] iter= 10  min_eig=3.724848e-02
[FW] iter= 11  min_eig=3.372687e-02
[FW] iter= 12  min_eig=3.023170e-02
[FW] iter= 13  min_eig=2.718801e-02
[FW] iter= 14  min_eig=2.466783e-02
[FW] iter= 15  min_eig=2.259097e-02
[FW] iter= 16  min_eig=2.067308e-02
[FW] iter= 17  min_eig=1.904904e-02
[FW] iter= 18  min_eig=1.795423e-02
[FW] iter= 19  min_eig=2.117273e-02
[FW] iter= 20  min_eig=1.979400e-02
[FW] iter= 21  min_eig=1.898413e-02
[FW] iter= 22  min_eig=4.056898e-02
[FW] iter= 23  min_eig=3.747042e-02
[FW] iter= 24  min_eig=3.564426e-02
[FW] iter= 25  min_eig=3.540436e-02
[FW] iter= 26  min_eig=3.427476e-02
[FW] iter= 27  min_eig=3.401557e-02
[FW] iter= 28  min_eig=3.289508e-02
[FW] iter= 29  min_eig=3.264642e-02
[FW] iter= 30  min_eig=3.179375e-02
[FW] iter= 31  min_eig=4.161494e-02
[FW] iter= 32  min_eig=4.268719e-02
[FW] iter= 33  min_eig=4.773907e-02
[FW] iter= 34  min_eig=4.815503e-02
[FW] iter= 35  min_eig=4.696874e-02
[FW] iter= 36  min_eig=4.673252e-02
[FW] iter= 37  min_eig=4.551539e-02
[FW] iter= 38  min_eig=4.467912e-02
[FW] iter= 39  min_eig=4.444444e-02
[FW] iter= 40  min_eig=4.601565e-02
[FW] iter= 41  min_eig=4.759496e-02
[FW] iter= 42  min_eig=6.295667e-02
[FW] iter= 43  min_eig=6.182389e-02
[FW] iter= 44  min_eig=6.172153e-02
[FW] iter= 45  min_eig=7.752229e-02
[FW] iter= 46  min_eig=8.085320e-02
[FW] iter= 47  min_eig=8.125371e-02
[FW] iter= 48  min_eig=8.424947e-02
[FW] iter= 49  min_eig=9.367366e-02
[FW] iter= 50  min_eig=9.629769e-02
[FW] iter= 51  min_eig=1.011088e-01
[FW] iter= 52  min_eig=9.961686e-02
[FW] iter= 53  min_eig=1.003124e-01
[FW] iter= 54  min_eig=1.003621e-01
[FW] iter= 55  min_eig=1.031307e-01
[FW] iter= 56  min_eig=1.058194e-01
[FW] iter= 57  min_eig=1.050012e-01
[FW] iter= 58  min_eig=1.042282e-01
[FW] iter= 59  min_eig=1.060143e-01
[FW] iter= 60  min_eig=1.074484e-01
[FW] iter= 61  min_eig=1.053607e-01
[FW] iter= 62  min_eig=1.039656e-01
[FW] iter= 63  min_eig=1.012820e-01
[FW] iter= 64  min_eig=9.835196e-02
[FW] iter= 65  min_eig=9.832251e-02
[FW] iter= 66  min_eig=9.740820e-02
[FW] iter= 67  min_eig=9.814929e-02
[FW] iter= 68  min_eig=9.796638e-02
[FW] iter= 69  min_eig=1.002406e-01
[FW] iter= 70  min_eig=9.989605e-02
[FW] iter= 71  min_eig=9.926302e-02
[FW] iter= 72  min_eig=9.877614e-02
[FW] iter= 73  min_eig=1.010941e-01
[FW] iter= 74  min_eig=1.023426e-01
[FW] iter= 75  min_eig=1.048753e-01
[FW] iter= 76  min_eig=1.045322e-01
[FW] iter= 77  min_eig=1.030648e-01
[FW] iter= 78  min_eig=1.040505e-01
[FW] iter= 79  min_eig=1.072588e-01
[FW] iter= 80  min_eig=1.077313e-01
[FW] iter= 81  min_eig=1.084624e-01
[FW] iter= 82  min_eig=1.090574e-01
[FW] iter= 83  min_eig=1.089339e-01
[FW] iter= 84  min_eig=1.096159e-01
[FW] iter= 85  min_eig=1.089995e-01
[FW] iter= 86  min_eig=1.114452e-01
[FW] iter= 87  min_eig=1.108647e-01
[FW] iter= 88  min_eig=1.106709e-01
[FW] iter= 89  min_eig=1.098977e-01
[FW] iter= 90  min_eig=1.092463e-01
[FW] iter= 91  min_eig=1.086396e-01
[FW] iter= 92  min_eig=1.086630e-01
[FW] iter= 93  min_eig=1.081427e-01
[FW] iter= 94  min_eig=1.095579e-01
[FW] iter= 95  min_eig=1.088196e-01
[FW] iter= 96  min_eig=1.069864e-01
[FW] iter= 97  min_eig=1.060012e-01
[FW] iter= 98  min_eig=1.042021e-01
[FW] iter= 99  min_eig=1.056231e-01
[FW] iter=100  min_eig=1.047670e-01
[FW] iter=101  min_eig=1.056566e-01
[FW] iter=102  min_eig=1.059586e-01
[FW] iter=103  min_eig=1.075934e-01
[FW] iter=104  min_eig=1.090980e-01
[FW] iter=105  min_eig=1.100659e-01
[FW] iter=106  min_eig=1.090184e-01
[FW] iter=107  min_eig=1.095151e-01
[FW] iter=108  min_eig=1.096328e-01
[FW] iter=109  min_eig=1.101382e-01
[FW] iter=110  min_eig=1.112172e-01
[FW] iter=111  min_eig=1.121920e-01
[FW] iter=112  min_eig=1.121343e-01
[FW] iter=113  min_eig=1.129871e-01
[FW] iter=114  min_eig=1.136329e-01
[FW] iter=115  min_eig=1.129644e-01
[FW] iter=116  min_eig=1.131104e-01
[FW] iter=117  min_eig=1.133073e-01
[FW] iter=118  min_eig=1.121444e-01
[FW] iter=119  min_eig=1.110107e-01
[FW] iter=120  min_eig=1.111090e-01
[FW] iter=121  min_eig=1.098779e-01
[FW] iter=122  min_eig=1.082795e-01
[FW] iter=123  min_eig=1.066988e-01
[FW] iter=124  min_eig=1.051397e-01
[FW] iter=125  min_eig=1.041294e-01
[FW] iter=126  min_eig=1.043801e-01
[FW] iter=127  min_eig=1.044937e-01
[FW] iter=128  min_eig=1.055162e-01
[FW] iter=129  min_eig=1.060330e-01
[FW] iter=130  min_eig=1.063609e-01
[FW] iter=131  min_eig=1.068182e-01
[FW] iter=132  min_eig=1.069563e-01
[FW] iter=133  min_eig=1.070000e-01
[FW] iter=134  min_eig=1.069512e-01
[FW] iter=135  min_eig=1.060779e-01
[FW] iter=136  min_eig=1.047128e-01
[FW] iter=137  min_eig=1.033559e-01
[FW] iter=138  min_eig=1.020219e-01
[FW] iter=139  min_eig=1.007095e-01
[FW] iter=140  min_eig=1.004359e-01
[FW] iter=141  min_eig=1.003810e-01
[FW] iter=142  min_eig=1.002113e-01
[FW] iter=143  min_eig=9.971746e-02
[FW] iter=144  min_eig=9.917964e-02
[FW] iter=145  min_eig=1.031982e-01
[FW] iter=146  min_eig=1.062216e-01
[FW] iter=147  min_eig=1.084871e-01
[FW] iter=148  min_eig=1.101653e-01
[FW] iter=149  min_eig=1.119285e-01
[FW] iter=150  min_eig=1.135727e-01
[FW] iter=151  min_eig=1.150755e-01
[FW] iter=152  min_eig=1.167540e-01
[FW] iter=153  min_eig=1.182709e-01
[FW] iter=154  min_eig=1.198433e-01
[FW] iter=155  min_eig=1.212961e-01
[FW] iter=156  min_eig=1.228193e-01
[FW] iter=157  min_eig=1.242664e-01
[FW] iter=158  min_eig=1.256513e-01
[FW] iter=159  min_eig=1.270731e-01
[FW] iter=160  min_eig=1.284343e-01
[FW] iter=161  min_eig=1.297424e-01
[FW] iter=162  min_eig=1.310811e-01
[FW] iter=163  min_eig=1.323724e-01
[FW] iter=164  min_eig=1.335626e-01
[FW] iter=165  min_eig=1.348244e-01
[FW] iter=166  min_eig=1.360739e-01
[FW] iter=167  min_eig=1.372709e-01
[FW] iter=168  min_eig=1.384034e-01
[FW] iter=169  min_eig=1.395833e-01
[FW] iter=170  min_eig=1.407139e-01
[FW] iter=171  min_eig=1.417652e-01
[FW] iter=172  min_eig=1.428938e-01
[FW] iter=173  min_eig=1.439565e-01
[FW] iter=174  min_eig=1.449676e-01
[FW] iter=175  min_eig=1.460287e-01
[FW] iter=176  min_eig=1.470280e-01
[FW] iter=177  min_eig=1.480009e-01
[FW] iter=178  min_eig=1.489996e-01
[FW] iter=179  min_eig=1.499607e-01
[FW] iter=180  min_eig=1.508687e-01
[FW] iter=181  min_eig=1.518294e-01
[FW] iter=182  min_eig=1.527570e-01
[FW] iter=183  min_eig=1.536553e-01
[FW] iter=184  min_eig=1.544979e-01
[FW] iter=185  min_eig=1.553928e-01
[FW] iter=186  min_eig=1.562249e-01
[FW] iter=187  min_eig=1.570914e-01
[FW] iter=188  min_eig=1.579201e-01
[FW] iter=189  min_eig=1.586887e-01
[FW] iter=190  min_eig=1.595156e-01
[FW] iter=191  min_eig=1.602872e-01
[FW] iter=192  min_eig=1.610849e-01
[FW] iter=193  min_eig=1.618512e-01
[FW] iter=194  min_eig=1.625794e-01
[FW] iter=195  min_eig=1.633405e-01
[FW] iter=196  min_eig=1.640704e-01
[FW] iter=197  min_eig=1.647654e-01
[FW] iter=198  min_eig=1.654908e-01
[FW] iter=199  min_eig=1.661911e-01
[FW] iter=200  min_eig=1.668490e-01
[FW] iter=201  min_eig=1.675157e-01
[FW] iter=202  min_eig=1.681977e-01
[FW] iter=203  min_eig=1.688574e-01
[FW] iter=204  min_eig=1.694637e-01
[FW] iter=205  min_eig=1.701248e-01
[FW] iter=206  min_eig=1.707497e-01
[FW] iter=207  min_eig=1.713374e-01
[FW] iter=208  min_eig=1.719651e-01
[FW] iter=209  min_eig=1.725627e-01
[FW] iter=210  min_eig=1.731246e-01
[FW] iter=211  min_eig=1.737256e-01
[FW] iter=212  min_eig=1.742808e-01
[FW] iter=213  min_eig=1.748639e-01
[FW] iter=214  min_eig=1.754217e-01
[FW] iter=215  min_eig=1.759388e-01
[FW] iter=216  min_eig=1.765002e-01
[FW] iter=217  min_eig=1.770203e-01
[FW] iter=218  min_eig=1.775630e-01
[FW] iter=219  min_eig=1.780843e-01
[FW] iter=220  min_eig=1.785801e-01
[FW] iter=221  min_eig=1.791013e-01
[FW] iter=222  min_eig=1.796008e-01
[FW] iter=223  min_eig=1.800763e-01
[FW] iter=224  min_eig=1.805760e-01
[FW] iter=225  min_eig=1.810576e-01
[FW] iter=226  min_eig=1.814892e-01
[FW] iter=227  min_eig=1.819779e-01
[FW] iter=228  min_eig=1.824485e-01
[FW] iter=229  min_eig=1.828886e-01
[FW] iter=230  min_eig=1.833488e-01
[FW] iter=231  min_eig=1.837836e-01
[FW] iter=232  min_eig=1.842097e-01
[FW] iter=233  min_eig=1.846488e-01
[FW] iter=234  min_eig=1.850710e-01
[FW] iter=235  min_eig=1.854709e-01
[FW] iter=236  min_eig=1.859007e-01
[FW] iter=237  min_eig=1.863144e-01
[FW] iter=238  min_eig=1.866992e-01
[FW] iter=239  min_eig=1.870816e-01
[FW] iter=240  min_eig=1.874959e-01
[FW] iter=241  min_eig=1.878926e-01
[FW] iter=242  min_eig=1.882766e-01
[FW] iter=243  min_eig=1.886293e-01
[FW] iter=244  min_eig=1.890007e-01
[FW] iter=245  min_eig=1.893877e-01
[FW] iter=246  min_eig=1.897571e-01
[FW] iter=247  min_eig=1.901198e-01
[FW] iter=248  min_eig=1.904465e-01
[FW] iter=249  min_eig=1.907979e-01
[FW] iter=250  min_eig=1.911633e-01
[FW] iter=251  min_eig=1.915130e-01
[FW] iter=252  min_eig=1.918221e-01
[FW] iter=253  min_eig=1.921756e-01
[FW] iter=254  min_eig=1.925162e-01
[FW] iter=255  min_eig=1.928307e-01
[FW] iter=256  min_eig=1.931652e-01
[FW] iter=257  min_eig=1.934810e-01
[FW] iter=258  min_eig=1.937867e-01
[FW] iter=259  min_eig=1.941072e-01
[FW] iter=260  min_eig=1.944137e-01
[FW] iter=261  min_eig=1.947052e-01
[FW] iter=262  min_eig=1.950194e-01
[FW] iter=263  min_eig=1.953222e-01
[FW] iter=264  min_eig=1.955997e-01
[FW] iter=265  min_eig=1.958799e-01
[FW] iter=266  min_eig=1.961851e-01
[FW] iter=267  min_eig=1.964771e-01
[FW] iter=268  min_eig=1.967589e-01
[FW] iter=269  min_eig=1.970180e-01
[FW] iter=270  min_eig=1.973075e-01
[FW] iter=271  min_eig=1.975867e-01
[FW] iter=272  min_eig=1.978559e-01
[FW] iter=273  min_eig=1.981013e-01
[FW] iter=274  min_eig=1.983769e-01
[FW] iter=275  min_eig=1.986330e-01
[FW] iter=276  min_eig=1.988990e-01
[FW] iter=277  min_eig=1.991549e-01
[FW] iter=278  min_eig=1.993961e-01
[FW] iter=279  min_eig=1.996551e-01
[FW] iter=280  min_eig=1.999025e-01
[FW] iter=281  min_eig=2.001357e-01
[FW] iter=282  min_eig=2.003862e-01
[FW] iter=283  min_eig=2.006275e-01
[FW] iter=284  min_eig=2.008517e-01
[FW] iter=285  min_eig=2.010846e-01
[FW] iter=286  min_eig=2.013235e-01
[FW] iter=287  min_eig=2.015551e-01
[FW] iter=288  min_eig=2.017674e-01
[FW] iter=289  min_eig=2.019851e-01
[FW] iter=290  min_eig=2.022202e-01
[FW] iter=291  min_eig=2.024448e-01
[FW] iter=292  min_eig=2.026609e-01
[FW] iter=293  min_eig=2.028627e-01
[FW] iter=294  min_eig=2.030821e-01
[FW] iter=295  min_eig=2.033000e-01
[FW] iter=296  min_eig=2.035077e-01
[FW] iter=297  min_eig=2.036986e-01
[FW] iter=298  min_eig=2.039125e-01
[FW] iter=299  min_eig=2.041111e-01
  [fw-e] min_eig=1.7724e-03  heldout=4.1194  (4.2s)
[FW-A] Building 720 candidate information matrices...
Building FIM:   0%|          | 0/720 [00:00<?, ?candidate/s]Building FIM:  44%|████▍     | 320/720 [00:00<00:00, 2389.69candidate/s]Building FIM:  98%|█████████▊| 704/720 [00:00<00:00, 2612.91candidate/s]Building FIM: 100%|██████████| 720/720 [00:00<00:00, 2635.52candidate/s]
[FW-A] Done. Starting Frank-Wolfe A-optimal (select_k=5)...
[FW-A] Pre-extracting dense blocks (intr_dim=9, num_poses=720)...
[FW-A] Block extraction done. Starting iterations...
[FW-A] iter=  0  -trace(H^{-1})=-1.307714e+01
[FW-A] iter=  1  -trace(H^{-1})=-4.272732e+02
[FW-A] iter=  2  -trace(H^{-1})=-4.287186e+02
[FW-A] iter=  3  -trace(H^{-1})=-1.431107e+01
[FW-A] iter=  4  -trace(H^{-1})=-1.701896e+01
[FW-A] iter=  5  -trace(H^{-1})=-1.957527e+01
[FW-A] iter=  6  -trace(H^{-1})=-2.447343e+01
[FW-A] iter=  7  -trace(H^{-1})=-2.379972e+01
[FW-A] iter=  8  -trace(H^{-1})=-2.497423e+01
[FW-A] iter=  9  -trace(H^{-1})=-2.434644e+01
[FW-A] iter= 10  -trace(H^{-1})=-2.562394e+01
[FW-A] iter= 11  -trace(H^{-1})=-2.758243e+01
[FW-A] iter= 12  -trace(H^{-1})=-2.881645e+01
[FW-A] iter= 13  -trace(H^{-1})=-3.069308e+01
[FW-A] iter= 14  -trace(H^{-1})=-3.279677e+01
[FW-A] iter= 15  -trace(H^{-1})=-3.519784e+01
[FW-A] iter= 16  -trace(H^{-1})=-3.749193e+01
[FW-A] iter= 17  -trace(H^{-1})=-3.974116e+01
[FW-A] iter= 18  -trace(H^{-1})=-3.843093e+01
[FW-A] iter= 19  -trace(H^{-1})=-4.073998e+01
[FW-A] iter= 20  -trace(H^{-1})=-4.294825e+01
[FW-A] iter= 21  -trace(H^{-1})=-2.726082e+01
[FW-A] iter= 22  -trace(H^{-1})=-2.875569e+01
[FW-A] iter= 23  -trace(H^{-1})=-3.023370e+01
[FW-A] iter= 24  -trace(H^{-1})=-3.091280e+01
[FW-A] iter= 25  -trace(H^{-1})=-3.120480e+01
[FW-A] iter= 26  -trace(H^{-1})=-3.174501e+01
[FW-A] iter= 27  -trace(H^{-1})=-3.242300e+01
[FW-A] iter= 28  -trace(H^{-1})=-3.339920e+01
[FW-A] iter= 29  -trace(H^{-1})=-3.362646e+01
[FW-A] iter= 30  -trace(H^{-1})=-3.446401e+01
[FW-A] iter= 31  -trace(H^{-1})=-2.781623e+01
[FW-A] iter= 32  -trace(H^{-1})=-2.704406e+01
[FW-A] iter= 33  -trace(H^{-1})=-2.458533e+01
[FW-A] iter= 34  -trace(H^{-1})=-2.437228e+01
[FW-A] iter= 35  -trace(H^{-1})=-2.491829e+01
[FW-A] iter= 36  -trace(H^{-1})=-2.499303e+01
[FW-A] iter= 37  -trace(H^{-1})=-2.523113e+01
[FW-A] iter= 38  -trace(H^{-1})=-2.581585e+01
[FW-A] iter= 39  -trace(H^{-1})=-2.593310e+01
[FW-A] iter= 40  -trace(H^{-1})=-2.497237e+01
[FW-A] iter= 41  -trace(H^{-1})=-2.436094e+01
[FW-A] iter= 42  -trace(H^{-1})=-1.922462e+01
[FW-A] iter= 43  -trace(H^{-1})=-1.964800e+01
[FW-A] iter= 44  -trace(H^{-1})=-1.956064e+01
[FW-A] iter= 45  -trace(H^{-1})=-1.694556e+01
[FW-A] iter= 46  -trace(H^{-1})=-1.567655e+01
[FW-A] iter= 47  -trace(H^{-1})=-1.578953e+01
[FW-A] iter= 48  -trace(H^{-1})=-1.495571e+01
[FW-A] iter= 49  -trace(H^{-1})=-1.439916e+01
[FW-A] iter= 50  -trace(H^{-1})=-1.391648e+01
[FW-A] iter= 51  -trace(H^{-1})=-1.316432e+01
[FW-A] iter= 52  -trace(H^{-1})=-1.330756e+01
[FW-A] iter= 53  -trace(H^{-1})=-1.352668e+01
[FW-A] iter= 54  -trace(H^{-1})=-1.315646e+01
[FW-A] iter= 55  -trace(H^{-1})=-1.297419e+01
[FW-A] iter= 56  -trace(H^{-1})=-1.262278e+01
[FW-A] iter= 57  -trace(H^{-1})=-1.257586e+01
[FW-A] iter= 58  -trace(H^{-1})=-1.265665e+01
[FW-A] iter= 59  -trace(H^{-1})=-1.276941e+01
[FW-A] iter= 60  -trace(H^{-1})=-1.255337e+01
[FW-A] iter= 61  -trace(H^{-1})=-1.267350e+01
[FW-A] iter= 62  -trace(H^{-1})=-1.278581e+01
[FW-A] iter= 63  -trace(H^{-1})=-1.298235e+01
[FW-A] iter= 64  -trace(H^{-1})=-1.325741e+01
[FW-A] iter= 65  -trace(H^{-1})=-1.333382e+01
[FW-A] iter= 66  -trace(H^{-1})=-1.342030e+01
[FW-A] iter= 67  -trace(H^{-1})=-1.334068e+01
[FW-A] iter= 68  -trace(H^{-1})=-1.335271e+01
[FW-A] iter= 69  -trace(H^{-1})=-1.317304e+01
[FW-A] iter= 70  -trace(H^{-1})=-1.319157e+01
[FW-A] iter= 71  -trace(H^{-1})=-1.327870e+01
[FW-A] iter= 72  -trace(H^{-1})=-1.327259e+01
[FW-A] iter= 73  -trace(H^{-1})=-1.306678e+01
[FW-A] iter= 74  -trace(H^{-1})=-1.287270e+01
[FW-A] iter= 75  -trace(H^{-1})=-1.275728e+01
[FW-A] iter= 76  -trace(H^{-1})=-1.271523e+01
[FW-A] iter= 77  -trace(H^{-1})=-1.281356e+01
[FW-A] iter= 78  -trace(H^{-1})=-1.274850e+01
[FW-A] iter= 79  -trace(H^{-1})=-1.253837e+01
[FW-A] iter= 80  -trace(H^{-1})=-1.235556e+01
[FW-A] iter= 81  -trace(H^{-1})=-1.248054e+01
[FW-A] iter= 82  -trace(H^{-1})=-1.227023e+01
[FW-A] iter= 83  -trace(H^{-1})=-1.220160e+01
[FW-A] iter= 84  -trace(H^{-1})=-1.219573e+01
[FW-A] iter= 85  -trace(H^{-1})=-1.228858e+01
[FW-A] iter= 86  -trace(H^{-1})=-1.213773e+01
[FW-A] iter= 87  -trace(H^{-1})=-1.218754e+01
[FW-A] iter= 88  -trace(H^{-1})=-1.213927e+01
[FW-A] iter= 89  -trace(H^{-1})=-1.206800e+01
[FW-A] iter= 90  -trace(H^{-1})=-1.224195e+01
[FW-A] iter= 91  -trace(H^{-1})=-1.229200e+01
[FW-A] iter= 92  -trace(H^{-1})=-1.227885e+01
[FW-A] iter= 93  -trace(H^{-1})=-1.237320e+01
[FW-A] iter= 94  -trace(H^{-1})=-1.233840e+01
[FW-A] iter= 95  -trace(H^{-1})=-1.242408e+01
[FW-A] iter= 96  -trace(H^{-1})=-1.256117e+01
[FW-A] iter= 97  -trace(H^{-1})=-1.266472e+01
[FW-A] iter= 98  -trace(H^{-1})=-1.279380e+01
[FW-A] iter= 99  -trace(H^{-1})=-1.274677e+01
[FW-A] iter=100  -trace(H^{-1})=-1.283085e+01
[FW-A] iter=101  -trace(H^{-1})=-1.270770e+01
[FW-A] iter=102  -trace(H^{-1})=-1.274687e+01
[FW-A] iter=103  -trace(H^{-1})=-1.257843e+01
[FW-A] iter=104  -trace(H^{-1})=-1.234396e+01
[FW-A] iter=105  -trace(H^{-1})=-1.235870e+01
[FW-A] iter=106  -trace(H^{-1})=-1.247419e+01
[FW-A] iter=107  -trace(H^{-1})=-1.241098e+01
[FW-A] iter=108  -trace(H^{-1})=-1.242073e+01
[FW-A] iter=109  -trace(H^{-1})=-1.240113e+01
[FW-A] iter=110  -trace(H^{-1})=-1.219297e+01
[FW-A] iter=111  -trace(H^{-1})=-1.215823e+01
[FW-A] iter=112  -trace(H^{-1})=-1.216078e+01
[FW-A] iter=113  -trace(H^{-1})=-1.210326e+01
[FW-A] iter=114  -trace(H^{-1})=-1.212998e+01
[FW-A] iter=115  -trace(H^{-1})=-1.206815e+01
[FW-A] iter=116  -trace(H^{-1})=-1.210620e+01
[FW-A] iter=117  -trace(H^{-1})=-1.209705e+01
[FW-A] iter=118  -trace(H^{-1})=-1.220787e+01
[FW-A] iter=119  -trace(H^{-1})=-1.231031e+01
[FW-A] iter=120  -trace(H^{-1})=-1.239459e+01
[FW-A] iter=121  -trace(H^{-1})=-1.242301e+01
[FW-A] iter=122  -trace(H^{-1})=-1.254987e+01
[FW-A] iter=123  -trace(H^{-1})=-1.268160e+01
[FW-A] iter=124  -trace(H^{-1})=-1.281915e+01
[FW-A] iter=125  -trace(H^{-1})=-1.292310e+01
[FW-A] iter=126  -trace(H^{-1})=-1.290856e+01
[FW-A] iter=127  -trace(H^{-1})=-1.290266e+01
[FW-A] iter=128  -trace(H^{-1})=-1.277446e+01
[FW-A] iter=129  -trace(H^{-1})=-1.271481e+01
[FW-A] iter=130  -trace(H^{-1})=-1.267779e+01
[FW-A] iter=131  -trace(H^{-1})=-1.261628e+01
[FW-A] iter=132  -trace(H^{-1})=-1.259890e+01
[FW-A] iter=133  -trace(H^{-1})=-1.261432e+01
[FW-A] iter=134  -trace(H^{-1})=-1.262152e+01
[FW-A] iter=135  -trace(H^{-1})=-1.270003e+01
[FW-A] iter=136  -trace(H^{-1})=-1.282994e+01
[FW-A] iter=137  -trace(H^{-1})=-1.296821e+01
[FW-A] iter=138  -trace(H^{-1})=-1.311015e+01
[FW-A] iter=139  -trace(H^{-1})=-1.325713e+01
[FW-A] iter=140  -trace(H^{-1})=-1.328589e+01
[FW-A] iter=141  -trace(H^{-1})=-1.328964e+01
[FW-A] iter=142  -trace(H^{-1})=-1.330747e+01
[FW-A] iter=143  -trace(H^{-1})=-1.336584e+01
[FW-A] iter=144  -trace(H^{-1})=-1.343341e+01
[FW-A] iter=145  -trace(H^{-1})=-1.303870e+01
[FW-A] iter=146  -trace(H^{-1})=-1.275784e+01
[FW-A] iter=147  -trace(H^{-1})=-1.255583e+01
[FW-A] iter=148  -trace(H^{-1})=-1.237710e+01
[FW-A] iter=149  -trace(H^{-1})=-1.222087e+01
[FW-A] iter=150  -trace(H^{-1})=-1.207418e+01
[FW-A] iter=151  -trace(H^{-1})=-1.193484e+01
[FW-A] iter=152  -trace(H^{-1})=-1.179882e+01
[FW-A] iter=153  -trace(H^{-1})=-1.167055e+01
[FW-A] iter=154  -trace(H^{-1})=-1.155175e+01
[FW-A] iter=155  -trace(H^{-1})=-1.143207e+01
[FW-A] iter=156  -trace(H^{-1})=-1.131904e+01
[FW-A] iter=157  -trace(H^{-1})=-1.121660e+01
[FW-A] iter=158  -trace(H^{-1})=-1.111040e+01
[FW-A] iter=159  -trace(H^{-1})=-1.100998e+01
[FW-A] iter=160  -trace(H^{-1})=-1.091528e+01
[FW-A] iter=161  -trace(H^{-1})=-1.082580e+01
[FW-A] iter=162  -trace(H^{-1})=-1.073589e+01
[FW-A] iter=163  -trace(H^{-1})=-1.065127e+01
[FW-A] iter=164  -trace(H^{-1})=-1.057091e+01
[FW-A] iter=165  -trace(H^{-1})=-1.049098e+01
[FW-A] iter=166  -trace(H^{-1})=-1.041526e+01
[FW-A] iter=167  -trace(H^{-1})=-1.034361e+01
[FW-A] iter=168  -trace(H^{-1})=-1.027116e+01
[FW-A] iter=169  -trace(H^{-1})=-1.020245e+01
[FW-A] iter=170  -trace(H^{-1})=-1.013719e+01
[FW-A] iter=171  -trace(H^{-1})=-1.007204e+01
[FW-A] iter=172  -trace(H^{-1})=-1.001018e+01
[FW-A] iter=173  -trace(H^{-1})=-9.951561e+00
[FW-A] iter=174  -trace(H^{-1})=-9.891968e+00
[FW-A] iter=175  -trace(H^{-1})=-9.835311e+00
[FW-A] iter=176  -trace(H^{-1})=-9.781431e+00
[FW-A] iter=177  -trace(H^{-1})=-9.727392e+00
[FW-A] iter=178  -trace(H^{-1})=-9.675612e+00
[FW-A] iter=179  -trace(H^{-1})=-9.626391e+00
[FW-A] iter=180  -trace(H^{-1})=-9.578301e+00
[FW-A] iter=181  -trace(H^{-1})=-9.530205e+00
[FW-A] iter=182  -trace(H^{-1})=-9.484395e+00
[FW-A] iter=183  -trace(H^{-1})=-9.441292e+00
[FW-A] iter=184  -trace(H^{-1})=-9.396747e+00
[FW-A] iter=185  -trace(H^{-1})=-9.354219e+00
[FW-A] iter=186  -trace(H^{-1})=-9.312885e+00
[FW-A] iter=187  -trace(H^{-1})=-9.273317e+00
[FW-A] iter=188  -trace(H^{-1})=-9.233532e+00
[FW-A] iter=189  -trace(H^{-1})=-9.195540e+00
[FW-A] iter=190  -trace(H^{-1})=-9.159416e+00
[FW-A] iter=191  -trace(H^{-1})=-9.122314e+00
[FW-A] iter=192  -trace(H^{-1})=-9.086856e+00
[FW-A] iter=193  -trace(H^{-1})=-9.052899e+00
[FW-A] iter=194  -trace(H^{-1})=-9.018678e+00
[FW-A] iter=195  -trace(H^{-1})=-8.985696e+00
[FW-A] iter=196  -trace(H^{-1})=-8.954427e+00
[FW-A] iter=197  -trace(H^{-1})=-8.922389e+00
[FW-A] iter=198  -trace(H^{-1})=-8.891756e+00
[FW-A] iter=199  -trace(H^{-1})=-8.862154e+00
[FW-A] iter=200  -trace(H^{-1})=-8.832507e+00
[FW-A] iter=201  -trace(H^{-1})=-8.803858e+00
[FW-A] iter=202  -trace(H^{-1})=-8.776329e+00
[FW-A] iter=203  -trace(H^{-1})=-8.748441e+00
[FW-A] iter=204  -trace(H^{-1})=-8.721866e+00
[FW-A] iter=205  -trace(H^{-1})=-8.696256e+00
[FW-A] iter=206  -trace(H^{-1})=-8.670053e+00
[FW-A] iter=207  -trace(H^{-1})=-8.645391e+00
[FW-A] iter=208  -trace(H^{-1})=-8.620953e+00
[FW-A] iter=209  -trace(H^{-1})=-8.596765e+00
[FW-A] iter=210  -trace(H^{-1})=-8.573664e+00
[FW-A] iter=211  -trace(H^{-1})=-8.549936e+00
[FW-A] iter=212  -trace(H^{-1})=-8.527041e+00
[FW-A] iter=213  -trace(H^{-1})=-8.504792e+00
[FW-A] iter=214  -trace(H^{-1})=-8.483284e+00
[FW-A] iter=215  -trace(H^{-1})=-8.461456e+00
[FW-A] iter=216  -trace(H^{-1})=-8.440624e+00
[FW-A] iter=217  -trace(H^{-1})=-8.420649e+00
[FW-A] iter=218  -trace(H^{-1})=-8.399877e+00
[FW-A] iter=219  -trace(H^{-1})=-8.380050e+00
[FW-A] iter=220  -trace(H^{-1})=-8.360727e+00
[FW-A] iter=221  -trace(H^{-1})=-8.341360e+00
[FW-A] iter=222  -trace(H^{-1})=-8.322598e+00
[FW-A] iter=223  -trace(H^{-1})=-8.304435e+00
[FW-A] iter=224  -trace(H^{-1})=-8.286018e+00
[FW-A] iter=225  -trace(H^{-1})=-8.268431e+00
[FW-A] iter=226  -trace(H^{-1})=-8.251351e+00
[FW-A] iter=227  -trace(H^{-1})=-8.233889e+00
[FW-A] iter=228  -trace(H^{-1})=-8.217080e+00
[FW-A] iter=229  -trace(H^{-1})=-8.201081e+00
[FW-A] iter=230  -trace(H^{-1})=-8.184360e+00
[FW-A] iter=231  -trace(H^{-1})=-8.168386e+00
[FW-A] iter=232  -trace(H^{-1})=-8.152777e+00
[FW-A] iter=233  -trace(H^{-1})=-8.137120e+00
[FW-A] iter=234  -trace(H^{-1})=-8.122364e+00
[FW-A] iter=235  -trace(H^{-1})=-8.107009e+00
[FW-A] iter=236  -trace(H^{-1})=-8.092338e+00
[FW-A] iter=237  -trace(H^{-1})=-8.078428e+00
[FW-A] iter=238  -trace(H^{-1})=-8.063798e+00
[FW-A] iter=239  -trace(H^{-1})=-8.049831e+00
[FW-A] iter=240  -trace(H^{-1})=-8.036758e+00
[FW-A] iter=241  -trace(H^{-1})=-8.022706e+00
[FW-A] iter=242  -trace(H^{-1})=-8.009275e+00
[FW-A] iter=243  -trace(H^{-1})=-7.996441e+00
[FW-A] iter=244  -trace(H^{-1})=-7.983238e+00
[FW-A] iter=245  -trace(H^{-1})=-7.970621e+00
[FW-A] iter=246  -trace(H^{-1})=-7.958432e+00
[FW-A] iter=247  -trace(H^{-1})=-7.945816e+00
[FW-A] iter=248  -trace(H^{-1})=-7.933781e+00
[FW-A] iter=249  -trace(H^{-1})=-7.922297e+00
[FW-A] iter=250  -trace(H^{-1})=-7.910144e+00
[FW-A] iter=251  -trace(H^{-1})=-7.898527e+00
[FW-A] iter=252  -trace(H^{-1})=-7.887269e+00
[FW-A] iter=253  -trace(H^{-1})=-7.875826e+00
[FW-A] iter=254  -trace(H^{-1})=-7.864728e+00
[FW-A] iter=255  -trace(H^{-1})=-7.854038e+00
[FW-A] iter=256  -trace(H^{-1})=-7.843036e+00
[FW-A] iter=257  -trace(H^{-1})=-7.832519e+00
[FW-A] iter=258  -trace(H^{-1})=-7.822369e+00
[FW-A] iter=259  -trace(H^{-1})=-7.811819e+00
[FW-A] iter=260  -trace(H^{-1})=-7.801694e+00
[FW-A] iter=261  -trace(H^{-1})=-7.792107e+00
[FW-A] iter=262  -trace(H^{-1})=-7.781910e+00
[FW-A] iter=263  -trace(H^{-1})=-7.772162e+00
[FW-A] iter=264  -trace(H^{-1})=-7.762696e+00
[FW-A] iter=265  -trace(H^{-1})=-7.753070e+00
[FW-A] iter=266  -trace(H^{-1})=-7.743761e+00
[FW-A] iter=267  -trace(H^{-1})=-7.734747e+00
[FW-A] iter=268  -trace(H^{-1})=-7.725463e+00
[FW-A] iter=269  -trace(H^{-1})=-7.716579e+00
[FW-A] iter=270  -trace(H^{-1})=-7.708079e+00
[FW-A] iter=271  -trace(H^{-1})=-7.699085e+00
[FW-A] iter=272  -trace(H^{-1})=-7.690488e+00
[FW-A] iter=273  -trace(H^{-1})=-7.682106e+00
[FW-A] iter=274  -trace(H^{-1})=-7.673602e+00
[FW-A] iter=275  -trace(H^{-1})=-7.665351e+00
[FW-A] iter=276  -trace(H^{-1})=-7.657356e+00
[FW-A] iter=277  -trace(H^{-1})=-7.649137e+00
[FW-A] iter=278  -trace(H^{-1})=-7.641297e+00
[FW-A] iter=279  -trace(H^{-1})=-7.633716e+00
[FW-A] iter=280  -trace(H^{-1})=-7.625737e+00
[FW-A] iter=281  -trace(H^{-1})=-7.618112e+00
[FW-A] iter=282  -trace(H^{-1})=-7.610878e+00
[FW-A] iter=283  -trace(H^{-1})=-7.603188e+00
[FW-A] iter=284  -trace(H^{-1})=-7.595837e+00
[FW-A] iter=285  -trace(H^{-1})=-7.588656e+00
[FW-A] iter=286  -trace(H^{-1})=-7.581370e+00
[FW-A] iter=287  -trace(H^{-1})=-7.574544e+00
[FW-A] iter=288  -trace(H^{-1})=-7.567321e+00
[FW-A] iter=289  -trace(H^{-1})=-7.560419e+00
[FW-A] iter=290  -trace(H^{-1})=-7.553907e+00
[FW-A] iter=291  -trace(H^{-1})=-7.546935e+00
[FW-A] iter=292  -trace(H^{-1})=-7.540274e+00
[FW-A] iter=293  -trace(H^{-1})=-7.534092e+00
[FW-A] iter=294  -trace(H^{-1})=-7.527305e+00
[FW-A] iter=295  -trace(H^{-1})=-7.520818e+00
[FW-A] iter=296  -trace(H^{-1})=-7.514648e+00
[FW-A] iter=297  -trace(H^{-1})=-7.508208e+00
[FW-A] iter=298  -trace(H^{-1})=-7.502057e+00
[FW-A] iter=299  -trace(H^{-1})=-7.496131e+00
  [fw-a] min_eig=2.1795e-01  heldout=1.7437  (4.7s)
[FW-D] Building 720 candidate information matrices...
Building FIM:   0%|          | 0/720 [00:00<?, ?candidate/s]Building FIM:  18%|█▊        | 128/720 [00:00<00:00, 1068.06candidate/s]Building FIM:  33%|███▎      | 235/720 [00:00<00:00, 925.48candidate/s] Building FIM:  71%|███████   | 512/720 [00:00<00:00, 1456.73candidate/s]Building FIM: 100%|██████████| 720/720 [00:00<00:00, 1871.02candidate/s]
[FW-D] Done. Starting Frank-Wolfe D-optimal (select_k=5)...
[FW-D] Pre-extracting dense blocks (intr_dim=9, num_poses=720)...
[FW-D] Block extraction done. Starting iterations...
[FW-D] iter=  0  logdet=6.990828e+01
[FW-D] iter=  1  logdet=6.038829e+01
[FW-D] iter=  2  logdet=6.596380e+01
[FW-D] iter=  3  logdet=6.483991e+01
[FW-D] iter=  4  logdet=6.527431e+01
[FW-D] iter=  5  logdet=6.451224e+01
[FW-D] iter=  6  logdet=6.404027e+01
[FW-D] iter=  7  logdet=6.357512e+01
[FW-D] iter=  8  logdet=6.316645e+01
[FW-D] iter=  9  logdet=6.275517e+01
[FW-D] iter= 10  logdet=6.389867e+01
[FW-D] iter= 11  logdet=6.357898e+01
[FW-D] iter= 12  logdet=6.402267e+01
[FW-D] iter= 13  logdet=6.430881e+01
[FW-D] iter= 14  logdet=6.453108e+01
[FW-D] iter= 15  logdet=6.463436e+01
[FW-D] iter= 16  logdet=6.465569e+01
[FW-D] iter= 17  logdet=6.463870e+01
[FW-D] iter= 18  logdet=6.611750e+01
[FW-D] iter= 19  logdet=6.598031e+01
[FW-D] iter= 20  logdet=6.608097e+01
[FW-D] iter= 21  logdet=6.790101e+01
[FW-D] iter= 22  logdet=6.799826e+01
[FW-D] iter= 23  logdet=6.805624e+01
[FW-D] iter= 24  logdet=6.806515e+01
[FW-D] iter= 25  logdet=6.801462e+01
[FW-D] iter= 26  logdet=6.806541e+01
[FW-D] iter= 27  logdet=6.802489e+01
[FW-D] iter= 28  logdet=6.801931e+01
[FW-D] iter= 29  logdet=6.811119e+01
[FW-D] iter= 30  logdet=6.846015e+01
[FW-D] iter= 31  logdet=6.888913e+01
[FW-D] iter= 32  logdet=6.898959e+01
[FW-D] iter= 33  logdet=6.892645e+01
[FW-D] iter= 34  logdet=6.886731e+01
[FW-D] iter= 35  logdet=6.883754e+01
[FW-D] iter= 36  logdet=6.879957e+01
[FW-D] iter= 37  logdet=6.875124e+01
[FW-D] iter= 38  logdet=6.868431e+01
[FW-D] iter= 39  logdet=6.868753e+01
[FW-D] iter= 40  logdet=6.907411e+01
[FW-D] iter= 41  logdet=6.932527e+01
[FW-D] iter= 42  logdet=6.926941e+01
[FW-D] iter= 43  logdet=6.924424e+01
[FW-D] iter= 44  logdet=6.952075e+01
[FW-D] iter= 45  logdet=6.969021e+01
[FW-D] iter= 46  logdet=6.967618e+01
[FW-D] iter= 47  logdet=6.974246e+01
[FW-D] iter= 48  logdet=6.988041e+01
[FW-D] iter= 49  logdet=6.998605e+01
[FW-D] iter= 50  logdet=6.998429e+01
[FW-D] iter= 51  logdet=7.002229e+01
[FW-D] iter= 52  logdet=7.012693e+01
[FW-D] iter= 53  logdet=7.011159e+01
[FW-D] iter= 54  logdet=7.020287e+01
[FW-D] iter= 55  logdet=7.020548e+01
[FW-D] iter= 56  logdet=7.018150e+01
[FW-D] iter= 57  logdet=7.020614e+01
[FW-D] iter= 58  logdet=7.026981e+01
[FW-D] iter= 59  logdet=7.030792e+01
[FW-D] iter= 60  logdet=7.026104e+01
[FW-D] iter= 61  logdet=7.023711e+01
[FW-D] iter= 62  logdet=7.020980e+01
[FW-D] iter= 63  logdet=7.018360e+01
[FW-D] iter= 64  logdet=7.013900e+01
[FW-D] iter= 65  logdet=7.015596e+01
[FW-D] iter= 66  logdet=7.025690e+01
[FW-D] iter= 67  logdet=7.026787e+01
[FW-D] iter= 68  logdet=7.025174e+01
[FW-D] iter= 69  logdet=7.024669e+01
[FW-D] iter= 70  logdet=7.020753e+01
[FW-D] iter= 71  logdet=7.023350e+01
[FW-D] iter= 72  logdet=7.021640e+01
[FW-D] iter= 73  logdet=7.028192e+01
[FW-D] iter= 74  logdet=7.033831e+01
[FW-D] iter= 75  logdet=7.037501e+01
[FW-D] iter= 76  logdet=7.035571e+01
[FW-D] iter= 77  logdet=7.035830e+01
[FW-D] iter= 78  logdet=7.033343e+01
[FW-D] iter= 79  logdet=7.037101e+01
[FW-D] iter= 80  logdet=7.039828e+01
[FW-D] iter= 81  logdet=7.036690e+01
[FW-D] iter= 82  logdet=7.040680e+01
[FW-D] iter= 83  logdet=7.042438e+01
[FW-D] iter= 84  logdet=7.040206e+01
[FW-D] iter= 85  logdet=7.039350e+01
[FW-D] iter= 86  logdet=7.043562e+01
[FW-D] iter= 87  logdet=7.041006e+01
[FW-D] iter= 88  logdet=7.042129e+01
[FW-D] iter= 89  logdet=7.039158e+01
[FW-D] iter= 90  logdet=7.036561e+01
[FW-D] iter= 91  logdet=7.036466e+01
[FW-D] iter= 92  logdet=7.034822e+01
[FW-D] iter= 93  logdet=7.035815e+01
[FW-D] iter= 94  logdet=7.042302e+01
[FW-D] iter= 95  logdet=7.039428e+01
[FW-D] iter= 96  logdet=7.035882e+01
[FW-D] iter= 97  logdet=7.032927e+01
[FW-D] iter= 98  logdet=7.029975e+01
[FW-D] iter= 99  logdet=7.027102e+01
[FW-D] iter=100  logdet=7.027182e+01
[FW-D] iter=101  logdet=7.026187e+01
[FW-D] iter=102  logdet=7.024356e+01
[FW-D] iter=103  logdet=7.029547e+01
[FW-D] iter=104  logdet=7.025072e+01
[FW-D] iter=105  logdet=7.025793e+01
[FW-D] iter=106  logdet=7.022341e+01
[FW-D] iter=107  logdet=7.018253e+01
[FW-D] iter=108  logdet=7.017220e+01
[FW-D] iter=109  logdet=7.013840e+01
[FW-D] iter=110  logdet=7.017438e+01
[FW-D] iter=111  logdet=7.018829e+01
[FW-D] iter=112  logdet=7.015438e+01
[FW-D] iter=113  logdet=7.015258e+01
[FW-D] iter=114  logdet=7.013992e+01
[FW-D] iter=115  logdet=7.012259e+01
[FW-D] iter=116  logdet=7.009858e+01
[FW-D] iter=117  logdet=7.007912e+01
[FW-D] iter=118  logdet=7.003734e+01
[FW-D] iter=119  logdet=7.001941e+01
[FW-D] iter=120  logdet=7.001951e+01
[FW-D] iter=121  logdet=6.999365e+01
[FW-D] iter=122  logdet=6.996966e+01
[FW-D] iter=123  logdet=6.996592e+01
[FW-D] iter=124  logdet=6.993829e+01
[FW-D] iter=125  logdet=6.989030e+01
[FW-D] iter=126  logdet=6.991821e+01
[FW-D] iter=127  logdet=6.988613e+01
[FW-D] iter=128  logdet=6.991734e+01
[FW-D] iter=129  logdet=6.993476e+01
[FW-D] iter=130  logdet=6.994804e+01
[FW-D] iter=131  logdet=6.995065e+01
[FW-D] iter=132  logdet=6.993199e+01
[FW-D] iter=133  logdet=6.989499e+01
[FW-D] iter=134  logdet=6.986229e+01
[FW-D] iter=135  logdet=6.985592e+01
[FW-D] iter=136  logdet=6.982300e+01
[FW-D] iter=137  logdet=6.977146e+01
[FW-D] iter=138  logdet=6.971540e+01
[FW-D] iter=139  logdet=6.965236e+01
[FW-D] iter=140  logdet=6.962161e+01
[FW-D] iter=141  logdet=6.959766e+01
[FW-D] iter=142  logdet=6.956959e+01
[FW-D] iter=143  logdet=6.951953e+01
[FW-D] iter=144  logdet=6.945700e+01
[FW-D] iter=145  logdet=6.960395e+01
[FW-D] iter=146  logdet=6.972855e+01
[FW-D] iter=147  logdet=6.983605e+01
[FW-D] iter=148  logdet=6.993002e+01
[FW-D] iter=149  logdet=7.001704e+01
[FW-D] iter=150  logdet=7.009916e+01
[FW-D] iter=151  logdet=7.017682e+01
[FW-D] iter=152  logdet=7.025042e+01
[FW-D] iter=153  logdet=7.032030e+01
[FW-D] iter=154  logdet=7.038675e+01
[FW-D] iter=155  logdet=7.045003e+01
[FW-D] iter=156  logdet=7.051073e+01
[FW-D] iter=157  logdet=7.056892e+01
[FW-D] iter=158  logdet=7.062474e+01
[FW-D] iter=159  logdet=7.067829e+01
[FW-D] iter=160  logdet=7.072986e+01
[FW-D] iter=161  logdet=7.077943e+01
[FW-D] iter=162  logdet=7.082710e+01
[FW-D] iter=163  logdet=7.087289e+01
[FW-D] iter=164  logdet=7.091714e+01
[FW-D] iter=165  logdet=7.095977e+01
[FW-D] iter=166  logdet=7.100120e+01
[FW-D] iter=167  logdet=7.104147e+01
[FW-D] iter=168  logdet=7.108062e+01
[FW-D] iter=169  logdet=7.111870e+01
[FW-D] iter=170  logdet=7.115575e+01
[FW-D] iter=171  logdet=7.119181e+01
[FW-D] iter=172  logdet=7.122693e+01
[FW-D] iter=173  logdet=7.126113e+01
[FW-D] iter=174  logdet=7.129444e+01
[FW-D] iter=175  logdet=7.132691e+01
[FW-D] iter=176  logdet=7.135856e+01
[FW-D] iter=177  logdet=7.138950e+01
[FW-D] iter=178  logdet=7.141974e+01
[FW-D] iter=179  logdet=7.144926e+01
[FW-D] iter=180  logdet=7.147821e+01
[FW-D] iter=181  logdet=7.150653e+01
[FW-D] iter=182  logdet=7.153422e+01
[FW-D] iter=183  logdet=7.156113e+01
[FW-D] iter=184  logdet=7.158784e+01
[FW-D] iter=185  logdet=7.161396e+01
[FW-D] iter=186  logdet=7.163953e+01
[FW-D] iter=187  logdet=7.166456e+01
[FW-D] iter=188  logdet=7.168912e+01
[FW-D] iter=189  logdet=7.171308e+01
[FW-D] iter=190  logdet=7.173672e+01
[FW-D] iter=191  logdet=7.175981e+01
[FW-D] iter=192  logdet=7.178262e+01
[FW-D] iter=193  logdet=7.180498e+01
[FW-D] iter=194  logdet=7.182689e+01
[FW-D] iter=195  logdet=7.184829e+01
[FW-D] iter=196  logdet=7.186945e+01
[FW-D] iter=197  logdet=7.189020e+01
[FW-D] iter=198  logdet=7.191054e+01
[FW-D] iter=199  logdet=7.193054e+01
[FW-D] iter=200  logdet=7.195007e+01
[FW-D] iter=201  logdet=7.196942e+01
[FW-D] iter=202  logdet=7.198839e+01
[FW-D] iter=203  logdet=7.200698e+01
[FW-D] iter=204  logdet=7.202528e+01
[FW-D] iter=205  logdet=7.204320e+01
[FW-D] iter=206  logdet=7.206092e+01
[FW-D] iter=207  logdet=7.207832e+01
[FW-D] iter=208  logdet=7.209539e+01
[FW-D] iter=209  logdet=7.211217e+01
[FW-D] iter=210  logdet=7.212867e+01
[FW-D] iter=211  logdet=7.214495e+01
[FW-D] iter=212  logdet=7.216094e+01
[FW-D] iter=213  logdet=7.217666e+01
[FW-D] iter=214  logdet=7.219203e+01
[FW-D] iter=215  logdet=7.220732e+01
[FW-D] iter=216  logdet=7.222232e+01
[FW-D] iter=217  logdet=7.223705e+01
[FW-D] iter=218  logdet=7.225157e+01
[FW-D] iter=219  logdet=7.226578e+01
[FW-D] iter=220  logdet=7.227990e+01
[FW-D] iter=221  logdet=7.229377e+01
[FW-D] iter=222  logdet=7.230741e+01
[FW-D] iter=223  logdet=7.232069e+01
[FW-D] iter=224  logdet=7.233398e+01
[FW-D] iter=225  logdet=7.234704e+01
[FW-D] iter=226  logdet=7.235988e+01
[FW-D] iter=227  logdet=7.237251e+01
[FW-D] iter=228  logdet=7.238496e+01
[FW-D] iter=229  logdet=7.239714e+01
[FW-D] iter=230  logdet=7.240924e+01
[FW-D] iter=231  logdet=7.242110e+01
[FW-D] iter=232  logdet=7.243288e+01
[FW-D] iter=233  logdet=7.244447e+01
[FW-D] iter=234  logdet=7.245588e+01
[FW-D] iter=235  logdet=7.246706e+01
[FW-D] iter=236  logdet=7.247817e+01
[FW-D] iter=237  logdet=7.248911e+01
[FW-D] iter=238  logdet=7.249987e+01
[FW-D] iter=239  logdet=7.251049e+01
[FW-D] iter=240  logdet=7.252091e+01
[FW-D] iter=241  logdet=7.253127e+01
[FW-D] iter=242  logdet=7.254147e+01
[FW-D] iter=243  logdet=7.255151e+01
[FW-D] iter=244  logdet=7.256132e+01
[FW-D] iter=245  logdet=7.257114e+01
[FW-D] iter=246  logdet=7.258080e+01
[FW-D] iter=247  logdet=7.259032e+01
[FW-D] iter=248  logdet=7.259970e+01
[FW-D] iter=249  logdet=7.260896e+01
[FW-D] iter=250  logdet=7.261804e+01
[FW-D] iter=251  logdet=7.262707e+01
[FW-D] iter=252  logdet=7.263593e+01
[FW-D] iter=253  logdet=7.264475e+01
[FW-D] iter=254  logdet=7.265344e+01
[FW-D] iter=255  logdet=7.266199e+01
[FW-D] iter=256  logdet=7.267046e+01
[FW-D] iter=257  logdet=7.267880e+01
[FW-D] iter=258  logdet=7.268698e+01
[FW-D] iter=259  logdet=7.269514e+01
[FW-D] iter=260  logdet=7.270318e+01
[FW-D] iter=261  logdet=7.271105e+01
[FW-D] iter=262  logdet=7.271890e+01
[FW-D] iter=263  logdet=7.272663e+01
[FW-D] iter=264  logdet=7.273427e+01
[FW-D] iter=265  logdet=7.274181e+01
[FW-D] iter=266  logdet=7.274927e+01
[FW-D] iter=267  logdet=7.275657e+01
[FW-D] iter=268  logdet=7.276387e+01
[FW-D] iter=269  logdet=7.277107e+01
[FW-D] iter=270  logdet=7.277815e+01
[FW-D] iter=271  logdet=7.278516e+01
[FW-D] iter=272  logdet=7.279205e+01
[FW-D] iter=273  logdet=7.279891e+01
[FW-D] iter=274  logdet=7.280569e+01
[FW-D] iter=275  logdet=7.281237e+01
[FW-D] iter=276  logdet=7.281897e+01
[FW-D] iter=277  logdet=7.282546e+01
[FW-D] iter=278  logdet=7.283194e+01
[FW-D] iter=279  logdet=7.283832e+01
[FW-D] iter=280  logdet=7.284461e+01
[FW-D] iter=281  logdet=7.285084e+01
[FW-D] iter=282  logdet=7.285698e+01
[FW-D] iter=283  logdet=7.286309e+01
[FW-D] iter=284  logdet=7.286911e+01
[FW-D] iter=285  logdet=7.287506e+01
[FW-D] iter=286  logdet=7.288094e+01
[FW-D] iter=287  logdet=7.288673e+01
[FW-D] iter=288  logdet=7.289248e+01
[FW-D] iter=289  logdet=7.289815e+01
[FW-D] iter=290  logdet=7.290380e+01
[FW-D] iter=291  logdet=7.290938e+01
[FW-D] iter=292  logdet=7.291488e+01
[FW-D] iter=293  logdet=7.292033e+01
[FW-D] iter=294  logdet=7.292571e+01
[FW-D] iter=295  logdet=7.293101e+01
[FW-D] iter=296  logdet=7.293629e+01
[FW-D] iter=297  logdet=7.294150e+01
[FW-D] iter=298  logdet=7.294666e+01
[FW-D] iter=299  logdet=7.295176e+01
  [fw-d] min_eig=1.4190e-01  heldout=2.2876  (3.6s)

============================================================
K = 10  (held-out = 710 frames)
  [random] 25 trials...
  [coverage] min_eig=6.5508e-02  heldout=3.6224  (0.0s)
  [a-optimal] min_eig=4.3702e-01  heldout=1.6196  (2.4s)
  [d-optimal] min_eig=3.7427e-01  heldout=1.3274  (1.8s)
  [greedy-e] min_eig=4.1766e-01  heldout=1.9266  (1.8s)
[FW] Building 720 candidate information matrices...
Building FIM:   0%|          | 0/720 [00:00<?, ?candidate/s]Building FIM:  62%|██████▏   | 448/720 [00:00<00:00, 4359.77candidate/s]Building FIM: 100%|██████████| 720/720 [00:00<00:00, 4575.69candidate/s]
[FW] Done. Starting Frank-Wolfe optimization (select_k=10)...
[FW] Pre-extracting dense blocks (intr_dim=9, num_poses=720)...
[FW] Block extraction done. Starting iterations...
[FW] iter=  0  min_eig=2.036964e-01
[FW] iter=  1  min_eig=2.351631e-03
[FW] iter=  2  min_eig=1.444807e-01
[FW] iter=  3  min_eig=1.342233e-01
[FW] iter=  4  min_eig=1.193694e-01
[FW] iter=  5  min_eig=1.200499e-01
[FW] iter=  6  min_eig=1.202284e-01
[FW] iter=  7  min_eig=1.107817e-01
[FW] iter=  8  min_eig=9.691974e-02
[FW] iter=  9  min_eig=8.547359e-02
[FW] iter= 10  min_eig=7.651238e-02
[FW] iter= 11  min_eig=9.668456e-02
[FW] iter= 12  min_eig=8.433009e-02
[FW] iter= 13  min_eig=8.134074e-02
[FW] iter= 14  min_eig=7.754209e-02
[FW] iter= 15  min_eig=7.394931e-02
[FW] iter= 16  min_eig=8.746378e-02
[FW] iter= 17  min_eig=9.578346e-02
[FW] iter= 18  min_eig=9.616084e-02
[FW] iter= 19  min_eig=9.299482e-02
[FW] iter= 20  min_eig=9.082643e-02
[FW] iter= 21  min_eig=9.627630e-02
[FW] iter= 22  min_eig=1.249596e-01
[FW] iter= 23  min_eig=1.539614e-01
[FW] iter= 24  min_eig=1.609864e-01
[FW] iter= 25  min_eig=1.847780e-01
[FW] iter= 26  min_eig=1.995605e-01
[FW] iter= 27  min_eig=1.981768e-01
[FW] iter= 28  min_eig=2.020594e-01
[FW] iter= 29  min_eig=2.070930e-01
[FW] iter= 30  min_eig=2.092782e-01
[FW] iter= 31  min_eig=2.081728e-01
[FW] iter= 32  min_eig=2.002420e-01
[FW] iter= 33  min_eig=1.942181e-01
[FW] iter= 34  min_eig=1.937720e-01
[FW] iter= 35  min_eig=1.972008e-01
[FW] iter= 36  min_eig=1.960890e-01
[FW] iter= 37  min_eig=1.997705e-01
[FW] iter= 38  min_eig=2.072236e-01
[FW] iter= 39  min_eig=2.037572e-01
[FW] iter= 40  min_eig=2.119168e-01
[FW] iter= 41  min_eig=2.144147e-01
[FW] iter= 42  min_eig=2.154731e-01
[FW] iter= 43  min_eig=2.156048e-01
[FW] iter= 44  min_eig=2.167564e-01
[FW] iter= 45  min_eig=2.147947e-01
[FW] iter= 46  min_eig=2.122666e-01
[FW] iter= 47  min_eig=2.111054e-01
[FW] iter= 48  min_eig=2.068757e-01
[FW] iter= 49  min_eig=2.026931e-01
[FW] iter= 50  min_eig=2.026817e-01
[FW] iter= 51  min_eig=2.030497e-01
[FW] iter= 52  min_eig=2.098018e-01
[FW] iter= 53  min_eig=2.097996e-01
[FW] iter= 54  min_eig=2.110714e-01
[FW] iter= 55  min_eig=2.145271e-01
[FW] iter= 56  min_eig=2.166498e-01
[FW] iter= 57  min_eig=2.200497e-01
[FW] iter= 58  min_eig=2.192062e-01
[FW] iter= 59  min_eig=2.172512e-01
[FW] iter= 60  min_eig=2.150932e-01
[FW] iter= 61  min_eig=2.095092e-01
[FW] iter= 62  min_eig=2.033425e-01
[FW] iter= 63  min_eig=2.017546e-01
[FW] iter= 64  min_eig=2.042114e-01
[FW] iter= 65  min_eig=2.064891e-01
[FW] iter= 66  min_eig=2.074502e-01
[FW] iter= 67  min_eig=2.074574e-01
[FW] iter= 68  min_eig=2.030740e-01
[FW] iter= 69  min_eig=1.977878e-01
[FW] iter= 70  min_eig=1.947376e-01
[FW] iter= 71  min_eig=1.944591e-01
[FW] iter= 72  min_eig=1.925401e-01
[FW] iter= 73  min_eig=2.066051e-01
[FW] iter= 74  min_eig=2.147498e-01
[FW] iter= 75  min_eig=2.214918e-01
[FW] iter= 76  min_eig=2.278564e-01
[FW] iter= 77  min_eig=2.340057e-01
[FW] iter= 78  min_eig=2.398246e-01
[FW] iter= 79  min_eig=2.453639e-01
[FW] iter= 80  min_eig=2.507309e-01
[FW] iter= 81  min_eig=2.558565e-01
[FW] iter= 82  min_eig=2.608241e-01
[FW] iter= 83  min_eig=2.655767e-01
[FW] iter= 84  min_eig=2.701844e-01
[FW] iter= 85  min_eig=2.745999e-01
[FW] iter= 86  min_eig=2.788822e-01
[FW] iter= 87  min_eig=2.828834e-01
[FW] iter= 88  min_eig=2.869280e-01
[FW] iter= 89  min_eig=2.907477e-01
[FW] iter= 90  min_eig=2.944545e-01
[FW] iter= 91  min_eig=2.979641e-01
[FW] iter= 92  min_eig=3.014753e-01
[FW] iter= 93  min_eig=3.048127e-01
[FW] iter= 94  min_eig=3.080866e-01
[FW] iter= 95  min_eig=3.112131e-01
[FW] iter= 96  min_eig=3.142809e-01
[FW] iter= 97  min_eig=3.172141e-01
[FW] iter= 98  min_eig=3.200930e-01
[FW] iter= 99  min_eig=3.228485e-01
[FW] iter=100  min_eig=3.255405e-01
[FW] iter=101  min_eig=3.281604e-01
[FW] iter=102  min_eig=3.306668e-01
[FW] iter=103  min_eig=3.331504e-01
[FW] iter=104  min_eig=3.355124e-01
[FW] iter=105  min_eig=3.378537e-01
[FW] iter=106  min_eig=3.400822e-01
[FW] iter=107  min_eig=3.422916e-01
[FW] iter=108  min_eig=3.443968e-01
[FW] iter=109  min_eig=3.464700e-01
[FW] iter=110  min_eig=3.484916e-01
[FW] iter=111  min_eig=3.504208e-01
[FW] iter=112  min_eig=3.523532e-01
[FW] iter=113  min_eig=3.541800e-01
[FW] iter=114  min_eig=3.560103e-01
[FW] iter=115  min_eig=3.577692e-01
[FW] iter=116  min_eig=3.594774e-01
[FW] iter=117  min_eig=3.611495e-01
[FW] iter=118  min_eig=3.627676e-01
[FW] iter=119  min_eig=3.643586e-01
[FW] iter=120  min_eig=3.658734e-01
[FW] iter=121  min_eig=3.674082e-01
[FW] iter=122  min_eig=3.688740e-01
[FW] iter=123  min_eig=3.703080e-01
[FW] iter=124  min_eig=3.717062e-01
[FW] iter=125  min_eig=3.730684e-01
[FW] iter=126  min_eig=3.744030e-01
[FW] iter=127  min_eig=3.756787e-01
[FW] iter=128  min_eig=3.769726e-01
[FW] iter=129  min_eig=3.781891e-01
[FW] iter=130  min_eig=3.794231e-01
[FW] iter=131  min_eig=3.805839e-01
[FW] iter=132  min_eig=3.817621e-01
[FW] iter=133  min_eig=3.828622e-01
[FW] iter=134  min_eig=3.839789e-01
[FW] iter=135  min_eig=3.850596e-01
[FW] iter=136  min_eig=3.861081e-01
[FW] iter=137  min_eig=3.871495e-01
[FW] iter=138  min_eig=3.881528e-01
[FW] iter=139  min_eig=3.891492e-01
[FW] iter=140  min_eig=3.901092e-01
[FW] iter=141  min_eig=3.910549e-01
[FW] iter=142  min_eig=3.919879e-01
[FW] iter=143  min_eig=3.928844e-01
[FW] iter=144  min_eig=3.937850e-01
[FW] iter=145  min_eig=3.946445e-01
[FW] iter=146  min_eig=3.955081e-01
[FW] iter=147  min_eig=3.963324e-01
[FW] iter=148  min_eig=3.971609e-01
[FW] iter=149  min_eig=3.979522e-01
[FW] iter=150  min_eig=3.987474e-01
[FW] iter=151  min_eig=3.995071e-01
[FW] iter=152  min_eig=4.002662e-01
[FW] iter=153  min_eig=4.010103e-01
[FW] iter=154  min_eig=4.017225e-01
[FW] iter=155  min_eig=4.024477e-01
[FW] iter=156  min_eig=4.031326e-01
[FW] iter=157  min_eig=4.038301e-01
[FW] iter=158  min_eig=4.044889e-01
[FW] iter=159  min_eig=4.051602e-01
[FW] iter=160  min_eig=4.058099e-01
[FW] iter=161  min_eig=4.064293e-01
[FW] iter=162  min_eig=4.070674e-01
[FW] iter=163  min_eig=4.076641e-01
[FW] iter=164  min_eig=4.082788e-01
[FW] iter=165  min_eig=4.088680e-01
[FW] iter=166  min_eig=4.094467e-01
[FW] iter=167  min_eig=4.100157e-01
[FW] iter=168  min_eig=4.105721e-01
[FW] iter=169  min_eig=4.111226e-01
[FW] iter=170  min_eig=4.116469e-01
[FW] iter=171  min_eig=4.121903e-01
[FW] iter=172  min_eig=4.126964e-01
[FW] iter=173  min_eig=4.132209e-01
[FW] iter=174  min_eig=4.137223e-01
[FW] iter=175  min_eig=4.142057e-01
[FW] iter=176  min_eig=4.147015e-01
[FW] iter=177  min_eig=4.151685e-01
[FW] iter=178  min_eig=4.156475e-01
[FW] iter=179  min_eig=4.160989e-01
[FW] iter=180  min_eig=4.165617e-01
[FW] iter=181  min_eig=4.169981e-01
[FW] iter=182  min_eig=4.174457e-01
[FW] iter=183  min_eig=4.178676e-01
[FW] iter=184  min_eig=4.183007e-01
[FW] iter=185  min_eig=4.187055e-01
[FW] iter=186  min_eig=4.191204e-01
[FW] iter=187  min_eig=4.195225e-01
[FW] iter=188  min_eig=4.199237e-01
[FW] iter=189  min_eig=4.203129e-01
[FW] iter=190  min_eig=4.207015e-01
[FW] iter=191  min_eig=4.210783e-01
[FW] iter=192  min_eig=4.214549e-01
[FW] iter=193  min_eig=4.218198e-01
[FW] iter=194  min_eig=4.221844e-01
[FW] iter=195  min_eig=4.225383e-01
[FW] iter=196  min_eig=4.228917e-01
[FW] iter=197  min_eig=4.232346e-01
[FW] iter=198  min_eig=4.235773e-01
[FW] iter=199  min_eig=4.239098e-01
[FW] iter=200  min_eig=4.242423e-01
[FW] iter=201  min_eig=4.245648e-01
[FW] iter=202  min_eig=4.248872e-01
[FW] iter=203  min_eig=4.251963e-01
[FW] iter=204  min_eig=4.255058e-01
[FW] iter=205  min_eig=4.258151e-01
[FW] iter=206  min_eig=4.261155e-01
[FW] iter=207  min_eig=4.264158e-01
[FW] iter=208  min_eig=4.267076e-01
[FW] iter=209  min_eig=4.269992e-01
[FW] iter=210  min_eig=4.272824e-01
[FW] iter=211  min_eig=4.275657e-01
[FW] iter=212  min_eig=4.278408e-01
[FW] iter=213  min_eig=4.281160e-01
[FW] iter=214  min_eig=4.283834e-01
[FW] iter=215  min_eig=4.286510e-01
[FW] iter=216  min_eig=4.289108e-01
[FW] iter=217  min_eig=4.291707e-01
[FW] iter=218  min_eig=4.294233e-01
[FW] iter=219  min_eig=4.296763e-01
[FW] iter=220  min_eig=4.299220e-01
[FW] iter=221  min_eig=4.301680e-01
[FW] iter=222  min_eig=4.304069e-01
[FW] iter=223  min_eig=4.306441e-01
[FW] iter=224  min_eig=4.308807e-01
[FW] iter=225  min_eig=4.311085e-01
[FW] iter=226  min_eig=4.313407e-01
[FW] iter=227  min_eig=4.315625e-01
[FW] iter=228  min_eig=4.317886e-01
[FW] iter=229  min_eig=4.320044e-01
[FW] iter=230  min_eig=4.322245e-01
[FW] iter=231  min_eig=4.324347e-01
[FW] iter=232  min_eig=4.326459e-01
[FW] iter=233  min_eig=4.328568e-01
[FW] iter=234  min_eig=4.330573e-01
[FW] iter=235  min_eig=4.332656e-01
[FW] iter=236  min_eig=4.334611e-01
[FW] iter=237  min_eig=4.336642e-01
[FW] iter=238  min_eig=4.338548e-01
[FW] iter=239  min_eig=4.340527e-01
[FW] iter=240  min_eig=4.342384e-01
[FW] iter=241  min_eig=4.344315e-01
[FW] iter=242  min_eig=4.346186e-01
[FW] iter=243  min_eig=4.347962e-01
[FW] iter=244  min_eig=4.349838e-01
[FW] iter=245  min_eig=4.351569e-01
[FW] iter=246  min_eig=4.353400e-01
[FW] iter=247  min_eig=4.355089e-01
[FW] iter=248  min_eig=4.356874e-01
[FW] iter=249  min_eig=4.358587e-01
[FW] iter=250  min_eig=4.360265e-01
[FW] iter=251  min_eig=4.361941e-01
[FW] iter=252  min_eig=4.363572e-01
[FW] iter=253  min_eig=4.365216e-01
[FW] iter=254  min_eig=4.366817e-01
[FW] iter=255  min_eig=4.368410e-01
[FW] iter=256  min_eig=4.369980e-01
[FW] iter=257  min_eig=4.371532e-01
[FW] iter=258  min_eig=4.373069e-01
[FW] iter=259  min_eig=4.374533e-01
[FW] iter=260  min_eig=4.376086e-01
[FW] iter=261  min_eig=4.377516e-01
[FW] iter=262  min_eig=4.379032e-01
[FW] iter=263  min_eig=4.380430e-01
[FW] iter=264  min_eig=4.381911e-01
[FW] iter=265  min_eig=4.383251e-01
[FW] iter=266  min_eig=4.384679e-01
[FW] iter=267  min_eig=4.386045e-01
[FW] iter=268  min_eig=4.387440e-01
[FW] iter=269  min_eig=4.388775e-01
[FW] iter=270  min_eig=4.390139e-01
[FW] iter=271  min_eig=4.391444e-01
[FW] iter=272  min_eig=4.392776e-01
[FW] iter=273  min_eig=4.394052e-01
[FW] iter=274  min_eig=4.395356e-01
[FW] iter=275  min_eig=4.396603e-01
[FW] iter=276  min_eig=4.397876e-01
[FW] iter=277  min_eig=4.399097e-01
[FW] iter=278  min_eig=4.400343e-01
[FW] iter=279  min_eig=4.401537e-01
[FW] iter=280  min_eig=4.402755e-01
[FW] iter=281  min_eig=4.403923e-01
[FW] iter=282  min_eig=4.405115e-01
[FW] iter=283  min_eig=4.406258e-01
[FW] iter=284  min_eig=4.407424e-01
[FW] iter=285  min_eig=4.408526e-01
[FW] iter=286  min_eig=4.409650e-01
[FW] iter=287  min_eig=4.410773e-01
[FW] iter=288  min_eig=4.411873e-01
[FW] iter=289  min_eig=4.412972e-01
[FW] iter=290  min_eig=4.414049e-01
[FW] iter=291  min_eig=4.415124e-01
[FW] iter=292  min_eig=4.416179e-01
[FW] iter=293  min_eig=4.417231e-01
[FW] iter=294  min_eig=4.418264e-01
[FW] iter=295  min_eig=4.419295e-01
[FW] iter=296  min_eig=4.420306e-01
[FW] iter=297  min_eig=4.421316e-01
[FW] iter=298  min_eig=4.422306e-01
[FW] iter=299  min_eig=4.423296e-01
  [fw-e] min_eig=4.3530e-01  heldout=0.9850  (2.2s)
[FW-A] Building 720 candidate information matrices...
Building FIM:   0%|          | 0/720 [00:00<?, ?candidate/s]Building FIM:  62%|██████▏   | 448/720 [00:00<00:00, 4313.87candidate/s]Building FIM: 100%|██████████| 720/720 [00:00<00:00, 4249.78candidate/s]
[FW-A] Done. Starting Frank-Wolfe A-optimal (select_k=10)...
[FW-A] Pre-extracting dense blocks (intr_dim=9, num_poses=720)...
[FW-A] Block extraction done. Starting iterations...
[FW-A] iter=  0  -trace(H^{-1})=-6.600712e+00
[FW-A] iter=  1  -trace(H^{-1})=-4.265036e+02
[FW-A] iter=  2  -trace(H^{-1})=-8.924485e+00
[FW-A] iter=  3  -trace(H^{-1})=-1.007921e+01
[FW-A] iter=  4  -trace(H^{-1})=-1.162099e+01
[FW-A] iter=  5  -trace(H^{-1})=-1.111340e+01
[FW-A] iter=  6  -trace(H^{-1})=-1.162850e+01
[FW-A] iter=  7  -trace(H^{-1})=-1.238612e+01
[FW-A] iter=  8  -trace(H^{-1})=-1.361895e+01
[FW-A] iter=  9  -trace(H^{-1})=-1.521706e+01
[FW-A] iter= 10  -trace(H^{-1})=-1.627937e+01
[FW-A] iter= 11  -trace(H^{-1})=-1.310843e+01
[FW-A] iter= 12  -trace(H^{-1})=-1.420458e+01
[FW-A] iter= 13  -trace(H^{-1})=-1.462306e+01
[FW-A] iter= 14  -trace(H^{-1})=-1.531368e+01
[FW-A] iter= 15  -trace(H^{-1})=-1.591042e+01
[FW-A] iter= 16  -trace(H^{-1})=-1.365842e+01
[FW-A] iter= 17  -trace(H^{-1})=-1.226341e+01
[FW-A] iter= 18  -trace(H^{-1})=-1.244275e+01
[FW-A] iter= 19  -trace(H^{-1})=-1.277362e+01
[FW-A] iter= 20  -trace(H^{-1})=-1.304327e+01
[FW-A] iter= 21  -trace(H^{-1})=-1.234373e+01
[FW-A] iter= 22  -trace(H^{-1})=-9.886450e+00
[FW-A] iter= 23  -trace(H^{-1})=-8.314086e+00
[FW-A] iter= 24  -trace(H^{-1})=-8.032777e+00
[FW-A] iter= 25  -trace(H^{-1})=-7.173394e+00
[FW-A] iter= 26  -trace(H^{-1})=-6.709404e+00
[FW-A] iter= 27  -trace(H^{-1})=-6.856119e+00
[FW-A] iter= 28  -trace(H^{-1})=-6.593142e+00
[FW-A] iter= 29  -trace(H^{-1})=-6.390394e+00
[FW-A] iter= 30  -trace(H^{-1})=-6.517758e+00
[FW-A] iter= 31  -trace(H^{-1})=-6.428675e+00
[FW-A] iter= 32  -trace(H^{-1})=-6.620524e+00
[FW-A] iter= 33  -trace(H^{-1})=-6.764208e+00
[FW-A] iter= 34  -trace(H^{-1})=-6.762690e+00
[FW-A] iter= 35  -trace(H^{-1})=-6.684535e+00
[FW-A] iter= 36  -trace(H^{-1})=-6.735333e+00
[FW-A] iter= 37  -trace(H^{-1})=-6.625506e+00
[FW-A] iter= 38  -trace(H^{-1})=-6.412540e+00
[FW-A] iter= 39  -trace(H^{-1})=-6.500881e+00
[FW-A] iter= 40  -trace(H^{-1})=-6.347012e+00
[FW-A] iter= 41  -trace(H^{-1})=-6.244804e+00
[FW-A] iter= 42  -trace(H^{-1})=-6.204797e+00
[FW-A] iter= 43  -trace(H^{-1})=-6.209501e+00
[FW-A] iter= 44  -trace(H^{-1})=-6.217110e+00
[FW-A] iter= 45  -trace(H^{-1})=-6.263471e+00
[FW-A] iter= 46  -trace(H^{-1})=-6.296398e+00
[FW-A] iter= 47  -trace(H^{-1})=-6.327484e+00
[FW-A] iter= 48  -trace(H^{-1})=-6.429418e+00
[FW-A] iter= 49  -trace(H^{-1})=-6.554059e+00
[FW-A] iter= 50  -trace(H^{-1})=-6.554984e+00
[FW-A] iter= 51  -trace(H^{-1})=-6.548190e+00
[FW-A] iter= 52  -trace(H^{-1})=-6.371108e+00
[FW-A] iter= 53  -trace(H^{-1})=-6.397010e+00
[FW-A] iter= 54  -trace(H^{-1})=-6.372330e+00
[FW-A] iter= 55  -trace(H^{-1})=-6.294593e+00
[FW-A] iter= 56  -trace(H^{-1})=-6.240770e+00
[FW-A] iter= 57  -trace(H^{-1})=-6.221879e+00
[FW-A] iter= 58  -trace(H^{-1})=-6.198441e+00
[FW-A] iter= 59  -trace(H^{-1})=-6.255248e+00
[FW-A] iter= 60  -trace(H^{-1})=-6.353206e+00
[FW-A] iter= 61  -trace(H^{-1})=-6.435516e+00
[FW-A] iter= 62  -trace(H^{-1})=-6.575648e+00
[FW-A] iter= 63  -trace(H^{-1})=-6.622133e+00
[FW-A] iter= 64  -trace(H^{-1})=-6.556250e+00
[FW-A] iter= 65  -trace(H^{-1})=-6.508898e+00
[FW-A] iter= 66  -trace(H^{-1})=-6.470447e+00
[FW-A] iter= 67  -trace(H^{-1})=-6.482251e+00
[FW-A] iter= 68  -trace(H^{-1})=-6.590451e+00
[FW-A] iter= 69  -trace(H^{-1})=-6.735815e+00
[FW-A] iter= 70  -trace(H^{-1})=-6.828200e+00
[FW-A] iter= 71  -trace(H^{-1})=-6.841676e+00
[FW-A] iter= 72  -trace(H^{-1})=-6.908401e+00
[FW-A] iter= 73  -trace(H^{-1})=-6.526789e+00
[FW-A] iter= 74  -trace(H^{-1})=-6.328285e+00
[FW-A] iter= 75  -trace(H^{-1})=-6.162695e+00
[FW-A] iter= 76  -trace(H^{-1})=-6.015380e+00
[FW-A] iter= 77  -trace(H^{-1})=-5.883842e+00
[FW-A] iter= 78  -trace(H^{-1})=-5.764706e+00
[FW-A] iter= 79  -trace(H^{-1})=-5.656010e+00
[FW-A] iter= 80  -trace(H^{-1})=-5.556770e+00
[FW-A] iter= 81  -trace(H^{-1})=-5.463630e+00
[FW-A] iter= 82  -trace(H^{-1})=-5.378316e+00
[FW-A] iter= 83  -trace(H^{-1})=-5.298006e+00
[FW-A] iter= 84  -trace(H^{-1})=-5.223905e+00
[FW-A] iter= 85  -trace(H^{-1})=-5.153981e+00
[FW-A] iter= 86  -trace(H^{-1})=-5.088685e+00
[FW-A] iter= 87  -trace(H^{-1})=-5.027642e+00
[FW-A] iter= 88  -trace(H^{-1})=-4.969955e+00
[FW-A] iter= 89  -trace(H^{-1})=-4.915849e+00
[FW-A] iter= 90  -trace(H^{-1})=-4.864656e+00
[FW-A] iter= 91  -trace(H^{-1})=-4.816372e+00
[FW-A] iter= 92  -trace(H^{-1})=-4.770906e+00
[FW-A] iter= 93  -trace(H^{-1})=-4.727949e+00
[FW-A] iter= 94  -trace(H^{-1})=-4.686630e+00
[FW-A] iter= 95  -trace(H^{-1})=-4.647345e+00
[FW-A] iter= 96  -trace(H^{-1})=-4.610156e+00
[FW-A] iter= 97  -trace(H^{-1})=-4.574908e+00
[FW-A] iter= 98  -trace(H^{-1})=-4.541543e+00
[FW-A] iter= 99  -trace(H^{-1})=-4.509140e+00
[FW-A] iter=100  -trace(H^{-1})=-4.478335e+00
[FW-A] iter=101  -trace(H^{-1})=-4.449157e+00
[FW-A] iter=102  -trace(H^{-1})=-4.421315e+00
[FW-A] iter=103  -trace(H^{-1})=-4.394286e+00
[FW-A] iter=104  -trace(H^{-1})=-4.368387e+00
[FW-A] iter=105  -trace(H^{-1})=-4.343667e+00
[FW-A] iter=106  -trace(H^{-1})=-4.320029e+00
[FW-A] iter=107  -trace(H^{-1})=-4.297534e+00
[FW-A] iter=108  -trace(H^{-1})=-4.275463e+00
[FW-A] iter=109  -trace(H^{-1})=-4.254359e+00
[FW-A] iter=110  -trace(H^{-1})=-4.234222e+00
[FW-A] iter=111  -trace(H^{-1})=-4.214933e+00
[FW-A] iter=112  -trace(H^{-1})=-4.196030e+00
[FW-A] iter=113  -trace(H^{-1})=-4.177826e+00
[FW-A] iter=114  -trace(H^{-1})=-4.160403e+00
[FW-A] iter=115  -trace(H^{-1})=-4.143820e+00
[FW-A] iter=116  -trace(H^{-1})=-4.127400e+00
[FW-A] iter=117  -trace(H^{-1})=-4.111545e+00
[FW-A] iter=118  -trace(H^{-1})=-4.096337e+00
[FW-A] iter=119  -trace(H^{-1})=-4.081492e+00
[FW-A] iter=120  -trace(H^{-1})=-4.067205e+00
[FW-A] iter=121  -trace(H^{-1})=-4.053439e+00
[FW-A] iter=122  -trace(H^{-1})=-4.040228e+00
[FW-A] iter=123  -trace(H^{-1})=-4.027159e+00
[FW-A] iter=124  -trace(H^{-1})=-4.014546e+00
[FW-A] iter=125  -trace(H^{-1})=-4.002361e+00
[FW-A] iter=126  -trace(H^{-1})=-3.990483e+00
[FW-A] iter=127  -trace(H^{-1})=-3.979020e+00
[FW-A] iter=128  -trace(H^{-1})=-3.967899e+00
[FW-A] iter=129  -trace(H^{-1})=-3.957236e+00
[FW-A] iter=130  -trace(H^{-1})=-3.946619e+00
[FW-A] iter=131  -trace(H^{-1})=-3.936394e+00
[FW-A] iter=132  -trace(H^{-1})=-3.926449e+00
[FW-A] iter=133  -trace(H^{-1})=-3.916839e+00
[FW-A] iter=134  -trace(H^{-1})=-3.907416e+00
[FW-A] iter=135  -trace(H^{-1})=-3.898248e+00
[FW-A] iter=136  -trace(H^{-1})=-3.889399e+00
[FW-A] iter=137  -trace(H^{-1})=-3.880897e+00
[FW-A] iter=138  -trace(H^{-1})=-3.872404e+00
[FW-A] iter=139  -trace(H^{-1})=-3.864141e+00
[FW-A] iter=140  -trace(H^{-1})=-3.856152e+00
[FW-A] iter=141  -trace(H^{-1})=-3.848299e+00
[FW-A] iter=142  -trace(H^{-1})=-3.840689e+00
[FW-A] iter=143  -trace(H^{-1})=-3.833299e+00
[FW-A] iter=144  -trace(H^{-1})=-3.826211e+00
[FW-A] iter=145  -trace(H^{-1})=-3.819090e+00
[FW-A] iter=146  -trace(H^{-1})=-3.812184e+00
[FW-A] iter=147  -trace(H^{-1})=-3.805463e+00
[FW-A] iter=148  -trace(H^{-1})=-3.798875e+00
[FW-A] iter=149  -trace(H^{-1})=-3.792483e+00
[FW-A] iter=150  -trace(H^{-1})=-3.786236e+00
[FW-A] iter=151  -trace(H^{-1})=-3.780258e+00
[FW-A] iter=152  -trace(H^{-1})=-3.774217e+00
[FW-A] iter=153  -trace(H^{-1})=-3.768378e+00
[FW-A] iter=154  -trace(H^{-1})=-3.762662e+00
[FW-A] iter=155  -trace(H^{-1})=-3.757076e+00
[FW-A] iter=156  -trace(H^{-1})=-3.751662e+00
[FW-A] iter=157  -trace(H^{-1})=-3.746419e+00
[FW-A] iter=158  -trace(H^{-1})=-3.741170e+00
[FW-A] iter=159  -trace(H^{-1})=-3.736042e+00
[FW-A] iter=160  -trace(H^{-1})=-3.731064e+00
[FW-A] iter=161  -trace(H^{-1})=-3.726187e+00
[FW-A] iter=162  -trace(H^{-1})=-3.721408e+00
[FW-A] iter=163  -trace(H^{-1})=-3.716690e+00
[FW-A] iter=164  -trace(H^{-1})=-3.712101e+00
[FW-A] iter=165  -trace(H^{-1})=-3.707622e+00
[FW-A] iter=166  -trace(H^{-1})=-3.703225e+00
[FW-A] iter=167  -trace(H^{-1})=-3.698917e+00
[FW-A] iter=168  -trace(H^{-1})=-3.694716e+00
[FW-A] iter=169  -trace(H^{-1})=-3.690571e+00
[FW-A] iter=170  -trace(H^{-1})=-3.686495e+00
[FW-A] iter=171  -trace(H^{-1})=-3.682527e+00
[FW-A] iter=172  -trace(H^{-1})=-3.678629e+00
[FW-A] iter=173  -trace(H^{-1})=-3.674820e+00
[FW-A] iter=174  -trace(H^{-1})=-3.671063e+00
[FW-A] iter=175  -trace(H^{-1})=-3.667417e+00
[FW-A] iter=176  -trace(H^{-1})=-3.663794e+00
[FW-A] iter=177  -trace(H^{-1})=-3.660247e+00
[FW-A] iter=178  -trace(H^{-1})=-3.656796e+00
[FW-A] iter=179  -trace(H^{-1})=-3.653473e+00
[FW-A] iter=180  -trace(H^{-1})=-3.650098e+00
[FW-A] iter=181  -trace(H^{-1})=-3.646797e+00
[FW-A] iter=182  -trace(H^{-1})=-3.643579e+00
[FW-A] iter=183  -trace(H^{-1})=-3.640393e+00
[FW-A] iter=184  -trace(H^{-1})=-3.637287e+00
[FW-A] iter=185  -trace(H^{-1})=-3.634246e+00
[FW-A] iter=186  -trace(H^{-1})=-3.631329e+00
[FW-A] iter=187  -trace(H^{-1})=-3.628349e+00
[FW-A] iter=188  -trace(H^{-1})=-3.625448e+00
[FW-A] iter=189  -trace(H^{-1})=-3.622603e+00
[FW-A] iter=190  -trace(H^{-1})=-3.619797e+00
[FW-A] iter=191  -trace(H^{-1})=-3.617062e+00
[FW-A] iter=192  -trace(H^{-1})=-3.614366e+00
[FW-A] iter=193  -trace(H^{-1})=-3.611791e+00
[FW-A] iter=194  -trace(H^{-1})=-3.609144e+00
[FW-A] iter=195  -trace(H^{-1})=-3.606595e+00
[FW-A] iter=196  -trace(H^{-1})=-3.604051e+00
[FW-A] iter=197  -trace(H^{-1})=-3.601568e+00
[FW-A] iter=198  -trace(H^{-1})=-3.599149e+00
[FW-A] iter=199  -trace(H^{-1})=-3.596806e+00
[FW-A] iter=200  -trace(H^{-1})=-3.594427e+00
[FW-A] iter=201  -trace(H^{-1})=-3.592095e+00
[FW-A] iter=202  -trace(H^{-1})=-3.589818e+00
[FW-A] iter=203  -trace(H^{-1})=-3.587557e+00
[FW-A] iter=204  -trace(H^{-1})=-3.585350e+00
[FW-A] iter=205  -trace(H^{-1})=-3.583184e+00
[FW-A] iter=206  -trace(H^{-1})=-3.581097e+00
[FW-A] iter=207  -trace(H^{-1})=-3.578964e+00
[FW-A] iter=208  -trace(H^{-1})=-3.576884e+00
[FW-A] iter=209  -trace(H^{-1})=-3.574841e+00
[FW-A] iter=210  -trace(H^{-1})=-3.572842e+00
[FW-A] iter=211  -trace(H^{-1})=-3.570856e+00
[FW-A] iter=212  -trace(H^{-1})=-3.568895e+00
[FW-A] iter=213  -trace(H^{-1})=-3.566993e+00
[FW-A] iter=214  -trace(H^{-1})=-3.565092e+00
[FW-A] iter=215  -trace(H^{-1})=-3.563242e+00
[FW-A] iter=216  -trace(H^{-1})=-3.561408e+00
[FW-A] iter=217  -trace(H^{-1})=-3.559607e+00
[FW-A] iter=218  -trace(H^{-1})=-3.557806e+00
[FW-A] iter=219  -trace(H^{-1})=-3.556047e+00
[FW-A] iter=220  -trace(H^{-1})=-3.554327e+00
[FW-A] iter=221  -trace(H^{-1})=-3.552621e+00
[FW-A] iter=222  -trace(H^{-1})=-3.550947e+00
[FW-A] iter=223  -trace(H^{-1})=-3.549299e+00
[FW-A] iter=224  -trace(H^{-1})=-3.547668e+00
[FW-A] iter=225  -trace(H^{-1})=-3.546047e+00
[FW-A] iter=226  -trace(H^{-1})=-3.544462e+00
[FW-A] iter=227  -trace(H^{-1})=-3.542902e+00
[FW-A] iter=228  -trace(H^{-1})=-3.541415e+00
[FW-A] iter=229  -trace(H^{-1})=-3.539871e+00
[FW-A] iter=230  -trace(H^{-1})=-3.538367e+00
[FW-A] iter=231  -trace(H^{-1})=-3.536885e+00
[FW-A] iter=232  -trace(H^{-1})=-3.535420e+00
[FW-A] iter=233  -trace(H^{-1})=-3.533996e+00
[FW-A] iter=234  -trace(H^{-1})=-3.532618e+00
[FW-A] iter=235  -trace(H^{-1})=-3.531207e+00
[FW-A] iter=236  -trace(H^{-1})=-3.529814e+00
[FW-A] iter=237  -trace(H^{-1})=-3.528459e+00
[FW-A] iter=238  -trace(H^{-1})=-3.527101e+00
[FW-A] iter=239  -trace(H^{-1})=-3.525773e+00
[FW-A] iter=240  -trace(H^{-1})=-3.524474e+00
[FW-A] iter=241  -trace(H^{-1})=-3.523223e+00
[FW-A] iter=242  -trace(H^{-1})=-3.521933e+00
[FW-A] iter=243  -trace(H^{-1})=-3.520668e+00
[FW-A] iter=244  -trace(H^{-1})=-3.519429e+00
[FW-A] iter=245  -trace(H^{-1})=-3.518195e+00
[FW-A] iter=246  -trace(H^{-1})=-3.516988e+00
[FW-A] iter=247  -trace(H^{-1})=-3.515799e+00
[FW-A] iter=248  -trace(H^{-1})=-3.514659e+00
[FW-A] iter=249  -trace(H^{-1})=-3.513477e+00
[FW-A] iter=250  -trace(H^{-1})=-3.512326e+00
[FW-A] iter=251  -trace(H^{-1})=-3.511189e+00
[FW-A] iter=252  -trace(H^{-1})=-3.510064e+00
[FW-A] iter=253  -trace(H^{-1})=-3.508971e+00
[FW-A] iter=254  -trace(H^{-1})=-3.507907e+00
[FW-A] iter=255  -trace(H^{-1})=-3.506819e+00
[FW-A] iter=256  -trace(H^{-1})=-3.505744e+00
[FW-A] iter=257  -trace(H^{-1})=-3.504698e+00
[FW-A] iter=258  -trace(H^{-1})=-3.503659e+00
[FW-A] iter=259  -trace(H^{-1})=-3.502635e+00
[FW-A] iter=260  -trace(H^{-1})=-3.501608e+00
[FW-A] iter=261  -trace(H^{-1})=-3.500603e+00
[FW-A] iter=262  -trace(H^{-1})=-3.499618e+00
[FW-A] iter=263  -trace(H^{-1})=-3.498638e+00
[FW-A] iter=264  -trace(H^{-1})=-3.497673e+00
[FW-A] iter=265  -trace(H^{-1})=-3.496724e+00
[FW-A] iter=266  -trace(H^{-1})=-3.495778e+00
[FW-A] iter=267  -trace(H^{-1})=-3.494837e+00
[FW-A] iter=268  -trace(H^{-1})=-3.493916e+00
[FW-A] iter=269  -trace(H^{-1})=-3.493006e+00
[FW-A] iter=270  -trace(H^{-1})=-3.492108e+00
[FW-A] iter=271  -trace(H^{-1})=-3.491216e+00
[FW-A] iter=272  -trace(H^{-1})=-3.490345e+00
[FW-A] iter=273  -trace(H^{-1})=-3.489470e+00
[FW-A] iter=274  -trace(H^{-1})=-3.488606e+00
[FW-A] iter=275  -trace(H^{-1})=-3.487764e+00
[FW-A] iter=276  -trace(H^{-1})=-3.486921e+00
[FW-A] iter=277  -trace(H^{-1})=-3.486095e+00
[FW-A] iter=278  -trace(H^{-1})=-3.485265e+00
[FW-A] iter=279  -trace(H^{-1})=-3.484454e+00
[FW-A] iter=280  -trace(H^{-1})=-3.483654e+00
[FW-A] iter=281  -trace(H^{-1})=-3.482858e+00
[FW-A] iter=282  -trace(H^{-1})=-3.482077e+00
[FW-A] iter=283  -trace(H^{-1})=-3.481331e+00
[FW-A] iter=284  -trace(H^{-1})=-3.480550e+00
[FW-A] iter=285  -trace(H^{-1})=-3.479785e+00
[FW-A] iter=286  -trace(H^{-1})=-3.479032e+00
[FW-A] iter=287  -trace(H^{-1})=-3.478282e+00
[FW-A] iter=288  -trace(H^{-1})=-3.477549e+00
[FW-A] iter=289  -trace(H^{-1})=-3.476823e+00
[FW-A] iter=290  -trace(H^{-1})=-3.476134e+00
[FW-A] iter=291  -trace(H^{-1})=-3.475406e+00
[FW-A] iter=292  -trace(H^{-1})=-3.474700e+00
[FW-A] iter=293  -trace(H^{-1})=-3.474000e+00
[FW-A] iter=294  -trace(H^{-1})=-3.473307e+00
[FW-A] iter=295  -trace(H^{-1})=-3.472633e+00
[FW-A] iter=296  -trace(H^{-1})=-3.471981e+00
[FW-A] iter=297  -trace(H^{-1})=-3.471305e+00
[FW-A] iter=298  -trace(H^{-1})=-3.470637e+00
[FW-A] iter=299  -trace(H^{-1})=-3.469986e+00
  [fw-a] min_eig=4.0111e-01  heldout=1.4786  (2.3s)
[FW-D] Building 720 candidate information matrices...
Building FIM:   0%|          | 0/720 [00:00<?, ?candidate/s]Building FIM:  98%|█████████▊| 704/720 [00:00<00:00, 4825.72candidate/s]Building FIM: 100%|██████████| 720/720 [00:00<00:00, 4928.08candidate/s]
[FW-D] Done. Starting Frank-Wolfe D-optimal (select_k=10)...
[FW-D] Pre-extracting dense blocks (intr_dim=9, num_poses=720)...
[FW-D] Block extraction done. Starting iterations...
[FW-D] iter=  0  logdet=7.611215e+01
[FW-D] iter=  1  logdet=7.482955e+01
[FW-D] iter=  2  logdet=7.734934e+01
[FW-D] iter=  3  logdet=7.581723e+01
[FW-D] iter=  4  logdet=7.450547e+01
[FW-D] iter=  5  logdet=7.448539e+01
[FW-D] iter=  6  logdet=7.417374e+01
[FW-D] iter=  7  logdet=7.376243e+01
[FW-D] iter=  8  logdet=7.396793e+01
[FW-D] iter=  9  logdet=7.378774e+01
[FW-D] iter= 10  logdet=7.448228e+01
[FW-D] iter= 11  logdet=7.444912e+01
[FW-D] iter= 12  logdet=7.455216e+01
[FW-D] iter= 13  logdet=7.458962e+01
[FW-D] iter= 14  logdet=7.457560e+01
[FW-D] iter= 15  logdet=7.476241e+01
[FW-D] iter= 16  logdet=7.509851e+01
[FW-D] iter= 17  logdet=7.520703e+01
[FW-D] iter= 18  logdet=7.512060e+01
[FW-D] iter= 19  logdet=7.503380e+01
[FW-D] iter= 20  logdet=7.496261e+01
[FW-D] iter= 21  logdet=7.556249e+01
[FW-D] iter= 22  logdet=7.548298e+01
[FW-D] iter= 23  logdet=7.591307e+01
[FW-D] iter= 24  logdet=7.596269e+01
[FW-D] iter= 25  logdet=7.619661e+01
[FW-D] iter= 26  logdet=7.623034e+01
[FW-D] iter= 27  logdet=7.632250e+01
[FW-D] iter= 28  logdet=7.641510e+01
[FW-D] iter= 29  logdet=7.641474e+01
[FW-D] iter= 30  logdet=7.651726e+01
[FW-D] iter= 31  logdet=7.644632e+01
[FW-D] iter= 32  logdet=7.639533e+01
[FW-D] iter= 33  logdet=7.636474e+01
[FW-D] iter= 34  logdet=7.636982e+01
[FW-D] iter= 35  logdet=7.633490e+01
[FW-D] iter= 36  logdet=7.632792e+01
[FW-D] iter= 37  logdet=7.642128e+01
[FW-D] iter= 38  logdet=7.649293e+01
[FW-D] iter= 39  logdet=7.648410e+01
[FW-D] iter= 40  logdet=7.652848e+01
[FW-D] iter= 41  logdet=7.651893e+01
[FW-D] iter= 42  logdet=7.656960e+01
[FW-D] iter= 43  logdet=7.656478e+01
[FW-D] iter= 44  logdet=7.657319e+01
[FW-D] iter= 45  logdet=7.654517e+01
[FW-D] iter= 46  logdet=7.649645e+01
[FW-D] iter= 47  logdet=7.650677e+01
[FW-D] iter= 48  logdet=7.644545e+01
[FW-D] iter= 49  logdet=7.638973e+01
[FW-D] iter= 50  logdet=7.636058e+01
[FW-D] iter= 51  logdet=7.633455e+01
[FW-D] iter= 52  logdet=7.637879e+01
[FW-D] iter= 53  logdet=7.632597e+01
[FW-D] iter= 54  logdet=7.627959e+01
[FW-D] iter= 55  logdet=7.629199e+01
[FW-D] iter= 56  logdet=7.627578e+01
[FW-D] iter= 57  logdet=7.626998e+01
[FW-D] iter= 58  logdet=7.622810e+01
[FW-D] iter= 59  logdet=7.616797e+01
[FW-D] iter= 60  logdet=7.615353e+01
[FW-D] iter= 61  logdet=7.610572e+01
[FW-D] iter= 62  logdet=7.607761e+01
[FW-D] iter= 63  logdet=7.605927e+01
[FW-D] iter= 64  logdet=7.606354e+01
[FW-D] iter= 65  logdet=7.610259e+01
[FW-D] iter= 66  logdet=7.609271e+01
[FW-D] iter= 67  logdet=7.602480e+01
[FW-D] iter= 68  logdet=7.598800e+01
[FW-D] iter= 69  logdet=7.588136e+01
[FW-D] iter= 70  logdet=7.578999e+01
[FW-D] iter= 71  logdet=7.574248e+01
[FW-D] iter= 72  logdet=7.563261e+01
[FW-D] iter= 73  logdet=7.586549e+01
[FW-D] iter= 74  logdet=7.605418e+01
[FW-D] iter= 75  logdet=7.621632e+01
[FW-D] iter= 76  logdet=7.636283e+01
[FW-D] iter= 77  logdet=7.649543e+01
[FW-D] iter= 78  logdet=7.661602e+01
[FW-D] iter= 79  logdet=7.672615e+01
[FW-D] iter= 80  logdet=7.682652e+01
[FW-D] iter= 81  logdet=7.692060e+01
[FW-D] iter= 82  logdet=7.700894e+01
[FW-D] iter= 83  logdet=7.709237e+01
[FW-D] iter= 84  logdet=7.717115e+01
[FW-D] iter= 85  logdet=7.724542e+01
[FW-D] iter= 86  logdet=7.731625e+01
[FW-D] iter= 87  logdet=7.738390e+01
[FW-D] iter= 88  logdet=7.744861e+01
[FW-D] iter= 89  logdet=7.751027e+01
[FW-D] iter= 90  logdet=7.756967e+01
[FW-D] iter= 91  logdet=7.762658e+01
[FW-D] iter= 92  logdet=7.768116e+01
[FW-D] iter= 93  logdet=7.773354e+01
[FW-D] iter= 94  logdet=7.778384e+01
[FW-D] iter= 95  logdet=7.783219e+01
[FW-D] iter= 96  logdet=7.787851e+01
[FW-D] iter= 97  logdet=7.792335e+01
[FW-D] iter= 98  logdet=7.796652e+01
[FW-D] iter= 99  logdet=7.800811e+01
[FW-D] iter=100  logdet=7.804821e+01
[FW-D] iter=101  logdet=7.808689e+01
[FW-D] iter=102  logdet=7.812426e+01
[FW-D] iter=103  logdet=7.816033e+01
[FW-D] iter=104  logdet=7.819518e+01
[FW-D] iter=105  logdet=7.822882e+01
[FW-D] iter=106  logdet=7.826131e+01
[FW-D] iter=107  logdet=7.829293e+01
[FW-D] iter=108  logdet=7.832353e+01
[FW-D] iter=109  logdet=7.835312e+01
[FW-D] iter=110  logdet=7.838187e+01
[FW-D] iter=111  logdet=7.840969e+01
[FW-D] iter=112  logdet=7.843668e+01
[FW-D] iter=113  logdet=7.846265e+01
[FW-D] iter=114  logdet=7.848817e+01
[FW-D] iter=115  logdet=7.851285e+01
[FW-D] iter=116  logdet=7.853684e+01
[FW-D] iter=117  logdet=7.856016e+01
[FW-D] iter=118  logdet=7.858275e+01
[FW-D] iter=119  logdet=7.860480e+01
[FW-D] iter=120  logdet=7.862618e+01
[FW-D] iter=121  logdet=7.864699e+01
[FW-D] iter=122  logdet=7.866708e+01
[FW-D] iter=123  logdet=7.868686e+01
[FW-D] iter=124  logdet=7.870605e+01
[FW-D] iter=125  logdet=7.872475e+01
[FW-D] iter=126  logdet=7.874296e+01
[FW-D] iter=127  logdet=7.876065e+01
[FW-D] iter=128  logdet=7.877792e+01
[FW-D] iter=129  logdet=7.879474e+01
[FW-D] iter=130  logdet=7.881120e+01
[FW-D] iter=131  logdet=7.882721e+01
[FW-D] iter=132  logdet=7.884283e+01
[FW-D] iter=133  logdet=7.885808e+01
[FW-D] iter=134  logdet=7.887290e+01
[FW-D] iter=135  logdet=7.888736e+01
[FW-D] iter=136  logdet=7.890155e+01
[FW-D] iter=137  logdet=7.891541e+01
[FW-D] iter=138  logdet=7.892890e+01
[FW-D] iter=139  logdet=7.894214e+01
[FW-D] iter=140  logdet=7.895504e+01
[FW-D] iter=141  logdet=7.896764e+01
[FW-D] iter=142  logdet=7.897984e+01
[FW-D] iter=143  logdet=7.899194e+01
[FW-D] iter=144  logdet=7.900372e+01
[FW-D] iter=145  logdet=7.901525e+01
[FW-D] iter=146  logdet=7.902654e+01
[FW-D] iter=147  logdet=7.903753e+01
[FW-D] iter=148  logdet=7.904836e+01
[FW-D] iter=149  logdet=7.905891e+01
[FW-D] iter=150  logdet=7.906923e+01
[FW-D] iter=151  logdet=7.907926e+01
[FW-D] iter=152  logdet=7.908920e+01
[FW-D] iter=153  logdet=7.909890e+01
[FW-D] iter=154  logdet=7.910841e+01
[FW-D] iter=155  logdet=7.911773e+01
[FW-D] iter=156  logdet=7.912682e+01
[FW-D] iter=157  logdet=7.913578e+01
[FW-D] iter=158  logdet=7.914454e+01
[FW-D] iter=159  logdet=7.915311e+01
[FW-D] iter=160  logdet=7.916145e+01
[FW-D] iter=161  logdet=7.916973e+01
[FW-D] iter=162  logdet=7.917782e+01
[FW-D] iter=163  logdet=7.918575e+01
[FW-D] iter=164  logdet=7.919355e+01
[FW-D] iter=165  logdet=7.920118e+01
[FW-D] iter=166  logdet=7.920867e+01
[FW-D] iter=167  logdet=7.921601e+01
[FW-D] iter=168  logdet=7.922314e+01
[FW-D] iter=169  logdet=7.923025e+01
[FW-D] iter=170  logdet=7.923719e+01
[FW-D] iter=171  logdet=7.924402e+01
[FW-D] iter=172  logdet=7.925072e+01
[FW-D] iter=173  logdet=7.925728e+01
[FW-D] iter=174  logdet=7.926376e+01
[FW-D] iter=175  logdet=7.927010e+01
[FW-D] iter=176  logdet=7.927631e+01
[FW-D] iter=177  logdet=7.928237e+01
[FW-D] iter=178  logdet=7.928840e+01
[FW-D] iter=179  logdet=7.929432e+01
[FW-D] iter=180  logdet=7.930012e+01
[FW-D] iter=181  logdet=7.930584e+01
[FW-D] iter=182  logdet=7.931142e+01
[FW-D] iter=183  logdet=7.931696e+01
[FW-D] iter=184  logdet=7.932237e+01
[FW-D] iter=185  logdet=7.932769e+01
[FW-D] iter=186  logdet=7.933288e+01
[FW-D] iter=187  logdet=7.933805e+01
[FW-D] iter=188  logdet=7.934312e+01
[FW-D] iter=189  logdet=7.934810e+01
[FW-D] iter=190  logdet=7.935301e+01
[FW-D] iter=191  logdet=7.935784e+01
[FW-D] iter=192  logdet=7.936258e+01
[FW-D] iter=193  logdet=7.936724e+01
[FW-D] iter=194  logdet=7.937178e+01
[FW-D] iter=195  logdet=7.937632e+01
[FW-D] iter=196  logdet=7.938077e+01
[FW-D] iter=197  logdet=7.938515e+01
[FW-D] iter=198  logdet=7.938947e+01
[FW-D] iter=199  logdet=7.939370e+01
[FW-D] iter=200  logdet=7.939790e+01
[FW-D] iter=201  logdet=7.940201e+01
[FW-D] iter=202  logdet=7.940606e+01
[FW-D] iter=203  logdet=7.941000e+01
[FW-D] iter=204  logdet=7.941395e+01
[FW-D] iter=205  logdet=7.941782e+01
[FW-D] iter=206  logdet=7.942163e+01
[FW-D] iter=207  logdet=7.942540e+01
[FW-D] iter=208  logdet=7.942910e+01
[FW-D] iter=209  logdet=7.943274e+01
[FW-D] iter=210  logdet=7.943633e+01
[FW-D] iter=211  logdet=7.943987e+01
[FW-D] iter=212  logdet=7.944334e+01
[FW-D] iter=213  logdet=7.944676e+01
[FW-D] iter=214  logdet=7.945016e+01
[FW-D] iter=215  logdet=7.945350e+01
[FW-D] iter=216  logdet=7.945678e+01
[FW-D] iter=217  logdet=7.946004e+01
[FW-D] iter=218  logdet=7.946324e+01
[FW-D] iter=219  logdet=7.946639e+01
[FW-D] iter=220  logdet=7.946946e+01
[FW-D] iter=221  logdet=7.947254e+01
[FW-D] iter=222  logdet=7.947557e+01
[FW-D] iter=223  logdet=7.947855e+01
[FW-D] iter=224  logdet=7.948150e+01
[FW-D] iter=225  logdet=7.948440e+01
[FW-D] iter=226  logdet=7.948727e+01
[FW-D] iter=227  logdet=7.949010e+01
[FW-D] iter=228  logdet=7.949288e+01
[FW-D] iter=229  logdet=7.949559e+01
[FW-D] iter=230  logdet=7.949832e+01
[FW-D] iter=231  logdet=7.950099e+01
[FW-D] iter=232  logdet=7.950364e+01
[FW-D] iter=233  logdet=7.950625e+01
[FW-D] iter=234  logdet=7.950881e+01
[FW-D] iter=235  logdet=7.951136e+01
[FW-D] iter=236  logdet=7.951387e+01
[FW-D] iter=237  logdet=7.951633e+01
[FW-D] iter=238  logdet=7.951875e+01
[FW-D] iter=239  logdet=7.952117e+01
[FW-D] iter=240  logdet=7.952355e+01
[FW-D] iter=241  logdet=7.952590e+01
[FW-D] iter=242  logdet=7.952822e+01
[FW-D] iter=243  logdet=7.953051e+01
[FW-D] iter=244  logdet=7.953278e+01
[FW-D] iter=245  logdet=7.953501e+01
[FW-D] iter=246  logdet=7.953721e+01
[FW-D] iter=247  logdet=7.953936e+01
[FW-D] iter=248  logdet=7.954152e+01
[FW-D] iter=249  logdet=7.954365e+01
[FW-D] iter=250  logdet=7.954575e+01
[FW-D] iter=251  logdet=7.954783e+01
[FW-D] iter=252  logdet=7.954988e+01
[FW-D] iter=253  logdet=7.955190e+01
[FW-D] iter=254  logdet=7.955391e+01
[FW-D] iter=255  logdet=7.955587e+01
[FW-D] iter=256  logdet=7.955780e+01
[FW-D] iter=257  logdet=7.955974e+01
[FW-D] iter=258  logdet=7.956165e+01
[FW-D] iter=259  logdet=7.956353e+01
[FW-D] iter=260  logdet=7.956540e+01
[FW-D] iter=261  logdet=7.956724e+01
[FW-D] iter=262  logdet=7.956906e+01
[FW-D] iter=263  logdet=7.957086e+01
[FW-D] iter=264  logdet=7.957262e+01
[FW-D] iter=265  logdet=7.957436e+01
[FW-D] iter=266  logdet=7.957610e+01
[FW-D] iter=267  logdet=7.957783e+01
[FW-D] iter=268  logdet=7.957952e+01
[FW-D] iter=269  logdet=7.958120e+01
[FW-D] iter=270  logdet=7.958286e+01
[FW-D] iter=271  logdet=7.958450e+01
[FW-D] iter=272  logdet=7.958613e+01
[FW-D] iter=273  logdet=7.958772e+01
[FW-D] iter=274  logdet=7.958930e+01
[FW-D] iter=275  logdet=7.959088e+01
[FW-D] iter=276  logdet=7.959243e+01
[FW-D] iter=277  logdet=7.959396e+01
[FW-D] iter=278  logdet=7.959545e+01
[FW-D] iter=279  logdet=7.959696e+01
[FW-D] iter=280  logdet=7.959845e+01
[FW-D] iter=281  logdet=7.959992e+01
[FW-D] iter=282  logdet=7.960137e+01
[FW-D] iter=283  logdet=7.960280e+01
[FW-D] iter=284  logdet=7.960423e+01
[FW-D] iter=285  logdet=7.960564e+01
[FW-D] iter=286  logdet=7.960703e+01
[FW-D] iter=287  logdet=7.960838e+01
[FW-D] iter=288  logdet=7.960975e+01
[FW-D] iter=289  logdet=7.961110e+01
[FW-D] iter=290  logdet=7.961243e+01
[FW-D] iter=291  logdet=7.961376e+01
[FW-D] iter=292  logdet=7.961506e+01
[FW-D] iter=293  logdet=7.961636e+01
[FW-D] iter=294  logdet=7.961764e+01
[FW-D] iter=295  logdet=7.961890e+01
[FW-D] iter=296  logdet=7.962013e+01
[FW-D] iter=297  logdet=7.962138e+01
[FW-D] iter=298  logdet=7.962261e+01
[FW-D] iter=299  logdet=7.962382e+01
  [fw-d] min_eig=3.6574e-01  heldout=1.0095  (2.6s)

============================================================
K = 15  (held-out = 705 frames)
  [random] 25 trials...
  [coverage] min_eig=2.2011e-01  heldout=3.0904  (0.0s)
  [a-optimal] min_eig=6.5212e-01  heldout=0.6809  (2.8s)
  [d-optimal] min_eig=5.1451e-01  heldout=1.2417  (2.8s)
  [greedy-e] min_eig=6.2861e-01  heldout=1.0094  (2.8s)
[FW] Building 720 candidate information matrices...
Building FIM:   0%|          | 0/720 [00:00<?, ?candidate/s]Building FIM:  98%|█████████▊| 704/720 [00:00<00:00, 4911.98candidate/s]Building FIM: 100%|██████████| 720/720 [00:00<00:00, 4998.84candidate/s]
[FW] Done. Starting Frank-Wolfe optimization (select_k=15)...
[FW] Pre-extracting dense blocks (intr_dim=9, num_poses=720)...
[FW] Block extraction done. Starting iterations...
[FW] iter=  0  min_eig=3.043510e-01
[FW] iter=  1  min_eig=2.351889e-03
[FW] iter=  2  min_eig=2.013514e-01
[FW] iter=  3  min_eig=1.766086e-01
[FW] iter=  4  min_eig=1.894632e-01
[FW] iter=  5  min_eig=1.852362e-01
[FW] iter=  6  min_eig=1.578625e-01
[FW] iter=  7  min_eig=1.328247e-01
[FW] iter=  8  min_eig=1.449347e-01
[FW] iter=  9  min_eig=1.313738e-01
[FW] iter= 10  min_eig=1.224090e-01
[FW] iter= 11  min_eig=1.357131e-01
[FW] iter= 12  min_eig=1.499272e-01
[FW] iter= 13  min_eig=1.415489e-01
[FW] iter= 14  min_eig=1.420140e-01
[FW] iter= 15  min_eig=1.887368e-01
[FW] iter= 16  min_eig=2.395869e-01
[FW] iter= 17  min_eig=2.775624e-01
[FW] iter= 18  min_eig=2.954663e-01
[FW] iter= 19  min_eig=3.034144e-01
[FW] iter= 20  min_eig=3.007604e-01
[FW] iter= 21  min_eig=3.007459e-01
[FW] iter= 22  min_eig=2.832726e-01
[FW] iter= 23  min_eig=2.836929e-01
[FW] iter= 24  min_eig=2.875292e-01
[FW] iter= 25  min_eig=2.973199e-01
[FW] iter= 26  min_eig=2.985845e-01
[FW] iter= 27  min_eig=3.139475e-01
[FW] iter= 28  min_eig=3.173335e-01
[FW] iter= 29  min_eig=3.199708e-01
[FW] iter= 30  min_eig=3.151308e-01
[FW] iter= 31  min_eig=3.121856e-01
[FW] iter= 32  min_eig=3.057570e-01
[FW] iter= 33  min_eig=2.980665e-01
[FW] iter= 34  min_eig=2.976604e-01
[FW] iter= 35  min_eig=3.115198e-01
[FW] iter= 36  min_eig=3.097820e-01
[FW] iter= 37  min_eig=3.182725e-01
[FW] iter= 38  min_eig=3.234391e-01
[FW] iter= 39  min_eig=3.227765e-01
[FW] iter= 40  min_eig=3.158959e-01
[FW] iter= 41  min_eig=3.031685e-01
[FW] iter= 42  min_eig=2.963362e-01
[FW] iter= 43  min_eig=3.014397e-01
[FW] iter= 44  min_eig=3.044622e-01
[FW] iter= 45  min_eig=3.020049e-01
[FW] iter= 46  min_eig=2.903300e-01
[FW] iter= 47  min_eig=2.857398e-01
[FW] iter= 48  min_eig=2.824770e-01
[FW] iter= 49  min_eig=3.121992e-01
[FW] iter= 50  min_eig=3.252317e-01
[FW] iter= 51  min_eig=3.387876e-01
[FW] iter= 52  min_eig=3.515298e-01
[FW] iter= 53  min_eig=3.633356e-01
[FW] iter= 54  min_eig=3.747041e-01
[FW] iter= 55  min_eig=3.852291e-01
[FW] iter= 56  min_eig=3.954140e-01
[FW] iter= 57  min_eig=4.049514e-01
[FW] iter= 58  min_eig=4.140418e-01
[FW] iter= 59  min_eig=4.225060e-01
[FW] iter= 60  min_eig=4.307727e-01
[FW] iter= 61  min_eig=4.385740e-01
[FW] iter= 62  min_eig=4.459461e-01
[FW] iter= 63  min_eig=4.528633e-01
[FW] iter= 64  min_eig=4.596451e-01
[FW] iter= 65  min_eig=4.660629e-01
[FW] iter= 66  min_eig=4.721275e-01
[FW] iter= 67  min_eig=4.778693e-01
[FW] iter= 68  min_eig=4.834946e-01
[FW] iter= 69  min_eig=4.887908e-01
[FW] iter= 70  min_eig=4.939006e-01
[FW] iter= 71  min_eig=4.987069e-01
[FW] iter= 72  min_eig=5.034495e-01
[FW] iter= 73  min_eig=5.079600e-01
[FW] iter= 74  min_eig=5.122539e-01
[FW] iter= 75  min_eig=5.163207e-01
[FW] iter= 76  min_eig=5.203427e-01
[FW] iter= 77  min_eig=5.241751e-01
[FW] iter= 78  min_eig=5.278034e-01
[FW] iter= 79  min_eig=5.313645e-01
[FW] iter= 80  min_eig=5.347274e-01
[FW] iter= 81  min_eig=5.379983e-01
[FW] iter= 82  min_eig=5.411237e-01
[FW] iter= 83  min_eig=5.441985e-01
[FW] iter= 84  min_eig=5.471366e-01
[FW] iter= 85  min_eig=5.499007e-01
[FW] iter= 86  min_eig=5.526774e-01
[FW] iter= 87  min_eig=5.553327e-01
[FW] iter= 88  min_eig=5.578754e-01
[FW] iter= 89  min_eig=5.602879e-01
[FW] iter= 90  min_eig=5.627054e-01
[FW] iter= 91  min_eig=5.650195e-01
[FW] iter= 92  min_eig=5.672152e-01
[FW] iter= 93  min_eig=5.693935e-01
[FW] iter= 94  min_eig=5.714854e-01
[FW] iter= 95  min_eig=5.734450e-01
[FW] iter= 96  min_eig=5.754378e-01
[FW] iter= 97  min_eig=5.773558e-01
[FW] iter= 98  min_eig=5.791685e-01
[FW] iter= 99  min_eig=5.809110e-01
[FW] iter=100  min_eig=5.826787e-01
[FW] iter=101  min_eig=5.843736e-01
[FW] iter=102  min_eig=5.860007e-01
[FW] iter=103  min_eig=5.875518e-01
[FW] iter=104  min_eig=5.891167e-01
[FW] iter=105  min_eig=5.906197e-01
[FW] iter=106  min_eig=5.920513e-01
[FW] iter=107  min_eig=5.934796e-01
[FW] iter=108  min_eig=5.948553e-01
[FW] iter=109  min_eig=5.961470e-01
[FW] iter=110  min_eig=5.974711e-01
[FW] iter=111  min_eig=5.987491e-01
[FW] iter=112  min_eig=5.999788e-01
[FW] iter=113  min_eig=6.011466e-01
[FW] iter=114  min_eig=6.023371e-01
[FW] iter=115  min_eig=6.034830e-01
[FW] iter=116  min_eig=6.045866e-01
[FW] iter=117  min_eig=6.056485e-01
[FW] iter=118  min_eig=6.067169e-01
[FW] iter=119  min_eig=6.077464e-01
[FW] iter=120  min_eig=6.087104e-01
[FW] iter=121  min_eig=6.097093e-01
[FW] iter=122  min_eig=6.106715e-01
[FW] iter=123  min_eig=6.115988e-01
[FW] iter=124  min_eig=6.124749e-01
[FW] iter=125  min_eig=6.133788e-01
[FW] iter=126  min_eig=6.142499e-01
[FW] iter=127  min_eig=6.150899e-01
[FW] iter=128  min_eig=6.158929e-01
[FW] iter=129  min_eig=6.167115e-01
[FW] iter=130  min_eig=6.175025e-01
[FW] iter=131  min_eig=6.182577e-01
[FW] iter=132  min_eig=6.190209e-01
[FW] iter=133  min_eig=6.197566e-01
[FW] iter=134  min_eig=6.204474e-01
[FW] iter=135  min_eig=6.211670e-01
[FW] iter=136  min_eig=6.218610e-01
[FW] iter=137  min_eig=6.225305e-01
[FW] iter=138  min_eig=6.231713e-01
[FW] iter=139  min_eig=6.238273e-01
[FW] iter=140  min_eig=6.244602e-01
[FW] iter=141  min_eig=6.250633e-01
[FW] iter=142  min_eig=6.256751e-01
[FW] iter=143  min_eig=6.262663e-01
[FW] iter=144  min_eig=6.268176e-01
[FW] iter=145  min_eig=6.273980e-01
[FW] iter=146  min_eig=6.279598e-01
[FW] iter=147  min_eig=6.285021e-01
[FW] iter=148  min_eig=6.290154e-01
[FW] iter=149  min_eig=6.295508e-01
[FW] iter=150  min_eig=6.300675e-01
[FW] iter=151  min_eig=6.305663e-01
[FW] iter=152  min_eig=6.310465e-01
[FW] iter=153  min_eig=6.315382e-01
[FW] iter=154  min_eig=6.320129e-01
[FW] iter=155  min_eig=6.324537e-01
[FW] iter=156  min_eig=6.329224e-01
[FW] iter=157  min_eig=6.333747e-01
[FW] iter=158  min_eig=6.338114e-01
[FW] iter=159  min_eig=6.342261e-01
[FW] iter=160  min_eig=6.346581e-01
[FW] iter=161  min_eig=6.350748e-01
[FW] iter=162  min_eig=6.354781e-01
[FW] iter=163  min_eig=6.358765e-01
[FW] iter=164  min_eig=6.362611e-01
[FW] iter=165  min_eig=6.366518e-01
[FW] iter=166  min_eig=6.370291e-01
[FW] iter=167  min_eig=6.373841e-01
[FW] iter=168  min_eig=6.377585e-01
[FW] iter=169  min_eig=6.381198e-01
[FW] iter=170  min_eig=6.384688e-01
[FW] iter=171  min_eig=6.388009e-01
[FW] iter=172  min_eig=6.391483e-01
[FW] iter=173  min_eig=6.394841e-01
[FW] iter=174  min_eig=6.398034e-01
[FW] iter=175  min_eig=6.401301e-01
[FW] iter=176  min_eig=6.404476e-01
[FW] iter=177  min_eig=6.407403e-01
[FW] iter=178  min_eig=6.410571e-01
[FW] iter=179  min_eig=6.413630e-01
[FW] iter=180  min_eig=6.416586e-01
[FW] iter=181  min_eig=6.419377e-01
[FW] iter=182  min_eig=6.422323e-01
[FW] iter=183  min_eig=6.425165e-01
[FW] iter=184  min_eig=6.427912e-01
[FW] iter=185  min_eig=6.430574e-01
[FW] iter=186  min_eig=6.433316e-01
[FW] iter=187  min_eig=6.435964e-01
[FW] iter=188  min_eig=6.438505e-01
[FW] iter=189  min_eig=6.441096e-01
[FW] iter=190  min_eig=6.443605e-01
[FW] iter=191  min_eig=6.445948e-01
[FW] iter=192  min_eig=6.448454e-01
[FW] iter=193  min_eig=6.450886e-01
[FW] iter=194  min_eig=6.453234e-01
[FW] iter=195  min_eig=6.455466e-01
[FW] iter=196  min_eig=6.457826e-01
[FW] iter=197  min_eig=6.460106e-01
[FW] iter=198  min_eig=6.462306e-01
[FW] iter=199  min_eig=6.464446e-01
[FW] iter=200  min_eig=6.466652e-01
[FW] iter=201  min_eig=6.468782e-01
[FW] iter=202  min_eig=6.470757e-01
[FW] iter=203  min_eig=6.472894e-01
[FW] iter=204  min_eig=6.474959e-01
[FW] iter=205  min_eig=6.476949e-01
[FW] iter=206  min_eig=6.478849e-01
[FW] iter=207  min_eig=6.480851e-01
[FW] iter=208  min_eig=6.482782e-01
[FW] iter=209  min_eig=6.484618e-01
[FW] iter=210  min_eig=6.486514e-01
[FW] iter=211  min_eig=6.488353e-01
[FW] iter=212  min_eig=6.490136e-01
[FW] iter=213  min_eig=6.491952e-01
[FW] iter=214  min_eig=6.493704e-01
[FW] iter=215  min_eig=6.495367e-01
[FW] iter=216  min_eig=6.497133e-01
[FW] iter=217  min_eig=6.498836e-01
[FW] iter=218  min_eig=6.500444e-01
[FW] iter=219  min_eig=6.502127e-01
[FW] iter=220  min_eig=6.503749e-01
[FW] iter=221  min_eig=6.505315e-01
[FW] iter=222  min_eig=6.506910e-01
[FW] iter=223  min_eig=6.508459e-01
[FW] iter=224  min_eig=6.509905e-01
[FW] iter=225  min_eig=6.511479e-01
[FW] iter=226  min_eig=6.512995e-01
[FW] iter=227  min_eig=6.514456e-01
[FW] iter=228  min_eig=6.515862e-01
[FW] iter=229  min_eig=6.517341e-01
[FW] iter=230  min_eig=6.518768e-01
[FW] iter=231  min_eig=6.520123e-01
[FW] iter=232  min_eig=6.521535e-01
[FW] iter=233  min_eig=6.522898e-01
[FW] iter=234  min_eig=6.524166e-01
[FW] iter=235  min_eig=6.525549e-01
[FW] iter=236  min_eig=6.526879e-01
[FW] iter=237  min_eig=6.528162e-01
[FW] iter=238  min_eig=6.529379e-01
[FW] iter=239  min_eig=6.530677e-01
[FW] iter=240  min_eig=6.531936e-01
[FW] iter=241  min_eig=6.533132e-01
[FW] iter=242  min_eig=6.534383e-01
[FW] iter=243  min_eig=6.535590e-01
[FW] iter=244  min_eig=6.536695e-01
[FW] iter=245  min_eig=6.537920e-01
[FW] iter=246  min_eig=6.539101e-01
[FW] iter=247  min_eig=6.540237e-01
[FW] iter=248  min_eig=6.541318e-01
[FW] iter=249  min_eig=6.542474e-01
[FW] iter=250  min_eig=6.543588e-01
[FW] iter=251  min_eig=6.544640e-01
[FW] iter=252  min_eig=6.545743e-01
[FW] iter=253  min_eig=6.546810e-01
[FW] iter=254  min_eig=6.547843e-01
[FW] iter=255  min_eig=6.548905e-01
[FW] iter=256  min_eig=6.549929e-01
[FW] iter=257  min_eig=6.550893e-01
[FW] iter=258  min_eig=6.551936e-01
[FW] iter=259  min_eig=6.552940e-01
[FW] iter=260  min_eig=6.553878e-01
[FW] iter=261  min_eig=6.554879e-01
[FW] iter=262  min_eig=6.555842e-01
[FW] iter=263  min_eig=6.556766e-01
[FW] iter=264  min_eig=6.557717e-01
[FW] iter=265  min_eig=6.558639e-01
[FW] iter=266  min_eig=6.559488e-01
[FW] iter=267  min_eig=6.560436e-01
[FW] iter=268  min_eig=6.561350e-01
[FW] iter=269  min_eig=6.562228e-01
[FW] iter=270  min_eig=6.563068e-01
[FW] iter=271  min_eig=6.563965e-01
[FW] iter=272  min_eig=6.564829e-01
[FW] iter=273  min_eig=6.565645e-01
[FW] iter=274  min_eig=6.566505e-01
[FW] iter=275  min_eig=6.567335e-01
[FW] iter=276  min_eig=6.568099e-01
[FW] iter=277  min_eig=6.568948e-01
[FW] iter=278  min_eig=6.569766e-01
[FW] iter=279  min_eig=6.570552e-01
[FW] iter=280  min_eig=6.571302e-01
[FW] iter=281  min_eig=6.572110e-01
[FW] iter=282  min_eig=6.572885e-01
[FW] iter=283  min_eig=6.573623e-01
[FW] iter=284  min_eig=6.574398e-01
[FW] iter=285  min_eig=6.575142e-01
[FW] iter=286  min_eig=6.575830e-01
[FW] iter=287  min_eig=6.576593e-01
[FW] iter=288  min_eig=6.577328e-01
[FW] iter=289  min_eig=6.578035e-01
[FW] iter=290  min_eig=6.578713e-01
[FW] iter=291  min_eig=6.579438e-01
[FW] iter=292  min_eig=6.580136e-01
[FW] iter=293  min_eig=6.580797e-01
[FW] iter=294  min_eig=6.581493e-01
[FW] iter=295  min_eig=6.582164e-01
[FW] iter=296  min_eig=6.582781e-01
[FW] iter=297  min_eig=6.583472e-01
[FW] iter=298  min_eig=6.584137e-01
[FW] iter=299  min_eig=6.584782e-01
  [fw-e] min_eig=6.5116e-01  heldout=1.0033  (2.1s)
[FW-A] Building 720 candidate information matrices...
Building FIM:   0%|          | 0/720 [00:00<?, ?candidate/s]Building FIM:  62%|██████▏   | 448/720 [00:00<00:00, 3871.28candidate/s]Building FIM: 100%|██████████| 720/720 [00:00<00:00, 4089.84candidate/s]
[FW-A] Done. Starting Frank-Wolfe A-optimal (select_k=15)...
[FW-A] Pre-extracting dense blocks (intr_dim=9, num_poses=720)...
[FW-A] Block extraction done. Starting iterations...
[FW-A] iter=  0  -trace(H^{-1})=-4.414495e+00
[FW-A] iter=  1  -trace(H^{-1})=-4.258083e+02
[FW-A] iter=  2  -trace(H^{-1})=-6.147427e+00
[FW-A] iter=  3  -trace(H^{-1})=-7.165623e+00
[FW-A] iter=  4  -trace(H^{-1})=-6.016896e+00
[FW-A] iter=  5  -trace(H^{-1})=-6.282613e+00
[FW-A] iter=  6  -trace(H^{-1})=-6.774903e+00
[FW-A] iter=  7  -trace(H^{-1})=-6.911105e+00
[FW-A] iter=  8  -trace(H^{-1})=-7.586252e+00
[FW-A] iter=  9  -trace(H^{-1})=-7.874054e+00
[FW-A] iter= 10  -trace(H^{-1})=-8.344199e+00
[FW-A] iter= 11  -trace(H^{-1})=-8.012696e+00
[FW-A] iter= 12  -trace(H^{-1})=-7.543459e+00
[FW-A] iter= 13  -trace(H^{-1})=-7.934811e+00
[FW-A] iter= 14  -trace(H^{-1})=-7.968755e+00
[FW-A] iter= 15  -trace(H^{-1})=-6.449360e+00
[FW-A] iter= 16  -trace(H^{-1})=-5.877899e+00
[FW-A] iter= 17  -trace(H^{-1})=-4.934743e+00
[FW-A] iter= 18  -trace(H^{-1})=-4.561387e+00
[FW-A] iter= 19  -trace(H^{-1})=-4.493751e+00
[FW-A] iter= 20  -trace(H^{-1})=-4.409749e+00
[FW-A] iter= 21  -trace(H^{-1})=-4.383023e+00
[FW-A] iter= 22  -trace(H^{-1})=-4.638930e+00
[FW-A] iter= 23  -trace(H^{-1})=-4.605489e+00
[FW-A] iter= 24  -trace(H^{-1})=-4.579912e+00
[FW-A] iter= 25  -trace(H^{-1})=-4.448642e+00
[FW-A] iter= 26  -trace(H^{-1})=-4.478971e+00
[FW-A] iter= 27  -trace(H^{-1})=-4.291727e+00
[FW-A] iter= 28  -trace(H^{-1})=-4.208137e+00
[FW-A] iter= 29  -trace(H^{-1})=-4.200059e+00
[FW-A] iter= 30  -trace(H^{-1})=-4.241570e+00
[FW-A] iter= 31  -trace(H^{-1})=-4.289844e+00
[FW-A] iter= 32  -trace(H^{-1})=-4.356712e+00
[FW-A] iter= 33  -trace(H^{-1})=-4.459670e+00
[FW-A] iter= 34  -trace(H^{-1})=-4.478096e+00
[FW-A] iter= 35  -trace(H^{-1})=-4.318042e+00
[FW-A] iter= 36  -trace(H^{-1})=-4.340813e+00
[FW-A] iter= 37  -trace(H^{-1})=-4.233739e+00
[FW-A] iter= 38  -trace(H^{-1})=-4.200279e+00
[FW-A] iter= 39  -trace(H^{-1})=-4.196425e+00
[FW-A] iter= 40  -trace(H^{-1})=-4.303714e+00
[FW-A] iter= 41  -trace(H^{-1})=-4.407017e+00
[FW-A] iter= 42  -trace(H^{-1})=-4.489120e+00
[FW-A] iter= 43  -trace(H^{-1})=-4.415231e+00
[FW-A] iter= 44  -trace(H^{-1})=-4.368832e+00
[FW-A] iter= 45  -trace(H^{-1})=-4.402591e+00
[FW-A] iter= 46  -trace(H^{-1})=-4.547300e+00
[FW-A] iter= 47  -trace(H^{-1})=-4.608090e+00
[FW-A] iter= 48  -trace(H^{-1})=-4.654987e+00
[FW-A] iter= 49  -trace(H^{-1})=-4.326559e+00
[FW-A] iter= 50  -trace(H^{-1})=-4.164281e+00
[FW-A] iter= 51  -trace(H^{-1})=-4.030089e+00
[FW-A] iter= 52  -trace(H^{-1})=-3.907559e+00
[FW-A] iter= 53  -trace(H^{-1})=-3.799650e+00
[FW-A] iter= 54  -trace(H^{-1})=-3.703126e+00
[FW-A] iter= 55  -trace(H^{-1})=-3.616876e+00
[FW-A] iter= 56  -trace(H^{-1})=-3.539360e+00
[FW-A] iter= 57  -trace(H^{-1})=-3.469530e+00
[FW-A] iter= 58  -trace(H^{-1})=-3.405630e+00
[FW-A] iter= 59  -trace(H^{-1})=-3.347427e+00
[FW-A] iter= 60  -trace(H^{-1})=-3.294207e+00
[FW-A] iter= 61  -trace(H^{-1})=-3.245550e+00
[FW-A] iter= 62  -trace(H^{-1})=-3.200484e+00
[FW-A] iter= 63  -trace(H^{-1})=-3.159049e+00
[FW-A] iter= 64  -trace(H^{-1})=-3.120376e+00
[FW-A] iter= 65  -trace(H^{-1})=-3.084445e+00
[FW-A] iter= 66  -trace(H^{-1})=-3.051098e+00
[FW-A] iter= 67  -trace(H^{-1})=-3.019928e+00
[FW-A] iter= 68  -trace(H^{-1})=-2.990847e+00
[FW-A] iter= 69  -trace(H^{-1})=-2.963490e+00
[FW-A] iter= 70  -trace(H^{-1})=-2.937939e+00
[FW-A] iter= 71  -trace(H^{-1})=-2.913758e+00
[FW-A] iter= 72  -trace(H^{-1})=-2.890962e+00
[FW-A] iter= 73  -trace(H^{-1})=-2.869558e+00
[FW-A] iter= 74  -trace(H^{-1})=-2.849193e+00
[FW-A] iter= 75  -trace(H^{-1})=-2.829970e+00
[FW-A] iter= 76  -trace(H^{-1})=-2.811800e+00
[FW-A] iter= 77  -trace(H^{-1})=-2.794664e+00
[FW-A] iter= 78  -trace(H^{-1})=-2.778323e+00
[FW-A] iter= 79  -trace(H^{-1})=-2.762889e+00
[FW-A] iter= 80  -trace(H^{-1})=-2.748097e+00
[FW-A] iter= 81  -trace(H^{-1})=-2.734019e+00
[FW-A] iter= 82  -trace(H^{-1})=-2.720652e+00
[FW-A] iter= 83  -trace(H^{-1})=-2.707880e+00
[FW-A] iter= 84  -trace(H^{-1})=-2.695724e+00
[FW-A] iter= 85  -trace(H^{-1})=-2.684053e+00
[FW-A] iter= 86  -trace(H^{-1})=-2.672960e+00
[FW-A] iter= 87  -trace(H^{-1})=-2.662260e+00
[FW-A] iter= 88  -trace(H^{-1})=-2.652004e+00
[FW-A] iter= 89  -trace(H^{-1})=-2.642223e+00
[FW-A] iter= 90  -trace(H^{-1})=-2.632762e+00
[FW-A] iter= 91  -trace(H^{-1})=-2.623701e+00
[FW-A] iter= 92  -trace(H^{-1})=-2.615016e+00
[FW-A] iter= 93  -trace(H^{-1})=-2.606718e+00
[FW-A] iter= 94  -trace(H^{-1})=-2.598694e+00
[FW-A] iter= 95  -trace(H^{-1})=-2.591030e+00
[FW-A] iter= 96  -trace(H^{-1})=-2.583585e+00
[FW-A] iter= 97  -trace(H^{-1})=-2.576420e+00
[FW-A] iter= 98  -trace(H^{-1})=-2.569544e+00
[FW-A] iter= 99  -trace(H^{-1})=-2.562899e+00
[FW-A] iter=100  -trace(H^{-1})=-2.556514e+00
[FW-A] iter=101  -trace(H^{-1})=-2.550316e+00
[FW-A] iter=102  -trace(H^{-1})=-2.544376e+00
[FW-A] iter=103  -trace(H^{-1})=-2.538582e+00
[FW-A] iter=104  -trace(H^{-1})=-2.532980e+00
[FW-A] iter=105  -trace(H^{-1})=-2.527596e+00
[FW-A] iter=106  -trace(H^{-1})=-2.522335e+00
[FW-A] iter=107  -trace(H^{-1})=-2.517257e+00
[FW-A] iter=108  -trace(H^{-1})=-2.512352e+00
[FW-A] iter=109  -trace(H^{-1})=-2.507633e+00
[FW-A] iter=110  -trace(H^{-1})=-2.503030e+00
[FW-A] iter=111  -trace(H^{-1})=-2.498608e+00
[FW-A] iter=112  -trace(H^{-1})=-2.494274e+00
[FW-A] iter=113  -trace(H^{-1})=-2.490077e+00
[FW-A] iter=114  -trace(H^{-1})=-2.486024e+00
[FW-A] iter=115  -trace(H^{-1})=-2.482079e+00
[FW-A] iter=116  -trace(H^{-1})=-2.478269e+00
[FW-A] iter=117  -trace(H^{-1})=-2.474541e+00
[FW-A] iter=118  -trace(H^{-1})=-2.470918e+00
[FW-A] iter=119  -trace(H^{-1})=-2.467409e+00
[FW-A] iter=120  -trace(H^{-1})=-2.463971e+00
[FW-A] iter=121  -trace(H^{-1})=-2.460637e+00
[FW-A] iter=122  -trace(H^{-1})=-2.457402e+00
[FW-A] iter=123  -trace(H^{-1})=-2.454268e+00
[FW-A] iter=124  -trace(H^{-1})=-2.451207e+00
[FW-A] iter=125  -trace(H^{-1})=-2.448245e+00
[FW-A] iter=126  -trace(H^{-1})=-2.445337e+00
[FW-A] iter=127  -trace(H^{-1})=-2.442535e+00
[FW-A] iter=128  -trace(H^{-1})=-2.439770e+00
[FW-A] iter=129  -trace(H^{-1})=-2.437080e+00
[FW-A] iter=130  -trace(H^{-1})=-2.434475e+00
[FW-A] iter=131  -trace(H^{-1})=-2.431925e+00
[FW-A] iter=132  -trace(H^{-1})=-2.429455e+00
[FW-A] iter=133  -trace(H^{-1})=-2.427024e+00
[FW-A] iter=134  -trace(H^{-1})=-2.424652e+00
[FW-A] iter=135  -trace(H^{-1})=-2.422347e+00
[FW-A] iter=136  -trace(H^{-1})=-2.420076e+00
[FW-A] iter=137  -trace(H^{-1})=-2.417866e+00
[FW-A] iter=138  -trace(H^{-1})=-2.415715e+00
[FW-A] iter=139  -trace(H^{-1})=-2.413625e+00
[FW-A] iter=140  -trace(H^{-1})=-2.411573e+00
[FW-A] iter=141  -trace(H^{-1})=-2.409584e+00
[FW-A] iter=142  -trace(H^{-1})=-2.407620e+00
[FW-A] iter=143  -trace(H^{-1})=-2.405726e+00
[FW-A] iter=144  -trace(H^{-1})=-2.403846e+00
[FW-A] iter=145  -trace(H^{-1})=-2.402012e+00
[FW-A] iter=146  -trace(H^{-1})=-2.400232e+00
[FW-A] iter=147  -trace(H^{-1})=-2.398481e+00
[FW-A] iter=148  -trace(H^{-1})=-2.396783e+00
[FW-A] iter=149  -trace(H^{-1})=-2.395103e+00
[FW-A] iter=150  -trace(H^{-1})=-2.393460e+00
[FW-A] iter=151  -trace(H^{-1})=-2.391860e+00
[FW-A] iter=152  -trace(H^{-1})=-2.390276e+00
[FW-A] iter=153  -trace(H^{-1})=-2.388731e+00
[FW-A] iter=154  -trace(H^{-1})=-2.387223e+00
[FW-A] iter=155  -trace(H^{-1})=-2.385755e+00
[FW-A] iter=156  -trace(H^{-1})=-2.384309e+00
[FW-A] iter=157  -trace(H^{-1})=-2.382905e+00
[FW-A] iter=158  -trace(H^{-1})=-2.381513e+00
[FW-A] iter=159  -trace(H^{-1})=-2.380152e+00
[FW-A] iter=160  -trace(H^{-1})=-2.378823e+00
[FW-A] iter=161  -trace(H^{-1})=-2.377519e+00
[FW-A] iter=162  -trace(H^{-1})=-2.376247e+00
[FW-A] iter=163  -trace(H^{-1})=-2.374990e+00
[FW-A] iter=164  -trace(H^{-1})=-2.373770e+00
[FW-A] iter=165  -trace(H^{-1})=-2.372558e+00
[FW-A] iter=166  -trace(H^{-1})=-2.371370e+00
[FW-A] iter=167  -trace(H^{-1})=-2.370212e+00
[FW-A] iter=168  -trace(H^{-1})=-2.369061e+00
[FW-A] iter=169  -trace(H^{-1})=-2.367936e+00
[FW-A] iter=170  -trace(H^{-1})=-2.366835e+00
[FW-A] iter=171  -trace(H^{-1})=-2.365764e+00
[FW-A] iter=172  -trace(H^{-1})=-2.364704e+00
[FW-A] iter=173  -trace(H^{-1})=-2.363675e+00
[FW-A] iter=174  -trace(H^{-1})=-2.362650e+00
[FW-A] iter=175  -trace(H^{-1})=-2.361646e+00
[FW-A] iter=176  -trace(H^{-1})=-2.360666e+00
[FW-A] iter=177  -trace(H^{-1})=-2.359700e+00
[FW-A] iter=178  -trace(H^{-1})=-2.358758e+00
[FW-A] iter=179  -trace(H^{-1})=-2.357823e+00
[FW-A] iter=180  -trace(H^{-1})=-2.356917e+00
[FW-A] iter=181  -trace(H^{-1})=-2.356012e+00
[FW-A] iter=182  -trace(H^{-1})=-2.355123e+00
[FW-A] iter=183  -trace(H^{-1})=-2.354258e+00
[FW-A] iter=184  -trace(H^{-1})=-2.353393e+00
[FW-A] iter=185  -trace(H^{-1})=-2.352547e+00
[FW-A] iter=186  -trace(H^{-1})=-2.351718e+00
[FW-A] iter=187  -trace(H^{-1})=-2.350912e+00
[FW-A] iter=188  -trace(H^{-1})=-2.350110e+00
[FW-A] iter=189  -trace(H^{-1})=-2.349333e+00
[FW-A] iter=190  -trace(H^{-1})=-2.348556e+00
[FW-A] iter=191  -trace(H^{-1})=-2.347793e+00
[FW-A] iter=192  -trace(H^{-1})=-2.347048e+00
[FW-A] iter=193  -trace(H^{-1})=-2.346313e+00
[FW-A] iter=194  -trace(H^{-1})=-2.345595e+00
[FW-A] iter=195  -trace(H^{-1})=-2.344880e+00
[FW-A] iter=196  -trace(H^{-1})=-2.344177e+00
[FW-A] iter=197  -trace(H^{-1})=-2.343488e+00
[FW-A] iter=198  -trace(H^{-1})=-2.342802e+00
[FW-A] iter=199  -trace(H^{-1})=-2.342129e+00
[FW-A] iter=200  -trace(H^{-1})=-2.341470e+00
[FW-A] iter=201  -trace(H^{-1})=-2.340825e+00
[FW-A] iter=202  -trace(H^{-1})=-2.340186e+00
[FW-A] iter=203  -trace(H^{-1})=-2.339564e+00
[FW-A] iter=204  -trace(H^{-1})=-2.338942e+00
[FW-A] iter=205  -trace(H^{-1})=-2.338341e+00
[FW-A] iter=206  -trace(H^{-1})=-2.337736e+00
[FW-A] iter=207  -trace(H^{-1})=-2.337143e+00
[FW-A] iter=208  -trace(H^{-1})=-2.336564e+00
[FW-A] iter=209  -trace(H^{-1})=-2.335990e+00
[FW-A] iter=210  -trace(H^{-1})=-2.335430e+00
[FW-A] iter=211  -trace(H^{-1})=-2.334871e+00
[FW-A] iter=212  -trace(H^{-1})=-2.334320e+00
[FW-A] iter=213  -trace(H^{-1})=-2.333781e+00
[FW-A] iter=214  -trace(H^{-1})=-2.333241e+00
[FW-A] iter=215  -trace(H^{-1})=-2.332712e+00
[FW-A] iter=216  -trace(H^{-1})=-2.332193e+00
[FW-A] iter=217  -trace(H^{-1})=-2.331686e+00
[FW-A] iter=218  -trace(H^{-1})=-2.331181e+00
[FW-A] iter=219  -trace(H^{-1})=-2.330690e+00
[FW-A] iter=220  -trace(H^{-1})=-2.330199e+00
[FW-A] iter=221  -trace(H^{-1})=-2.329715e+00
[FW-A] iter=222  -trace(H^{-1})=-2.329237e+00
[FW-A] iter=223  -trace(H^{-1})=-2.328767e+00
[FW-A] iter=224  -trace(H^{-1})=-2.328306e+00
[FW-A] iter=225  -trace(H^{-1})=-2.327849e+00
[FW-A] iter=226  -trace(H^{-1})=-2.327403e+00
[FW-A] iter=227  -trace(H^{-1})=-2.326958e+00
[FW-A] iter=228  -trace(H^{-1})=-2.326526e+00
[FW-A] iter=229  -trace(H^{-1})=-2.326091e+00
[FW-A] iter=230  -trace(H^{-1})=-2.325663e+00
[FW-A] iter=231  -trace(H^{-1})=-2.325244e+00
[FW-A] iter=232  -trace(H^{-1})=-2.324829e+00
[FW-A] iter=233  -trace(H^{-1})=-2.324424e+00
[FW-A] iter=234  -trace(H^{-1})=-2.324019e+00
[FW-A] iter=235  -trace(H^{-1})=-2.323618e+00
[FW-A] iter=236  -trace(H^{-1})=-2.323225e+00
[FW-A] iter=237  -trace(H^{-1})=-2.322832e+00
[FW-A] iter=238  -trace(H^{-1})=-2.322445e+00
[FW-A] iter=239  -trace(H^{-1})=-2.322066e+00
[FW-A] iter=240  -trace(H^{-1})=-2.321694e+00
[FW-A] iter=241  -trace(H^{-1})=-2.321325e+00
[FW-A] iter=242  -trace(H^{-1})=-2.320964e+00
[FW-A] iter=243  -trace(H^{-1})=-2.320603e+00
[FW-A] iter=244  -trace(H^{-1})=-2.320253e+00
[FW-A] iter=245  -trace(H^{-1})=-2.319900e+00
[FW-A] iter=246  -trace(H^{-1})=-2.319551e+00
[FW-A] iter=247  -trace(H^{-1})=-2.319212e+00
[FW-A] iter=248  -trace(H^{-1})=-2.318874e+00
[FW-A] iter=249  -trace(H^{-1})=-2.318544e+00
[FW-A] iter=250  -trace(H^{-1})=-2.318213e+00
[FW-A] iter=251  -trace(H^{-1})=-2.317886e+00
[FW-A] iter=252  -trace(H^{-1})=-2.317566e+00
[FW-A] iter=253  -trace(H^{-1})=-2.317243e+00
[FW-A] iter=254  -trace(H^{-1})=-2.316927e+00
[FW-A] iter=255  -trace(H^{-1})=-2.316615e+00
[FW-A] iter=256  -trace(H^{-1})=-2.316311e+00
[FW-A] iter=257  -trace(H^{-1})=-2.316008e+00
[FW-A] iter=258  -trace(H^{-1})=-2.315713e+00
[FW-A] iter=259  -trace(H^{-1})=-2.315415e+00
[FW-A] iter=260  -trace(H^{-1})=-2.315122e+00
[FW-A] iter=261  -trace(H^{-1})=-2.314835e+00
[FW-A] iter=262  -trace(H^{-1})=-2.314550e+00
[FW-A] iter=263  -trace(H^{-1})=-2.314270e+00
[FW-A] iter=264  -trace(H^{-1})=-2.313991e+00
[FW-A] iter=265  -trace(H^{-1})=-2.313720e+00
[FW-A] iter=266  -trace(H^{-1})=-2.313446e+00
[FW-A] iter=267  -trace(H^{-1})=-2.313175e+00
[FW-A] iter=268  -trace(H^{-1})=-2.312910e+00
[FW-A] iter=269  -trace(H^{-1})=-2.312643e+00
[FW-A] iter=270  -trace(H^{-1})=-2.312380e+00
[FW-A] iter=271  -trace(H^{-1})=-2.312122e+00
[FW-A] iter=272  -trace(H^{-1})=-2.311869e+00
[FW-A] iter=273  -trace(H^{-1})=-2.311617e+00
[FW-A] iter=274  -trace(H^{-1})=-2.311372e+00
[FW-A] iter=275  -trace(H^{-1})=-2.311125e+00
[FW-A] iter=276  -trace(H^{-1})=-2.310880e+00
[FW-A] iter=277  -trace(H^{-1})=-2.310641e+00
[FW-A] iter=278  -trace(H^{-1})=-2.310404e+00
[FW-A] iter=279  -trace(H^{-1})=-2.310171e+00
[FW-A] iter=280  -trace(H^{-1})=-2.309938e+00
[FW-A] iter=281  -trace(H^{-1})=-2.309711e+00
[FW-A] iter=282  -trace(H^{-1})=-2.309482e+00
[FW-A] iter=283  -trace(H^{-1})=-2.309255e+00
[FW-A] iter=284  -trace(H^{-1})=-2.309034e+00
[FW-A] iter=285  -trace(H^{-1})=-2.308809e+00
[FW-A] iter=286  -trace(H^{-1})=-2.308589e+00
[FW-A] iter=287  -trace(H^{-1})=-2.308372e+00
[FW-A] iter=288  -trace(H^{-1})=-2.308160e+00
[FW-A] iter=289  -trace(H^{-1})=-2.307948e+00
[FW-A] iter=290  -trace(H^{-1})=-2.307743e+00
[FW-A] iter=291  -trace(H^{-1})=-2.307534e+00
[FW-A] iter=292  -trace(H^{-1})=-2.307328e+00
[FW-A] iter=293  -trace(H^{-1})=-2.307127e+00
[FW-A] iter=294  -trace(H^{-1})=-2.306927e+00
[FW-A] iter=295  -trace(H^{-1})=-2.306731e+00
[FW-A] iter=296  -trace(H^{-1})=-2.306534e+00
[FW-A] iter=297  -trace(H^{-1})=-2.306339e+00
[FW-A] iter=298  -trace(H^{-1})=-2.306147e+00
[FW-A] iter=299  -trace(H^{-1})=-2.305953e+00
  [fw-a] min_eig=6.5366e-01  heldout=0.7434  (2.3s)
[FW-D] Building 720 candidate information matrices...
Building FIM:   0%|          | 0/720 [00:00<?, ?candidate/s]Building FIM:  62%|██████▏   | 448/720 [00:00<00:00, 4050.57candidate/s]Building FIM: 100%|██████████| 720/720 [00:00<00:00, 5314.14candidate/s]
[FW-D] Done. Starting Frank-Wolfe D-optimal (select_k=15)...
[FW-D] Pre-extracting dense blocks (intr_dim=9, num_poses=720)...
[FW-D] Block extraction done. Starting iterations...
[FW-D] iter=  0  logdet=7.974974e+01
[FW-D] iter=  1  logdet=7.793841e+01
[FW-D] iter=  2  logdet=8.083768e+01
[FW-D] iter=  3  logdet=7.912984e+01
[FW-D] iter=  4  logdet=7.896925e+01
[FW-D] iter=  5  logdet=7.856981e+01
[FW-D] iter=  6  logdet=7.874740e+01
[FW-D] iter=  7  logdet=7.854414e+01
[FW-D] iter=  8  logdet=7.845695e+01
[FW-D] iter=  9  logdet=7.859607e+01
[FW-D] iter= 10  logdet=7.869144e+01
[FW-D] iter= 11  logdet=7.894975e+01
[FW-D] iter= 12  logdet=7.891189e+01
[FW-D] iter= 13  logdet=7.878105e+01
[FW-D] iter= 14  logdet=7.879968e+01
[FW-D] iter= 15  logdet=7.878061e+01
[FW-D] iter= 16  logdet=7.922344e+01
[FW-D] iter= 17  logdet=7.962794e+01
[FW-D] iter= 18  logdet=7.979516e+01
[FW-D] iter= 19  logdet=7.990879e+01
[FW-D] iter= 20  logdet=8.002631e+01
[FW-D] iter= 21  logdet=7.996923e+01
[FW-D] iter= 22  logdet=7.990026e+01
[FW-D] iter= 23  logdet=7.991559e+01
[FW-D] iter= 24  logdet=7.989596e+01
[FW-D] iter= 25  logdet=8.003150e+01
[FW-D] iter= 26  logdet=8.004843e+01
[FW-D] iter= 27  logdet=8.012309e+01
[FW-D] iter= 28  logdet=8.017302e+01
[FW-D] iter= 29  logdet=8.018709e+01
[FW-D] iter= 30  logdet=8.014773e+01
[FW-D] iter= 31  logdet=8.008809e+01
[FW-D] iter= 32  logdet=8.002543e+01
[FW-D] iter= 33  logdet=7.993110e+01
[FW-D] iter= 34  logdet=7.990389e+01
[FW-D] iter= 35  logdet=7.995047e+01
[FW-D] iter= 36  logdet=7.987778e+01
[FW-D] iter= 37  logdet=7.989705e+01
[FW-D] iter= 38  logdet=7.986472e+01
[FW-D] iter= 39  logdet=7.978440e+01
[FW-D] iter= 40  logdet=7.973110e+01
[FW-D] iter= 41  logdet=7.968416e+01
[FW-D] iter= 42  logdet=7.964211e+01
[FW-D] iter= 43  logdet=7.967393e+01
[FW-D] iter= 44  logdet=7.968715e+01
[FW-D] iter= 45  logdet=7.961669e+01
[FW-D] iter= 46  logdet=7.947962e+01
[FW-D] iter= 47  logdet=7.936963e+01
[FW-D] iter= 48  logdet=7.923704e+01
[FW-D] iter= 49  logdet=7.953512e+01
[FW-D] iter= 50  logdet=7.978468e+01
[FW-D] iter= 51  logdet=7.999696e+01
[FW-D] iter= 52  logdet=8.018180e+01
[FW-D] iter= 53  logdet=8.034438e+01
[FW-D] iter= 54  logdet=8.048847e+01
[FW-D] iter= 55  logdet=8.061792e+01
[FW-D] iter= 56  logdet=8.073631e+01
[FW-D] iter= 57  logdet=8.084497e+01
[FW-D] iter= 58  logdet=8.094629e+01
[FW-D] iter= 59  logdet=8.104145e+01
[FW-D] iter= 60  logdet=8.113063e+01
[FW-D] iter= 61  logdet=8.121422e+01
[FW-D] iter= 62  logdet=8.129307e+01
[FW-D] iter= 63  logdet=8.136726e+01
[FW-D] iter= 64  logdet=8.143723e+01
[FW-D] iter= 65  logdet=8.150348e+01
[FW-D] iter= 66  logdet=8.156612e+01
[FW-D] iter= 67  logdet=8.162558e+01
[FW-D] iter= 68  logdet=8.168194e+01
[FW-D] iter= 69  logdet=8.173555e+01
[FW-D] iter= 70  logdet=8.178652e+01
[FW-D] iter= 71  logdet=8.183505e+01
[FW-D] iter= 72  logdet=8.188119e+01
[FW-D] iter= 73  logdet=8.192522e+01
[FW-D] iter= 74  logdet=8.196735e+01
[FW-D] iter= 75  logdet=8.200753e+01
[FW-D] iter= 76  logdet=8.204594e+01
[FW-D] iter= 77  logdet=8.208269e+01
[FW-D] iter= 78  logdet=8.211784e+01
[FW-D] iter= 79  logdet=8.215155e+01
[FW-D] iter= 80  logdet=8.218380e+01
[FW-D] iter= 81  logdet=8.221484e+01
[FW-D] iter= 82  logdet=8.224459e+01
[FW-D] iter= 83  logdet=8.227317e+01
[FW-D] iter= 84  logdet=8.230065e+01
[FW-D] iter= 85  logdet=8.232708e+01
[FW-D] iter= 86  logdet=8.235248e+01
[FW-D] iter= 87  logdet=8.237691e+01
[FW-D] iter= 88  logdet=8.240053e+01
[FW-D] iter= 89  logdet=8.242321e+01
[FW-D] iter= 90  logdet=8.244511e+01
[FW-D] iter= 91  logdet=8.246625e+01
[FW-D] iter= 92  logdet=8.248666e+01
[FW-D] iter= 93  logdet=8.250635e+01
[FW-D] iter= 94  logdet=8.252539e+01
[FW-D] iter= 95  logdet=8.254375e+01
[FW-D] iter= 96  logdet=8.256154e+01
[FW-D] iter= 97  logdet=8.257872e+01
[FW-D] iter= 98  logdet=8.259534e+01
[FW-D] iter= 99  logdet=8.261142e+01
[FW-D] iter=100  logdet=8.262702e+01
[FW-D] iter=101  logdet=8.264213e+01
[FW-D] iter=102  logdet=8.265676e+01
[FW-D] iter=103  logdet=8.267092e+01
[FW-D] iter=104  logdet=8.268468e+01
[FW-D] iter=105  logdet=8.269802e+01
[FW-D] iter=106  logdet=8.271095e+01
[FW-D] iter=107  logdet=8.272351e+01
[FW-D] iter=108  logdet=8.273569e+01
[FW-D] iter=109  logdet=8.274754e+01
[FW-D] iter=110  logdet=8.275904e+01
[FW-D] iter=111  logdet=8.277024e+01
[FW-D] iter=112  logdet=8.278110e+01
[FW-D] iter=113  logdet=8.279168e+01
[FW-D] iter=114  logdet=8.280195e+01
[FW-D] iter=115  logdet=8.281194e+01
[FW-D] iter=116  logdet=8.282167e+01
[FW-D] iter=117  logdet=8.283115e+01
[FW-D] iter=118  logdet=8.284038e+01
[FW-D] iter=119  logdet=8.284936e+01
[FW-D] iter=120  logdet=8.285810e+01
[FW-D] iter=121  logdet=8.286663e+01
[FW-D] iter=122  logdet=8.287494e+01
[FW-D] iter=123  logdet=8.288303e+01
[FW-D] iter=124  logdet=8.289092e+01
[FW-D] iter=125  logdet=8.289861e+01
[FW-D] iter=126  logdet=8.290612e+01
[FW-D] iter=127  logdet=8.291344e+01
[FW-D] iter=128  logdet=8.292059e+01
[FW-D] iter=129  logdet=8.292757e+01
[FW-D] iter=130  logdet=8.293440e+01
[FW-D] iter=131  logdet=8.294105e+01
[FW-D] iter=132  logdet=8.294754e+01
[FW-D] iter=133  logdet=8.295388e+01
[FW-D] iter=134  logdet=8.296008e+01
[FW-D] iter=135  logdet=8.296613e+01
[FW-D] iter=136  logdet=8.297206e+01
[FW-D] iter=137  logdet=8.297784e+01
[FW-D] iter=138  logdet=8.298351e+01
[FW-D] iter=139  logdet=8.298904e+01
[FW-D] iter=140  logdet=8.299444e+01
[FW-D] iter=141  logdet=8.299974e+01
[FW-D] iter=142  logdet=8.300492e+01
[FW-D] iter=143  logdet=8.300999e+01
[FW-D] iter=144  logdet=8.301495e+01
[FW-D] iter=145  logdet=8.301980e+01
[FW-D] iter=146  logdet=8.302456e+01
[FW-D] iter=147  logdet=8.302921e+01
[FW-D] iter=148  logdet=8.303376e+01
[FW-D] iter=149  logdet=8.303822e+01
[FW-D] iter=150  logdet=8.304259e+01
[FW-D] iter=151  logdet=8.304688e+01
[FW-D] iter=152  logdet=8.305107e+01
[FW-D] iter=153  logdet=8.305519e+01
[FW-D] iter=154  logdet=8.305922e+01
[FW-D] iter=155  logdet=8.306318e+01
[FW-D] iter=156  logdet=8.306705e+01
[FW-D] iter=157  logdet=8.307085e+01
[FW-D] iter=158  logdet=8.307457e+01
[FW-D] iter=159  logdet=8.307823e+01
[FW-D] iter=160  logdet=8.308181e+01
[FW-D] iter=161  logdet=8.308533e+01
[FW-D] iter=162  logdet=8.308877e+01
[FW-D] iter=163  logdet=8.309217e+01
[FW-D] iter=164  logdet=8.309548e+01
[FW-D] iter=165  logdet=8.309874e+01
[FW-D] iter=166  logdet=8.310194e+01
[FW-D] iter=167  logdet=8.310509e+01
[FW-D] iter=168  logdet=8.310818e+01
[FW-D] iter=169  logdet=8.311121e+01
[FW-D] iter=170  logdet=8.311418e+01
[FW-D] iter=171  logdet=8.311710e+01
[FW-D] iter=172  logdet=8.311997e+01
[FW-D] iter=173  logdet=8.312279e+01
[FW-D] iter=174  logdet=8.312556e+01
[FW-D] iter=175  logdet=8.312828e+01
[FW-D] iter=176  logdet=8.313096e+01
[FW-D] iter=177  logdet=8.313358e+01
[FW-D] iter=178  logdet=8.313617e+01
[FW-D] iter=179  logdet=8.313871e+01
[FW-D] iter=180  logdet=8.314122e+01
[FW-D] iter=181  logdet=8.314367e+01
[FW-D] iter=182  logdet=8.314608e+01
[FW-D] iter=183  logdet=8.314846e+01
[FW-D] iter=184  logdet=8.315080e+01
[FW-D] iter=185  logdet=8.315309e+01
[FW-D] iter=186  logdet=8.315535e+01
[FW-D] iter=187  logdet=8.315757e+01
[FW-D] iter=188  logdet=8.315976e+01
[FW-D] iter=189  logdet=8.316191e+01
[FW-D] iter=190  logdet=8.316403e+01
[FW-D] iter=191  logdet=8.316611e+01
[FW-D] iter=192  logdet=8.316817e+01
[FW-D] iter=193  logdet=8.317019e+01
[FW-D] iter=194  logdet=8.317218e+01
[FW-D] iter=195  logdet=8.317413e+01
[FW-D] iter=196  logdet=8.317605e+01
[FW-D] iter=197  logdet=8.317795e+01
[FW-D] iter=198  logdet=8.317982e+01
[FW-D] iter=199  logdet=8.318166e+01
[FW-D] iter=200  logdet=8.318346e+01
[FW-D] iter=201  logdet=8.318525e+01
[FW-D] iter=202  logdet=8.318701e+01
[FW-D] iter=203  logdet=8.318874e+01
[FW-D] iter=204  logdet=8.319044e+01
[FW-D] iter=205  logdet=8.319212e+01
[FW-D] iter=206  logdet=8.319378e+01
[FW-D] iter=207  logdet=8.319541e+01
[FW-D] iter=208  logdet=8.319702e+01
[FW-D] iter=209  logdet=8.319860e+01
[FW-D] iter=210  logdet=8.320016e+01
[FW-D] iter=211  logdet=8.320170e+01
[FW-D] iter=212  logdet=8.320322e+01
[FW-D] iter=213  logdet=8.320471e+01
[FW-D] iter=214  logdet=8.320619e+01
[FW-D] iter=215  logdet=8.320764e+01
[FW-D] iter=216  logdet=8.320907e+01
[FW-D] iter=217  logdet=8.321049e+01
[FW-D] iter=218  logdet=8.321188e+01
[FW-D] iter=219  logdet=8.321326e+01
[FW-D] iter=220  logdet=8.321461e+01
[FW-D] iter=221  logdet=8.321594e+01
[FW-D] iter=222  logdet=8.321727e+01
[FW-D] iter=223  logdet=8.321857e+01
[FW-D] iter=224  logdet=8.321985e+01
[FW-D] iter=225  logdet=8.322111e+01
[FW-D] iter=226  logdet=8.322236e+01
[FW-D] iter=227  logdet=8.322359e+01
[FW-D] iter=228  logdet=8.322481e+01
[FW-D] iter=229  logdet=8.322601e+01
[FW-D] iter=230  logdet=8.322719e+01
[FW-D] iter=231  logdet=8.322836e+01
[FW-D] iter=232  logdet=8.322951e+01
[FW-D] iter=233  logdet=8.323065e+01
[FW-D] iter=234  logdet=8.323178e+01
[FW-D] iter=235  logdet=8.323289e+01
[FW-D] iter=236  logdet=8.323398e+01
[FW-D] iter=237  logdet=8.323506e+01
[FW-D] iter=238  logdet=8.323613e+01
[FW-D] iter=239  logdet=8.323718e+01
[FW-D] iter=240  logdet=8.323822e+01
[FW-D] iter=241  logdet=8.323925e+01
[FW-D] iter=242  logdet=8.324026e+01
[FW-D] iter=243  logdet=8.324127e+01
[FW-D] iter=244  logdet=8.324225e+01
[FW-D] iter=245  logdet=8.324324e+01
[FW-D] iter=246  logdet=8.324420e+01
[FW-D] iter=247  logdet=8.324515e+01
[FW-D] iter=248  logdet=8.324610e+01
[FW-D] iter=249  logdet=8.324703e+01
[FW-D] iter=250  logdet=8.324795e+01
[FW-D] iter=251  logdet=8.324886e+01
[FW-D] iter=252  logdet=8.324975e+01
[FW-D] iter=253  logdet=8.325064e+01
[FW-D] iter=254  logdet=8.325152e+01
[FW-D] iter=255  logdet=8.325238e+01
[FW-D] iter=256  logdet=8.325324e+01
[FW-D] iter=257  logdet=8.325409e+01
[FW-D] iter=258  logdet=8.325492e+01
[FW-D] iter=259  logdet=8.325575e+01
[FW-D] iter=260  logdet=8.325657e+01
[FW-D] iter=261  logdet=8.325737e+01
[FW-D] iter=262  logdet=8.325817e+01
[FW-D] iter=263  logdet=8.325896e+01
[FW-D] iter=264  logdet=8.325974e+01
[FW-D] iter=265  logdet=8.326050e+01
[FW-D] iter=266  logdet=8.326127e+01
[FW-D] iter=267  logdet=8.326202e+01
[FW-D] iter=268  logdet=8.326277e+01
[FW-D] iter=269  logdet=8.326350e+01
[FW-D] iter=270  logdet=8.326423e+01
[FW-D] iter=271  logdet=8.326495e+01
[FW-D] iter=272  logdet=8.326567e+01
[FW-D] iter=273  logdet=8.326637e+01
[FW-D] iter=274  logdet=8.326707e+01
[FW-D] iter=275  logdet=8.326776e+01
[FW-D] iter=276  logdet=8.326844e+01
[FW-D] iter=277  logdet=8.326911e+01
[FW-D] iter=278  logdet=8.326978e+01
[FW-D] iter=279  logdet=8.327044e+01
[FW-D] iter=280  logdet=8.327109e+01
[FW-D] iter=281  logdet=8.327174e+01
[FW-D] iter=282  logdet=8.327238e+01
[FW-D] iter=283  logdet=8.327301e+01
[FW-D] iter=284  logdet=8.327364e+01
[FW-D] iter=285  logdet=8.327425e+01
[FW-D] iter=286  logdet=8.327486e+01
[FW-D] iter=287  logdet=8.327547e+01
[FW-D] iter=288  logdet=8.327607e+01
[FW-D] iter=289  logdet=8.327666e+01
[FW-D] iter=290  logdet=8.327725e+01
[FW-D] iter=291  logdet=8.327783e+01
[FW-D] iter=292  logdet=8.327840e+01
[FW-D] iter=293  logdet=8.327897e+01
[FW-D] iter=294  logdet=8.327954e+01
[FW-D] iter=295  logdet=8.328010e+01
[FW-D] iter=296  logdet=8.328065e+01
[FW-D] iter=297  logdet=8.328119e+01
[FW-D] iter=298  logdet=8.328173e+01
[FW-D] iter=299  logdet=8.328227e+01
  [fw-d] min_eig=5.5747e-01  heldout=1.1857  (2.5s)

============================================================
K = 20  (held-out = 700 frames)
  [random] 25 trials...
  [coverage] min_eig=3.0680e-01  heldout=1.7326  (0.0s)
  [a-optimal] min_eig=8.5131e-01  heldout=0.8930  (4.2s)
  [d-optimal] min_eig=6.9069e-01  heldout=1.2477  (3.8s)
  [greedy-e] min_eig=8.4200e-01  heldout=0.8296  (3.9s)
[FW] Building 720 candidate information matrices...
Building FIM:   0%|          | 0/720 [00:00<?, ?candidate/s]Building FIM:  62%|██████▏   | 448/720 [00:00<00:00, 4331.81candidate/s]Building FIM: 100%|██████████| 720/720 [00:00<00:00, 5311.17candidate/s]
[FW] Done. Starting Frank-Wolfe optimization (select_k=20)...
[FW] Pre-extracting dense blocks (intr_dim=9, num_poses=720)...
[FW] Block extraction done. Starting iterations...
[FW] iter=  0  min_eig=4.050056e-01
[FW] iter=  1  min_eig=2.353052e-03
[FW] iter=  2  min_eig=2.479817e-01
[FW] iter=  3  min_eig=2.795693e-01
[FW] iter=  4  min_eig=3.095468e-01
[FW] iter=  5  min_eig=2.699913e-01
[FW] iter=  6  min_eig=2.373960e-01
[FW] iter=  7  min_eig=2.171019e-01
[FW] iter=  8  min_eig=1.962145e-01
[FW] iter=  9  min_eig=2.153628e-01
[FW] iter= 10  min_eig=2.049640e-01
[FW] iter= 11  min_eig=2.068431e-01
[FW] iter= 12  min_eig=2.929105e-01
[FW] iter= 13  min_eig=3.653763e-01
[FW] iter= 14  min_eig=3.761498e-01
[FW] iter= 15  min_eig=3.852383e-01
[FW] iter= 16  min_eig=3.802841e-01
[FW] iter= 17  min_eig=3.690902e-01
[FW] iter= 18  min_eig=3.727963e-01
[FW] iter= 19  min_eig=3.881265e-01
[FW] iter= 20  min_eig=4.014188e-01
[FW] iter= 21  min_eig=4.135878e-01
[FW] iter= 22  min_eig=4.190201e-01
[FW] iter= 23  min_eig=4.105477e-01
[FW] iter= 24  min_eig=3.994695e-01
[FW] iter= 25  min_eig=3.920577e-01
[FW] iter= 26  min_eig=4.030942e-01
[FW] iter= 27  min_eig=4.062050e-01
[FW] iter= 28  min_eig=4.174135e-01
[FW] iter= 29  min_eig=4.241625e-01
[FW] iter= 30  min_eig=4.155727e-01
[FW] iter= 31  min_eig=3.927872e-01
[FW] iter= 32  min_eig=3.945754e-01
[FW] iter= 33  min_eig=4.014113e-01
[FW] iter= 34  min_eig=3.930332e-01
[FW] iter= 35  min_eig=3.769387e-01
[FW] iter= 36  min_eig=3.730244e-01
[FW] iter= 37  min_eig=4.193729e-01
[FW] iter= 38  min_eig=4.427527e-01
[FW] iter= 39  min_eig=4.640799e-01
[FW] iter= 40  min_eig=4.835919e-01
[FW] iter= 41  min_eig=5.023754e-01
[FW] iter= 42  min_eig=5.191628e-01
[FW] iter= 43  min_eig=5.353467e-01
[FW] iter= 44  min_eig=5.498936e-01
[FW] iter= 45  min_eig=5.639498e-01
[FW] iter= 46  min_eig=5.771735e-01
[FW] iter= 47  min_eig=5.897382e-01
[FW] iter= 48  min_eig=6.015990e-01
[FW] iter= 49  min_eig=6.127215e-01
[FW] iter= 50  min_eig=6.231642e-01
[FW] iter= 51  min_eig=6.329999e-01
[FW] iter= 52  min_eig=6.422628e-01
[FW] iter= 53  min_eig=6.509598e-01
[FW] iter= 54  min_eig=6.592344e-01
[FW] iter= 55  min_eig=6.670496e-01
[FW] iter= 56  min_eig=6.744422e-01
[FW] iter= 57  min_eig=6.814460e-01
[FW] iter= 58  min_eig=6.880874e-01
[FW] iter= 59  min_eig=6.943887e-01
[FW] iter= 60  min_eig=7.003572e-01
[FW] iter= 61  min_eig=7.060676e-01
[FW] iter= 62  min_eig=7.114964e-01
[FW] iter= 63  min_eig=7.166674e-01
[FW] iter= 64  min_eig=7.215938e-01
[FW] iter= 65  min_eig=7.262633e-01
[FW] iter= 66  min_eig=7.307648e-01
[FW] iter= 67  min_eig=7.350591e-01
[FW] iter= 68  min_eig=7.391646e-01
[FW] iter= 69  min_eig=7.430898e-01
[FW] iter= 70  min_eig=7.468478e-01
[FW] iter= 71  min_eig=7.504434e-01
[FW] iter= 72  min_eig=7.538776e-01
[FW] iter= 73  min_eig=7.571936e-01
[FW] iter= 74  min_eig=7.603729e-01
[FW] iter= 75  min_eig=7.634246e-01
[FW] iter= 76  min_eig=7.663559e-01
[FW] iter= 77  min_eig=7.691705e-01
[FW] iter= 78  min_eig=7.718641e-01
[FW] iter= 79  min_eig=7.744775e-01
[FW] iter= 80  min_eig=7.769908e-01
[FW] iter= 81  min_eig=7.794095e-01
[FW] iter= 82  min_eig=7.817411e-01
[FW] iter= 83  min_eig=7.839873e-01
[FW] iter= 84  min_eig=7.861516e-01
[FW] iter= 85  min_eig=7.882320e-01
[FW] iter= 86  min_eig=7.902546e-01
[FW] iter= 87  min_eig=7.922056e-01
[FW] iter= 88  min_eig=7.940891e-01
[FW] iter= 89  min_eig=7.959105e-01
[FW] iter= 90  min_eig=7.976693e-01
[FW] iter= 91  min_eig=7.993584e-01
[FW] iter= 92  min_eig=8.010110e-01
[FW] iter= 93  min_eig=8.026068e-01
[FW] iter= 94  min_eig=8.041526e-01
[FW] iter= 95  min_eig=8.056484e-01
[FW] iter= 96  min_eig=8.070961e-01
[FW] iter= 97  min_eig=8.084896e-01
[FW] iter= 98  min_eig=8.098553e-01
[FW] iter= 99  min_eig=8.111780e-01
[FW] iter=100  min_eig=8.124602e-01
[FW] iter=101  min_eig=8.137049e-01
[FW] iter=102  min_eig=8.149120e-01
[FW] iter=103  min_eig=8.160832e-01
[FW] iter=104  min_eig=8.172138e-01
[FW] iter=105  min_eig=8.183236e-01
[FW] iter=106  min_eig=8.194002e-01
[FW] iter=107  min_eig=8.204465e-01
[FW] iter=108  min_eig=8.214625e-01
[FW] iter=109  min_eig=8.224512e-01
[FW] iter=110  min_eig=8.234034e-01
[FW] iter=111  min_eig=8.243435e-01
[FW] iter=112  min_eig=8.252559e-01
[FW] iter=113  min_eig=8.261441e-01
[FW] iter=114  min_eig=8.270085e-01
[FW] iter=115  min_eig=8.278494e-01
[FW] iter=116  min_eig=8.286606e-01
[FW] iter=117  min_eig=8.294628e-01
[FW] iter=118  min_eig=8.302431e-01
[FW] iter=119  min_eig=8.310034e-01
[FW] iter=120  min_eig=8.317444e-01
[FW] iter=121  min_eig=8.324663e-01
[FW] iter=122  min_eig=8.331701e-01
[FW] iter=123  min_eig=8.338514e-01
[FW] iter=124  min_eig=8.345248e-01
[FW] iter=125  min_eig=8.351803e-01
[FW] iter=126  min_eig=8.358208e-01
[FW] iter=127  min_eig=8.364453e-01
[FW] iter=128  min_eig=8.370551e-01
[FW] iter=129  min_eig=8.376504e-01
[FW] iter=130  min_eig=8.382266e-01
[FW] iter=131  min_eig=8.387982e-01
[FW] iter=132  min_eig=8.393549e-01
[FW] iter=133  min_eig=8.398990e-01
[FW] iter=134  min_eig=8.404302e-01
[FW] iter=135  min_eig=8.409495e-01
[FW] iter=136  min_eig=8.414518e-01
[FW] iter=137  min_eig=8.419516e-01
[FW] iter=138  min_eig=8.424390e-01
[FW] iter=139  min_eig=8.429156e-01
[FW] iter=140  min_eig=8.433815e-01
[FW] iter=141  min_eig=8.438375e-01
[FW] iter=142  min_eig=8.442782e-01
[FW] iter=143  min_eig=8.447173e-01
[FW] iter=144  min_eig=8.451462e-01
[FW] iter=145  min_eig=8.455662e-01
[FW] iter=146  min_eig=8.459769e-01
[FW] iter=147  min_eig=8.463794e-01
[FW] iter=148  min_eig=8.467734e-01
[FW] iter=149  min_eig=8.471553e-01
[FW] iter=150  min_eig=8.475357e-01
[FW] iter=151  min_eig=8.479074e-01
[FW] iter=152  min_eig=8.482718e-01
[FW] iter=153  min_eig=8.486282e-01
[FW] iter=154  min_eig=8.489783e-01
[FW] iter=155  min_eig=8.493169e-01
[FW] iter=156  min_eig=8.496552e-01
[FW] iter=157  min_eig=8.499858e-01
[FW] iter=158  min_eig=8.503105e-01
[FW] iter=159  min_eig=8.506286e-01
[FW] iter=160  min_eig=8.509402e-01
[FW] iter=161  min_eig=8.512421e-01
[FW] iter=162  min_eig=8.515440e-01
[FW] iter=163  min_eig=8.518398e-01
[FW] iter=164  min_eig=8.521296e-01
[FW] iter=165  min_eig=8.524146e-01
[FW] iter=166  min_eig=8.526940e-01
[FW] iter=167  min_eig=8.529678e-01
[FW] iter=168  min_eig=8.532340e-01
[FW] iter=169  min_eig=8.534996e-01
[FW] iter=170  min_eig=8.537604e-01
[FW] iter=171  min_eig=8.540160e-01
[FW] iter=172  min_eig=8.542672e-01
[FW] iter=173  min_eig=8.545141e-01
[FW] iter=174  min_eig=8.547560e-01
[FW] iter=175  min_eig=8.549919e-01
[FW] iter=176  min_eig=8.552272e-01
[FW] iter=177  min_eig=8.554581e-01
[FW] iter=178  min_eig=8.556845e-01
[FW] iter=179  min_eig=8.559074e-01
[FW] iter=180  min_eig=8.561263e-01
[FW] iter=181  min_eig=8.563413e-01
[FW] iter=182  min_eig=8.565511e-01
[FW] iter=183  min_eig=8.567605e-01
[FW] iter=184  min_eig=8.569658e-01
[FW] iter=185  min_eig=8.571676e-01
[FW] iter=186  min_eig=8.573658e-01
[FW] iter=187  min_eig=8.575580e-01
[FW] iter=188  min_eig=8.577511e-01
[FW] iter=189  min_eig=8.579410e-01
[FW] iter=190  min_eig=8.581276e-01
[FW] iter=191  min_eig=8.583109e-01
[FW] iter=192  min_eig=8.584915e-01
[FW] iter=193  min_eig=8.586690e-01
[FW] iter=194  min_eig=8.588436e-01
[FW] iter=195  min_eig=8.590141e-01
[FW] iter=196  min_eig=8.591845e-01
[FW] iter=197  min_eig=8.593518e-01
[FW] iter=198  min_eig=8.595165e-01
[FW] iter=199  min_eig=8.596782e-01
[FW] iter=200  min_eig=8.598351e-01
[FW] iter=201  min_eig=8.599934e-01
[FW] iter=202  min_eig=8.601486e-01
[FW] iter=203  min_eig=8.603015e-01
[FW] iter=204  min_eig=8.604523e-01
[FW] iter=205  min_eig=8.606004e-01
[FW] iter=206  min_eig=8.607464e-01
[FW] iter=207  min_eig=8.608882e-01
[FW] iter=208  min_eig=8.610308e-01
[FW] iter=209  min_eig=8.611710e-01
[FW] iter=210  min_eig=8.613091e-01
[FW] iter=211  min_eig=8.614452e-01
[FW] iter=212  min_eig=8.615791e-01
[FW] iter=213  min_eig=8.617111e-01
[FW] iter=214  min_eig=8.618395e-01
[FW] iter=215  min_eig=8.619687e-01
[FW] iter=216  min_eig=8.620956e-01
[FW] iter=217  min_eig=8.622208e-01
[FW] iter=218  min_eig=8.623441e-01
[FW] iter=219  min_eig=8.624655e-01
[FW] iter=220  min_eig=8.625833e-01
[FW] iter=221  min_eig=8.627023e-01
[FW] iter=222  min_eig=8.628194e-01
[FW] iter=223  min_eig=8.629347e-01
[FW] iter=224  min_eig=8.630485e-01
[FW] iter=225  min_eig=8.631605e-01
[FW] iter=226  min_eig=8.632709e-01
[FW] iter=227  min_eig=8.633785e-01
[FW] iter=228  min_eig=8.634869e-01
[FW] iter=229  min_eig=8.635933e-01
[FW] iter=230  min_eig=8.636985e-01
[FW] iter=231  min_eig=8.638020e-01
[FW] iter=232  min_eig=8.639042e-01
[FW] iter=233  min_eig=8.640034e-01
[FW] iter=234  min_eig=8.641036e-01
[FW] iter=235  min_eig=8.642022e-01
[FW] iter=236  min_eig=8.642996e-01
[FW] iter=237  min_eig=8.643956e-01
[FW] iter=238  min_eig=8.644903e-01
[FW] iter=239  min_eig=8.645836e-01
[FW] iter=240  min_eig=8.646746e-01
[FW] iter=241  min_eig=8.647664e-01
[FW] iter=242  min_eig=8.648567e-01
[FW] iter=243  min_eig=8.649458e-01
[FW] iter=244  min_eig=8.650335e-01
[FW] iter=245  min_eig=8.651204e-01
[FW] iter=246  min_eig=8.652044e-01
[FW] iter=247  min_eig=8.652898e-01
[FW] iter=248  min_eig=8.653737e-01
[FW] iter=249  min_eig=8.654566e-01
[FW] iter=250  min_eig=8.655384e-01
[FW] iter=251  min_eig=8.656191e-01
[FW] iter=252  min_eig=8.656987e-01
[FW] iter=253  min_eig=8.657762e-01
[FW] iter=254  min_eig=8.658547e-01
[FW] iter=255  min_eig=8.659319e-01
[FW] iter=256  min_eig=8.660081e-01
[FW] iter=257  min_eig=8.660832e-01
[FW] iter=258  min_eig=8.661576e-01
[FW] iter=259  min_eig=8.662294e-01
[FW] iter=260  min_eig=8.663027e-01
[FW] iter=261  min_eig=8.663748e-01
[FW] iter=262  min_eig=8.664459e-01
[FW] iter=263  min_eig=8.665162e-01
[FW] iter=264  min_eig=8.665855e-01
[FW] iter=265  min_eig=8.666541e-01
[FW] iter=266  min_eig=8.667204e-01
[FW] iter=267  min_eig=8.667881e-01
[FW] iter=268  min_eig=8.668547e-01
[FW] iter=269  min_eig=8.669204e-01
[FW] iter=270  min_eig=8.669852e-01
[FW] iter=271  min_eig=8.670494e-01
[FW] iter=272  min_eig=8.671113e-01
[FW] iter=273  min_eig=8.671746e-01
[FW] iter=274  min_eig=8.672368e-01
[FW] iter=275  min_eig=8.672984e-01
[FW] iter=276  min_eig=8.673592e-01
[FW] iter=277  min_eig=8.674192e-01
[FW] iter=278  min_eig=8.674772e-01
[FW] iter=279  min_eig=8.675364e-01
[FW] iter=280  min_eig=8.675949e-01
[FW] iter=281  min_eig=8.676526e-01
[FW] iter=282  min_eig=8.677095e-01
[FW] iter=283  min_eig=8.677659e-01
[FW] iter=284  min_eig=8.678216e-01
[FW] iter=285  min_eig=8.678766e-01
[FW] iter=286  min_eig=8.679304e-01
[FW] iter=287  min_eig=8.679848e-01
[FW] iter=288  min_eig=8.680383e-01
[FW] iter=289  min_eig=8.680912e-01
[FW] iter=290  min_eig=8.681436e-01
[FW] iter=291  min_eig=8.681940e-01
[FW] iter=292  min_eig=8.682458e-01
[FW] iter=293  min_eig=8.682968e-01
[FW] iter=294  min_eig=8.683471e-01
[FW] iter=295  min_eig=8.683969e-01
[FW] iter=296  min_eig=8.684463e-01
[FW] iter=297  min_eig=8.684948e-01
[FW] iter=298  min_eig=8.685419e-01
[FW] iter=299  min_eig=8.685901e-01
  [fw-e] min_eig=8.7370e-01  heldout=0.9041  (2.2s)
[FW-A] Building 720 candidate information matrices...
Building FIM:   0%|          | 0/720 [00:00<?, ?candidate/s]Building FIM:  62%|██████▏   | 448/720 [00:00<00:00, 3956.31candidate/s]Building FIM: 100%|██████████| 720/720 [00:00<00:00, 4345.93candidate/s]
[FW-A] Done. Starting Frank-Wolfe A-optimal (select_k=20)...
[FW-A] Pre-extracting dense blocks (intr_dim=9, num_poses=720)...
[FW-A] Block extraction done. Starting iterations...
[FW-A] iter=  0  -trace(H^{-1})=-3.316159e+00
[FW-A] iter=  1  -trace(H^{-1})=-4.253791e+02
[FW-A] iter=  2  -trace(H^{-1})=-4.972656e+00
[FW-A] iter=  3  -trace(H^{-1})=-4.669870e+00
[FW-A] iter=  4  -trace(H^{-1})=-4.200928e+00
[FW-A] iter=  5  -trace(H^{-1})=-4.408414e+00
[FW-A] iter=  6  -trace(H^{-1})=-4.753759e+00
[FW-A] iter=  7  -trace(H^{-1})=-4.943371e+00
[FW-A] iter=  8  -trace(H^{-1})=-5.124035e+00
[FW-A] iter=  9  -trace(H^{-1})=-5.155572e+00
[FW-A] iter= 10  -trace(H^{-1})=-5.495880e+00
[FW-A] iter= 11  -trace(H^{-1})=-5.518461e+00
[FW-A] iter= 12  -trace(H^{-1})=-4.800988e+00
[FW-A] iter= 13  -trace(H^{-1})=-3.745722e+00
[FW-A] iter= 14  -trace(H^{-1})=-3.563054e+00
[FW-A] iter= 15  -trace(H^{-1})=-3.401074e+00
[FW-A] iter= 16  -trace(H^{-1})=-3.383635e+00
[FW-A] iter= 17  -trace(H^{-1})=-3.554792e+00
[FW-A] iter= 18  -trace(H^{-1})=-3.598777e+00
[FW-A] iter= 19  -trace(H^{-1})=-3.432511e+00
[FW-A] iter= 20  -trace(H^{-1})=-3.361423e+00
[FW-A] iter= 21  -trace(H^{-1})=-3.226541e+00
[FW-A] iter= 22  -trace(H^{-1})=-3.243914e+00
[FW-A] iter= 23  -trace(H^{-1})=-3.261634e+00
[FW-A] iter= 24  -trace(H^{-1})=-3.330078e+00
[FW-A] iter= 25  -trace(H^{-1})=-3.399881e+00
[FW-A] iter= 26  -trace(H^{-1})=-3.290372e+00
[FW-A] iter= 27  -trace(H^{-1})=-3.311149e+00
[FW-A] iter= 28  -trace(H^{-1})=-3.218553e+00
[FW-A] iter= 29  -trace(H^{-1})=-3.185344e+00
[FW-A] iter= 30  -trace(H^{-1})=-3.263795e+00
[FW-A] iter= 31  -trace(H^{-1})=-3.379784e+00
[FW-A] iter= 32  -trace(H^{-1})=-3.362602e+00
[FW-A] iter= 33  -trace(H^{-1})=-3.301989e+00
[FW-A] iter= 34  -trace(H^{-1})=-3.361384e+00
[FW-A] iter= 35  -trace(H^{-1})=-3.480898e+00
[FW-A] iter= 36  -trace(H^{-1})=-3.510427e+00
[FW-A] iter= 37  -trace(H^{-1})=-3.231953e+00
[FW-A] iter= 38  -trace(H^{-1})=-3.079712e+00
[FW-A] iter= 39  -trace(H^{-1})=-2.958812e+00
[FW-A] iter= 40  -trace(H^{-1})=-2.855261e+00
[FW-A] iter= 41  -trace(H^{-1})=-2.766064e+00
[FW-A] iter= 42  -trace(H^{-1})=-2.688378e+00
[FW-A] iter= 43  -trace(H^{-1})=-2.620431e+00
[FW-A] iter= 44  -trace(H^{-1})=-2.560002e+00
[FW-A] iter= 45  -trace(H^{-1})=-2.506332e+00
[FW-A] iter= 46  -trace(H^{-1})=-2.458334e+00
[FW-A] iter= 47  -trace(H^{-1})=-2.415116e+00
[FW-A] iter= 48  -trace(H^{-1})=-2.376214e+00
[FW-A] iter= 49  -trace(H^{-1})=-2.340626e+00
[FW-A] iter= 50  -trace(H^{-1})=-2.308247e+00
[FW-A] iter= 51  -trace(H^{-1})=-2.278681e+00
[FW-A] iter= 52  -trace(H^{-1})=-2.251574e+00
[FW-A] iter= 53  -trace(H^{-1})=-2.226512e+00
[FW-A] iter= 54  -trace(H^{-1})=-2.203422e+00
[FW-A] iter= 55  -trace(H^{-1})=-2.182140e+00
[FW-A] iter= 56  -trace(H^{-1})=-2.162243e+00
[FW-A] iter= 57  -trace(H^{-1})=-2.143779e+00
[FW-A] iter= 58  -trace(H^{-1})=-2.126595e+00
[FW-A] iter= 59  -trace(H^{-1})=-2.110534e+00
[FW-A] iter= 60  -trace(H^{-1})=-2.095594e+00
[FW-A] iter= 61  -trace(H^{-1})=-2.081464e+00
[FW-A] iter= 62  -trace(H^{-1})=-2.068229e+00
[FW-A] iter= 63  -trace(H^{-1})=-2.055812e+00
[FW-A] iter= 64  -trace(H^{-1})=-2.044142e+00
[FW-A] iter= 65  -trace(H^{-1})=-2.033079e+00
[FW-A] iter= 66  -trace(H^{-1})=-2.022656e+00
[FW-A] iter= 67  -trace(H^{-1})=-2.012858e+00
[FW-A] iter= 68  -trace(H^{-1})=-2.003497e+00
[FW-A] iter= 69  -trace(H^{-1})=-1.994648e+00
[FW-A] iter= 70  -trace(H^{-1})=-1.986271e+00
[FW-A] iter= 71  -trace(H^{-1})=-1.978328e+00
[FW-A] iter= 72  -trace(H^{-1})=-1.970738e+00
[FW-A] iter= 73  -trace(H^{-1})=-1.963532e+00
[FW-A] iter= 74  -trace(H^{-1})=-1.956706e+00
[FW-A] iter= 75  -trace(H^{-1})=-1.950139e+00
[FW-A] iter= 76  -trace(H^{-1})=-1.943888e+00
[FW-A] iter= 77  -trace(H^{-1})=-1.937928e+00
[FW-A] iter= 78  -trace(H^{-1})=-1.932228e+00
[FW-A] iter= 79  -trace(H^{-1})=-1.926815e+00
[FW-A] iter= 80  -trace(H^{-1})=-1.921575e+00
[FW-A] iter= 81  -trace(H^{-1})=-1.916570e+00
[FW-A] iter= 82  -trace(H^{-1})=-1.911786e+00
[FW-A] iter= 83  -trace(H^{-1})=-1.907208e+00
[FW-A] iter= 84  -trace(H^{-1})=-1.902786e+00
[FW-A] iter= 85  -trace(H^{-1})=-1.898551e+00
[FW-A] iter= 86  -trace(H^{-1})=-1.894510e+00
[FW-A] iter= 87  -trace(H^{-1})=-1.890581e+00
[FW-A] iter= 88  -trace(H^{-1})=-1.886812e+00
[FW-A] iter= 89  -trace(H^{-1})=-1.883195e+00
[FW-A] iter= 90  -trace(H^{-1})=-1.879718e+00
[FW-A] iter= 91  -trace(H^{-1})=-1.876346e+00
[FW-A] iter= 92  -trace(H^{-1})=-1.873105e+00
[FW-A] iter= 93  -trace(H^{-1})=-1.870001e+00
[FW-A] iter= 94  -trace(H^{-1})=-1.866971e+00
[FW-A] iter= 95  -trace(H^{-1})=-1.864056e+00
[FW-A] iter= 96  -trace(H^{-1})=-1.861245e+00
[FW-A] iter= 97  -trace(H^{-1})=-1.858526e+00
[FW-A] iter= 98  -trace(H^{-1})=-1.855921e+00
[FW-A] iter= 99  -trace(H^{-1})=-1.853368e+00
[FW-A] iter=100  -trace(H^{-1})=-1.850905e+00
[FW-A] iter=101  -trace(H^{-1})=-1.848529e+00
[FW-A] iter=102  -trace(H^{-1})=-1.846237e+00
[FW-A] iter=103  -trace(H^{-1})=-1.843998e+00
[FW-A] iter=104  -trace(H^{-1})=-1.841836e+00
[FW-A] iter=105  -trace(H^{-1})=-1.839759e+00
[FW-A] iter=106  -trace(H^{-1})=-1.837717e+00
[FW-A] iter=107  -trace(H^{-1})=-1.835744e+00
[FW-A] iter=108  -trace(H^{-1})=-1.833835e+00
[FW-A] iter=109  -trace(H^{-1})=-1.831988e+00
[FW-A] iter=110  -trace(H^{-1})=-1.830181e+00
[FW-A] iter=111  -trace(H^{-1})=-1.828431e+00
[FW-A] iter=112  -trace(H^{-1})=-1.826746e+00
[FW-A] iter=113  -trace(H^{-1})=-1.825086e+00
[FW-A] iter=114  -trace(H^{-1})=-1.823478e+00
[FW-A] iter=115  -trace(H^{-1})=-1.821919e+00
[FW-A] iter=116  -trace(H^{-1})=-1.820400e+00
[FW-A] iter=117  -trace(H^{-1})=-1.818923e+00
[FW-A] iter=118  -trace(H^{-1})=-1.817487e+00
[FW-A] iter=119  -trace(H^{-1})=-1.816100e+00
[FW-A] iter=120  -trace(H^{-1})=-1.814731e+00
[FW-A] iter=121  -trace(H^{-1})=-1.813403e+00
[FW-A] iter=122  -trace(H^{-1})=-1.812112e+00
[FW-A] iter=123  -trace(H^{-1})=-1.810853e+00
[FW-A] iter=124  -trace(H^{-1})=-1.809639e+00
[FW-A] iter=125  -trace(H^{-1})=-1.808436e+00
[FW-A] iter=126  -trace(H^{-1})=-1.807268e+00
[FW-A] iter=127  -trace(H^{-1})=-1.806134e+00
[FW-A] iter=128  -trace(H^{-1})=-1.805031e+00
[FW-A] iter=129  -trace(H^{-1})=-1.803945e+00
[FW-A] iter=130  -trace(H^{-1})=-1.802889e+00
[FW-A] iter=131  -trace(H^{-1})=-1.801869e+00
[FW-A] iter=132  -trace(H^{-1})=-1.800857e+00
[FW-A] iter=133  -trace(H^{-1})=-1.799873e+00
[FW-A] iter=134  -trace(H^{-1})=-1.798914e+00
[FW-A] iter=135  -trace(H^{-1})=-1.797976e+00
[FW-A] iter=136  -trace(H^{-1})=-1.797061e+00
[FW-A] iter=137  -trace(H^{-1})=-1.796167e+00
[FW-A] iter=138  -trace(H^{-1})=-1.795301e+00
[FW-A] iter=139  -trace(H^{-1})=-1.794441e+00
[FW-A] iter=140  -trace(H^{-1})=-1.793604e+00
[FW-A] iter=141  -trace(H^{-1})=-1.792787e+00
[FW-A] iter=142  -trace(H^{-1})=-1.791988e+00
[FW-A] iter=143  -trace(H^{-1})=-1.791215e+00
[FW-A] iter=144  -trace(H^{-1})=-1.790444e+00
[FW-A] iter=145  -trace(H^{-1})=-1.789694e+00
[FW-A] iter=146  -trace(H^{-1})=-1.788963e+00
[FW-A] iter=147  -trace(H^{-1})=-1.788250e+00
[FW-A] iter=148  -trace(H^{-1})=-1.787545e+00
[FW-A] iter=149  -trace(H^{-1})=-1.786857e+00
[FW-A] iter=150  -trace(H^{-1})=-1.786192e+00
[FW-A] iter=151  -trace(H^{-1})=-1.785528e+00
[FW-A] iter=152  -trace(H^{-1})=-1.784880e+00
[FW-A] iter=153  -trace(H^{-1})=-1.784248e+00
[FW-A] iter=154  -trace(H^{-1})=-1.783627e+00
[FW-A] iter=155  -trace(H^{-1})=-1.783019e+00
[FW-A] iter=156  -trace(H^{-1})=-1.782424e+00
[FW-A] iter=157  -trace(H^{-1})=-1.781846e+00
[FW-A] iter=158  -trace(H^{-1})=-1.781269e+00
[FW-A] iter=159  -trace(H^{-1})=-1.780707e+00
[FW-A] iter=160  -trace(H^{-1})=-1.780157e+00
[FW-A] iter=161  -trace(H^{-1})=-1.779616e+00
[FW-A] iter=162  -trace(H^{-1})=-1.779086e+00
[FW-A] iter=163  -trace(H^{-1})=-1.778567e+00
[FW-A] iter=164  -trace(H^{-1})=-1.778062e+00
[FW-A] iter=165  -trace(H^{-1})=-1.777558e+00
[FW-A] iter=166  -trace(H^{-1})=-1.777066e+00
[FW-A] iter=167  -trace(H^{-1})=-1.776584e+00
[FW-A] iter=168  -trace(H^{-1})=-1.776111e+00
[FW-A] iter=169  -trace(H^{-1})=-1.775652e+00
[FW-A] iter=170  -trace(H^{-1})=-1.775192e+00
[FW-A] iter=171  -trace(H^{-1})=-1.774743e+00
[FW-A] iter=172  -trace(H^{-1})=-1.774304e+00
[FW-A] iter=173  -trace(H^{-1})=-1.773871e+00
[FW-A] iter=174  -trace(H^{-1})=-1.773446e+00
[FW-A] iter=175  -trace(H^{-1})=-1.773029e+00
[FW-A] iter=176  -trace(H^{-1})=-1.772624e+00
[FW-A] iter=177  -trace(H^{-1})=-1.772219e+00
[FW-A] iter=178  -trace(H^{-1})=-1.771822e+00
[FW-A] iter=179  -trace(H^{-1})=-1.771433e+00
[FW-A] iter=180  -trace(H^{-1})=-1.771051e+00
[FW-A] iter=181  -trace(H^{-1})=-1.770674e+00
[FW-A] iter=182  -trace(H^{-1})=-1.770305e+00
[FW-A] iter=183  -trace(H^{-1})=-1.769946e+00
[FW-A] iter=184  -trace(H^{-1})=-1.769586e+00
[FW-A] iter=185  -trace(H^{-1})=-1.769234e+00
[FW-A] iter=186  -trace(H^{-1})=-1.768888e+00
[FW-A] iter=187  -trace(H^{-1})=-1.768548e+00
[FW-A] iter=188  -trace(H^{-1})=-1.768219e+00
[FW-A] iter=189  -trace(H^{-1})=-1.767887e+00
[FW-A] iter=190  -trace(H^{-1})=-1.767562e+00
[FW-A] iter=191  -trace(H^{-1})=-1.767244e+00
[FW-A] iter=192  -trace(H^{-1})=-1.766930e+00
[FW-A] iter=193  -trace(H^{-1})=-1.766622e+00
[FW-A] iter=194  -trace(H^{-1})=-1.766318e+00
[FW-A] iter=195  -trace(H^{-1})=-1.766023e+00
[FW-A] iter=196  -trace(H^{-1})=-1.765726e+00
[FW-A] iter=197  -trace(H^{-1})=-1.765436e+00
[FW-A] iter=198  -trace(H^{-1})=-1.765151e+00
[FW-A] iter=199  -trace(H^{-1})=-1.764870e+00
[FW-A] iter=200  -trace(H^{-1})=-1.764598e+00
[FW-A] iter=201  -trace(H^{-1})=-1.764323e+00
[FW-A] iter=202  -trace(H^{-1})=-1.764054e+00
[FW-A] iter=203  -trace(H^{-1})=-1.763790e+00
[FW-A] iter=204  -trace(H^{-1})=-1.763532e+00
[FW-A] iter=205  -trace(H^{-1})=-1.763274e+00
[FW-A] iter=206  -trace(H^{-1})=-1.763022e+00
[FW-A] iter=207  -trace(H^{-1})=-1.762777e+00
[FW-A] iter=208  -trace(H^{-1})=-1.762529e+00
[FW-A] iter=209  -trace(H^{-1})=-1.762287e+00
[FW-A] iter=210  -trace(H^{-1})=-1.762049e+00
[FW-A] iter=211  -trace(H^{-1})=-1.761814e+00
[FW-A] iter=212  -trace(H^{-1})=-1.761582e+00
[FW-A] iter=213  -trace(H^{-1})=-1.761354e+00
[FW-A] iter=214  -trace(H^{-1})=-1.761133e+00
[FW-A] iter=215  -trace(H^{-1})=-1.760909e+00
[FW-A] iter=216  -trace(H^{-1})=-1.760690e+00
[FW-A] iter=217  -trace(H^{-1})=-1.760475e+00
[FW-A] iter=218  -trace(H^{-1})=-1.760262e+00
[FW-A] iter=219  -trace(H^{-1})=-1.760053e+00
[FW-A] iter=220  -trace(H^{-1})=-1.759847e+00
[FW-A] iter=221  -trace(H^{-1})=-1.759646e+00
[FW-A] iter=222  -trace(H^{-1})=-1.759443e+00
[FW-A] iter=223  -trace(H^{-1})=-1.759244e+00
[FW-A] iter=224  -trace(H^{-1})=-1.759049e+00
[FW-A] iter=225  -trace(H^{-1})=-1.758856e+00
[FW-A] iter=226  -trace(H^{-1})=-1.758669e+00
[FW-A] iter=227  -trace(H^{-1})=-1.758479e+00
[FW-A] iter=228  -trace(H^{-1})=-1.758293e+00
[FW-A] iter=229  -trace(H^{-1})=-1.758111e+00
[FW-A] iter=230  -trace(H^{-1})=-1.757930e+00
[FW-A] iter=231  -trace(H^{-1})=-1.757752e+00
[FW-A] iter=232  -trace(H^{-1})=-1.757577e+00
[FW-A] iter=233  -trace(H^{-1})=-1.757406e+00
[FW-A] iter=234  -trace(H^{-1})=-1.757233e+00
[FW-A] iter=235  -trace(H^{-1})=-1.757064e+00
[FW-A] iter=236  -trace(H^{-1})=-1.756897e+00
[FW-A] iter=237  -trace(H^{-1})=-1.756733e+00
[FW-A] iter=238  -trace(H^{-1})=-1.756570e+00
[FW-A] iter=239  -trace(H^{-1})=-1.756410e+00
[FW-A] iter=240  -trace(H^{-1})=-1.756254e+00
[FW-A] iter=241  -trace(H^{-1})=-1.756096e+00
[FW-A] iter=242  -trace(H^{-1})=-1.755941e+00
[FW-A] iter=243  -trace(H^{-1})=-1.755789e+00
[FW-A] iter=244  -trace(H^{-1})=-1.755638e+00
[FW-A] iter=245  -trace(H^{-1})=-1.755492e+00
[FW-A] iter=246  -trace(H^{-1})=-1.755343e+00
[FW-A] iter=247  -trace(H^{-1})=-1.755198e+00
[FW-A] iter=248  -trace(H^{-1})=-1.755055e+00
[FW-A] iter=249  -trace(H^{-1})=-1.754913e+00
[FW-A] iter=250  -trace(H^{-1})=-1.754773e+00
[FW-A] iter=251  -trace(H^{-1})=-1.754635e+00
[FW-A] iter=252  -trace(H^{-1})=-1.754501e+00
[FW-A] iter=253  -trace(H^{-1})=-1.754364e+00
[FW-A] iter=254  -trace(H^{-1})=-1.754231e+00
[FW-A] iter=255  -trace(H^{-1})=-1.754099e+00
[FW-A] iter=256  -trace(H^{-1})=-1.753969e+00
[FW-A] iter=257  -trace(H^{-1})=-1.753840e+00
[FW-A] iter=258  -trace(H^{-1})=-1.753713e+00
[FW-A] iter=259  -trace(H^{-1})=-1.753590e+00
[FW-A] iter=260  -trace(H^{-1})=-1.753464e+00
[FW-A] iter=261  -trace(H^{-1})=-1.753341e+00
[FW-A] iter=262  -trace(H^{-1})=-1.753220e+00
[FW-A] iter=263  -trace(H^{-1})=-1.753100e+00
[FW-A] iter=264  -trace(H^{-1})=-1.752984e+00
[FW-A] iter=265  -trace(H^{-1})=-1.752865e+00
[FW-A] iter=266  -trace(H^{-1})=-1.752749e+00
[FW-A] iter=267  -trace(H^{-1})=-1.752635e+00
[FW-A] iter=268  -trace(H^{-1})=-1.752523e+00
[FW-A] iter=269  -trace(H^{-1})=-1.752410e+00
[FW-A] iter=270  -trace(H^{-1})=-1.752299e+00
[FW-A] iter=271  -trace(H^{-1})=-1.752192e+00
[FW-A] iter=272  -trace(H^{-1})=-1.752082e+00
[FW-A] iter=273  -trace(H^{-1})=-1.751975e+00
[FW-A] iter=274  -trace(H^{-1})=-1.751869e+00
[FW-A] iter=275  -trace(H^{-1})=-1.751764e+00
[FW-A] iter=276  -trace(H^{-1})=-1.751661e+00
[FW-A] iter=277  -trace(H^{-1})=-1.751558e+00
[FW-A] iter=278  -trace(H^{-1})=-1.751459e+00
[FW-A] iter=279  -trace(H^{-1})=-1.751357e+00
[FW-A] iter=280  -trace(H^{-1})=-1.751258e+00
[FW-A] iter=281  -trace(H^{-1})=-1.751160e+00
[FW-A] iter=282  -trace(H^{-1})=-1.751063e+00
[FW-A] iter=283  -trace(H^{-1})=-1.750967e+00
[FW-A] iter=284  -trace(H^{-1})=-1.750872e+00
[FW-A] iter=285  -trace(H^{-1})=-1.750780e+00
[FW-A] iter=286  -trace(H^{-1})=-1.750686e+00
[FW-A] iter=287  -trace(H^{-1})=-1.750593e+00
[FW-A] iter=288  -trace(H^{-1})=-1.750502e+00
[FW-A] iter=289  -trace(H^{-1})=-1.750412e+00
[FW-A] iter=290  -trace(H^{-1})=-1.750325e+00
[FW-A] iter=291  -trace(H^{-1})=-1.750236e+00
[FW-A] iter=292  -trace(H^{-1})=-1.750148e+00
[FW-A] iter=293  -trace(H^{-1})=-1.750062e+00
[FW-A] iter=294  -trace(H^{-1})=-1.749976e+00
[FW-A] iter=295  -trace(H^{-1})=-1.749891e+00
[FW-A] iter=296  -trace(H^{-1})=-1.749808e+00
[FW-A] iter=297  -trace(H^{-1})=-1.749727e+00
[FW-A] iter=298  -trace(H^{-1})=-1.749643e+00
[FW-A] iter=299  -trace(H^{-1})=-1.749562e+00
  [fw-a] min_eig=8.6089e-01  heldout=0.8193  (2.5s)
[FW-D] Building 720 candidate information matrices...
Building FIM:   0%|          | 0/720 [00:00<?, ?candidate/s]Building FIM:  62%|██████▏   | 448/720 [00:00<00:00, 3675.98candidate/s]Building FIM: 100%|██████████| 720/720 [00:00<00:00, 4245.61candidate/s]
[FW-D] Done. Starting Frank-Wolfe D-optimal (select_k=20)...
[FW-D] Pre-extracting dense blocks (intr_dim=9, num_poses=720)...
[FW-D] Block extraction done. Starting iterations...
[FW-D] iter=  0  logdet=8.233305e+01
[FW-D] iter=  1  logdet=8.325846e+01
[FW-D] iter=  2  logdet=8.320093e+01
[FW-D] iter=  3  logdet=8.196657e+01
[FW-D] iter=  4  logdet=8.142140e+01
[FW-D] iter=  5  logdet=8.156967e+01
[FW-D] iter=  6  logdet=8.135131e+01
[FW-D] iter=  7  logdet=8.145391e+01
[FW-D] iter=  8  logdet=8.149125e+01
[FW-D] iter=  9  logdet=8.166333e+01
[FW-D] iter= 10  logdet=8.149587e+01
[FW-D] iter= 11  logdet=8.149571e+01
[FW-D] iter= 12  logdet=8.169525e+01
[FW-D] iter= 13  logdet=8.217051e+01
[FW-D] iter= 14  logdet=8.232018e+01
[FW-D] iter= 15  logdet=8.247665e+01
[FW-D] iter= 16  logdet=8.245000e+01
[FW-D] iter= 17  logdet=8.239163e+01
[FW-D] iter= 18  logdet=8.236290e+01
[FW-D] iter= 19  logdet=8.257345e+01
[FW-D] iter= 20  logdet=8.259897e+01
[FW-D] iter= 21  logdet=8.268527e+01
[FW-D] iter= 22  logdet=8.268272e+01
[FW-D] iter= 23  logdet=8.264601e+01
[FW-D] iter= 24  logdet=8.255226e+01
[FW-D] iter= 25  logdet=8.246356e+01
[FW-D] iter= 26  logdet=8.249302e+01
[FW-D] iter= 27  logdet=8.241411e+01
[FW-D] iter= 28  logdet=8.241536e+01
[FW-D] iter= 29  logdet=8.234772e+01
[FW-D] iter= 30  logdet=8.228002e+01
[FW-D] iter= 31  logdet=8.221066e+01
[FW-D] iter= 32  logdet=8.220461e+01
[FW-D] iter= 33  logdet=8.224685e+01
[FW-D] iter= 34  logdet=8.214703e+01
[FW-D] iter= 35  logdet=8.195333e+01
[FW-D] iter= 36  logdet=8.180341e+01
[FW-D] iter= 37  logdet=8.216995e+01
[FW-D] iter= 38  logdet=8.246748e+01
[FW-D] iter= 39  logdet=8.271492e+01
[FW-D] iter= 40  logdet=8.292500e+01
[FW-D] iter= 41  logdet=8.310657e+01
[FW-D] iter= 42  logdet=8.326578e+01
[FW-D] iter= 43  logdet=8.340903e+01
[FW-D] iter= 44  logdet=8.353860e+01
[FW-D] iter= 45  logdet=8.365705e+01
[FW-D] iter= 46  logdet=8.376616e+01
[FW-D] iter= 47  logdet=8.386687e+01
[FW-D] iter= 48  logdet=8.396022e+01
[FW-D] iter= 49  logdet=8.404681e+01
[FW-D] iter= 50  logdet=8.412726e+01
[FW-D] iter= 51  logdet=8.420237e+01
[FW-D] iter= 52  logdet=8.427258e+01
[FW-D] iter= 53  logdet=8.433824e+01
[FW-D] iter= 54  logdet=8.439975e+01
[FW-D] iter= 55  logdet=8.445753e+01
[FW-D] iter= 56  logdet=8.451182e+01
[FW-D] iter= 57  logdet=8.456293e+01
[FW-D] iter= 58  logdet=8.461114e+01
[FW-D] iter= 59  logdet=8.465658e+01
[FW-D] iter= 60  logdet=8.469961e+01
[FW-D] iter= 61  logdet=8.474030e+01
[FW-D] iter= 62  logdet=8.477889e+01
[FW-D] iter= 63  logdet=8.481545e+01
[FW-D] iter= 64  logdet=8.485015e+01
[FW-D] iter= 65  logdet=8.488315e+01
[FW-D] iter= 66  logdet=8.491452e+01
[FW-D] iter= 67  logdet=8.494433e+01
[FW-D] iter= 68  logdet=8.497278e+01
[FW-D] iter= 69  logdet=8.499992e+01
[FW-D] iter= 70  logdet=8.502584e+01
[FW-D] iter= 71  logdet=8.505059e+01
[FW-D] iter= 72  logdet=8.507424e+01
[FW-D] iter= 73  logdet=8.509687e+01
[FW-D] iter= 74  logdet=8.511853e+01
[FW-D] iter= 75  logdet=8.513923e+01
[FW-D] iter= 76  logdet=8.515912e+01
[FW-D] iter= 77  logdet=8.517820e+01
[FW-D] iter= 78  logdet=8.519651e+01
[FW-D] iter= 79  logdet=8.521408e+01
[FW-D] iter= 80  logdet=8.523096e+01
[FW-D] iter= 81  logdet=8.524721e+01
[FW-D] iter= 82  logdet=8.526283e+01
[FW-D] iter= 83  logdet=8.527782e+01
[FW-D] iter= 84  logdet=8.529230e+01
[FW-D] iter= 85  logdet=8.530624e+01
[FW-D] iter= 86  logdet=8.531969e+01
[FW-D] iter= 87  logdet=8.533264e+01
[FW-D] iter= 88  logdet=8.534514e+01
[FW-D] iter= 89  logdet=8.535719e+01
[FW-D] iter= 90  logdet=8.536885e+01
[FW-D] iter= 91  logdet=8.538007e+01
[FW-D] iter= 92  logdet=8.539095e+01
[FW-D] iter= 93  logdet=8.540146e+01
[FW-D] iter= 94  logdet=8.541164e+01
[FW-D] iter= 95  logdet=8.542148e+01
[FW-D] iter= 96  logdet=8.543100e+01
[FW-D] iter= 97  logdet=8.544021e+01
[FW-D] iter= 98  logdet=8.544911e+01
[FW-D] iter= 99  logdet=8.545777e+01
[FW-D] iter=100  logdet=8.546616e+01
[FW-D] iter=101  logdet=8.547429e+01
[FW-D] iter=102  logdet=8.548218e+01
[FW-D] iter=103  logdet=8.548984e+01
[FW-D] iter=104  logdet=8.549726e+01
[FW-D] iter=105  logdet=8.550446e+01
[FW-D] iter=106  logdet=8.551146e+01
[FW-D] iter=107  logdet=8.551824e+01
[FW-D] iter=108  logdet=8.552485e+01
[FW-D] iter=109  logdet=8.553127e+01
[FW-D] iter=110  logdet=8.553752e+01
[FW-D] iter=111  logdet=8.554359e+01
[FW-D] iter=112  logdet=8.554950e+01
[FW-D] iter=113  logdet=8.555524e+01
[FW-D] iter=114  logdet=8.556083e+01
[FW-D] iter=115  logdet=8.556625e+01
[FW-D] iter=116  logdet=8.557154e+01
[FW-D] iter=117  logdet=8.557670e+01
[FW-D] iter=118  logdet=8.558174e+01
[FW-D] iter=119  logdet=8.558664e+01
[FW-D] iter=120  logdet=8.559141e+01
[FW-D] iter=121  logdet=8.559607e+01
[FW-D] iter=122  logdet=8.560059e+01
[FW-D] iter=123  logdet=8.560502e+01
[FW-D] iter=124  logdet=8.560934e+01
[FW-D] iter=125  logdet=8.561355e+01
[FW-D] iter=126  logdet=8.561766e+01
[FW-D] iter=127  logdet=8.562168e+01
[FW-D] iter=128  logdet=8.562560e+01
[FW-D] iter=129  logdet=8.562942e+01
[FW-D] iter=130  logdet=8.563314e+01
[FW-D] iter=131  logdet=8.563679e+01
[FW-D] iter=132  logdet=8.564036e+01
[FW-D] iter=133  logdet=8.564384e+01
[FW-D] iter=134  logdet=8.564724e+01
[FW-D] iter=135  logdet=8.565056e+01
[FW-D] iter=136  logdet=8.565382e+01
[FW-D] iter=137  logdet=8.565700e+01
[FW-D] iter=138  logdet=8.566012e+01
[FW-D] iter=139  logdet=8.566316e+01
[FW-D] iter=140  logdet=8.566614e+01
[FW-D] iter=141  logdet=8.566906e+01
[FW-D] iter=142  logdet=8.567190e+01
[FW-D] iter=143  logdet=8.567469e+01
[FW-D] iter=144  logdet=8.567742e+01
[FW-D] iter=145  logdet=8.568010e+01
[FW-D] iter=146  logdet=8.568272e+01
[FW-D] iter=147  logdet=8.568528e+01
[FW-D] iter=148  logdet=8.568780e+01
[FW-D] iter=149  logdet=8.569027e+01
[FW-D] iter=150  logdet=8.569268e+01
[FW-D] iter=151  logdet=8.569504e+01
[FW-D] iter=152  logdet=8.569736e+01
[FW-D] iter=153  logdet=8.569963e+01
[FW-D] iter=154  logdet=8.570186e+01
[FW-D] iter=155  logdet=8.570404e+01
[FW-D] iter=156  logdet=8.570619e+01
[FW-D] iter=157  logdet=8.570828e+01
[FW-D] iter=158  logdet=8.571034e+01
[FW-D] iter=159  logdet=8.571236e+01
[FW-D] iter=160  logdet=8.571434e+01
[FW-D] iter=161  logdet=8.571629e+01
[FW-D] iter=162  logdet=8.571820e+01
[FW-D] iter=163  logdet=8.572007e+01
[FW-D] iter=164  logdet=8.572191e+01
[FW-D] iter=165  logdet=8.572372e+01
[FW-D] iter=166  logdet=8.572549e+01
[FW-D] iter=167  logdet=8.572723e+01
[FW-D] iter=168  logdet=8.572894e+01
[FW-D] iter=169  logdet=8.573062e+01
[FW-D] iter=170  logdet=8.573227e+01
[FW-D] iter=171  logdet=8.573389e+01
[FW-D] iter=172  logdet=8.573548e+01
[FW-D] iter=173  logdet=8.573704e+01
[FW-D] iter=174  logdet=8.573858e+01
[FW-D] iter=175  logdet=8.574008e+01
[FW-D] iter=176  logdet=8.574157e+01
[FW-D] iter=177  logdet=8.574302e+01
[FW-D] iter=178  logdet=8.574446e+01
[FW-D] iter=179  logdet=8.574587e+01
[FW-D] iter=180  logdet=8.574726e+01
[FW-D] iter=181  logdet=8.574862e+01
[FW-D] iter=182  logdet=8.574996e+01
[FW-D] iter=183  logdet=8.575127e+01
[FW-D] iter=184  logdet=8.575257e+01
[FW-D] iter=185  logdet=8.575384e+01
[FW-D] iter=186  logdet=8.575510e+01
[FW-D] iter=187  logdet=8.575634e+01
[FW-D] iter=188  logdet=8.575755e+01
[FW-D] iter=189  logdet=8.575875e+01
[FW-D] iter=190  logdet=8.575993e+01
[FW-D] iter=191  logdet=8.576109e+01
[FW-D] iter=192  logdet=8.576222e+01
[FW-D] iter=193  logdet=8.576335e+01
[FW-D] iter=194  logdet=8.576445e+01
[FW-D] iter=195  logdet=8.576554e+01
[FW-D] iter=196  logdet=8.576661e+01
[FW-D] iter=197  logdet=8.576767e+01
[FW-D] iter=198  logdet=8.576870e+01
[FW-D] iter=199  logdet=8.576973e+01
[FW-D] iter=200  logdet=8.577073e+01
[FW-D] iter=201  logdet=8.577173e+01
[FW-D] iter=202  logdet=8.577271e+01
[FW-D] iter=203  logdet=8.577367e+01
[FW-D] iter=204  logdet=8.577462e+01
[FW-D] iter=205  logdet=8.577556e+01
[FW-D] iter=206  logdet=8.577648e+01
[FW-D] iter=207  logdet=8.577738e+01
[FW-D] iter=208  logdet=8.577828e+01
[FW-D] iter=209  logdet=8.577916e+01
[FW-D] iter=210  logdet=8.578003e+01
[FW-D] iter=211  logdet=8.578089e+01
[FW-D] iter=212  logdet=8.578174e+01
[FW-D] iter=213  logdet=8.578257e+01
[FW-D] iter=214  logdet=8.578339e+01
[FW-D] iter=215  logdet=8.578420e+01
[FW-D] iter=216  logdet=8.578500e+01
[FW-D] iter=217  logdet=8.578579e+01
[FW-D] iter=218  logdet=8.578656e+01
[FW-D] iter=219  logdet=8.578733e+01
[FW-D] iter=220  logdet=8.578808e+01
[FW-D] iter=221  logdet=8.578883e+01
[FW-D] iter=222  logdet=8.578957e+01
[FW-D] iter=223  logdet=8.579029e+01
[FW-D] iter=224  logdet=8.579100e+01
[FW-D] iter=225  logdet=8.579171e+01
[FW-D] iter=226  logdet=8.579241e+01
[FW-D] iter=227  logdet=8.579310e+01
[FW-D] iter=228  logdet=8.579377e+01
[FW-D] iter=229  logdet=8.579444e+01
[FW-D] iter=230  logdet=8.579511e+01
[FW-D] iter=231  logdet=8.579576e+01
[FW-D] iter=232  logdet=8.579640e+01
[FW-D] iter=233  logdet=8.579704e+01
[FW-D] iter=234  logdet=8.579766e+01
[FW-D] iter=235  logdet=8.579828e+01
[FW-D] iter=236  logdet=8.579889e+01
[FW-D] iter=237  logdet=8.579950e+01
[FW-D] iter=238  logdet=8.580009e+01
[FW-D] iter=239  logdet=8.580068e+01
[FW-D] iter=240  logdet=8.580126e+01
[FW-D] iter=241  logdet=8.580184e+01
[FW-D] iter=242  logdet=8.580240e+01
[FW-D] iter=243  logdet=8.580296e+01
[FW-D] iter=244  logdet=8.580351e+01
[FW-D] iter=245  logdet=8.580405e+01
[FW-D] iter=246  logdet=8.580460e+01
[FW-D] iter=247  logdet=8.580513e+01
[FW-D] iter=248  logdet=8.580566e+01
[FW-D] iter=249  logdet=8.580618e+01
[FW-D] iter=250  logdet=8.580669e+01
[FW-D] iter=251  logdet=8.580720e+01
[FW-D] iter=252  logdet=8.580770e+01
[FW-D] iter=253  logdet=8.580819e+01
[FW-D] iter=254  logdet=8.580868e+01
[FW-D] iter=255  logdet=8.580917e+01
[FW-D] iter=256  logdet=8.580964e+01
[FW-D] iter=257  logdet=8.581012e+01
[FW-D] iter=258  logdet=8.581058e+01
[FW-D] iter=259  logdet=8.581105e+01
[FW-D] iter=260  logdet=8.581150e+01
[FW-D] iter=261  logdet=8.581196e+01
[FW-D] iter=262  logdet=8.581240e+01
[FW-D] iter=263  logdet=8.581284e+01
[FW-D] iter=264  logdet=8.581328e+01
[FW-D] iter=265  logdet=8.581371e+01
[FW-D] iter=266  logdet=8.581413e+01
[FW-D] iter=267  logdet=8.581456e+01
[FW-D] iter=268  logdet=8.581497e+01
[FW-D] iter=269  logdet=8.581538e+01
[FW-D] iter=270  logdet=8.581579e+01
[FW-D] iter=271  logdet=8.581619e+01
[FW-D] iter=272  logdet=8.581659e+01
[FW-D] iter=273  logdet=8.581699e+01
[FW-D] iter=274  logdet=8.581738e+01
[FW-D] iter=275  logdet=8.581776e+01
[FW-D] iter=276  logdet=8.581814e+01
[FW-D] iter=277  logdet=8.581852e+01
[FW-D] iter=278  logdet=8.581889e+01
[FW-D] iter=279  logdet=8.581926e+01
[FW-D] iter=280  logdet=8.581962e+01
[FW-D] iter=281  logdet=8.581999e+01
[FW-D] iter=282  logdet=8.582035e+01
[FW-D] iter=283  logdet=8.582070e+01
[FW-D] iter=284  logdet=8.582105e+01
[FW-D] iter=285  logdet=8.582140e+01
[FW-D] iter=286  logdet=8.582174e+01
[FW-D] iter=287  logdet=8.582208e+01
[FW-D] iter=288  logdet=8.582241e+01
[FW-D] iter=289  logdet=8.582274e+01
[FW-D] iter=290  logdet=8.582307e+01
[FW-D] iter=291  logdet=8.582340e+01
[FW-D] iter=292  logdet=8.582372e+01
[FW-D] iter=293  logdet=8.582404e+01
[FW-D] iter=294  logdet=8.582435e+01
[FW-D] iter=295  logdet=8.582466e+01
[FW-D] iter=296  logdet=8.582497e+01
[FW-D] iter=297  logdet=8.582528e+01
[FW-D] iter=298  logdet=8.582558e+01
[FW-D] iter=299  logdet=8.582588e+01
  [fw-d] min_eig=7.2389e-01  heldout=1.3652  (2.9s)

============================================================
K = 30  (held-out = 690 frames)
  [random] 25 trials...
  [coverage] min_eig=5.2458e-01  heldout=1.8498  (0.0s)
  [a-optimal] min_eig=1.2541e+00  heldout=1.2118  (7.6s)
  [d-optimal] min_eig=1.0742e+00  heldout=0.6582  (7.4s)
  [greedy-e] min_eig=1.2456e+00  heldout=0.8660  (7.4s)
[FW] Building 720 candidate information matrices...
Building FIM:   0%|          | 0/720 [00:00<?, ?candidate/s]Building FIM:  98%|█████████▊| 704/720 [00:00<00:00, 4393.76candidate/s]Building FIM: 100%|██████████| 720/720 [00:00<00:00, 4481.45candidate/s]
[FW] Done. Starting Frank-Wolfe optimization (select_k=30)...
[FW] Pre-extracting dense blocks (intr_dim=9, num_poses=720)...
[FW] Block extraction done. Starting iterations...
[FW] iter=  0  min_eig=6.063151e-01
[FW] iter=  1  min_eig=2.354560e-03
[FW] iter=  2  min_eig=3.381394e-01
[FW] iter=  3  min_eig=5.192985e-01
[FW] iter=  4  min_eig=4.759555e-01
[FW] iter=  5  min_eig=4.323500e-01
[FW] iter=  6  min_eig=3.846861e-01
[FW] iter=  7  min_eig=3.569195e-01
[FW] iter=  8  min_eig=3.451221e-01
[FW] iter=  9  min_eig=5.552277e-01
[FW] iter= 10  min_eig=5.682633e-01
[FW] iter= 11  min_eig=5.567590e-01
[FW] iter= 12  min_eig=5.407381e-01
[FW] iter= 13  min_eig=5.619433e-01
[FW] iter= 14  min_eig=6.105902e-01
[FW] iter= 15  min_eig=6.045023e-01
[FW] iter= 16  min_eig=5.854629e-01
[FW] iter= 17  min_eig=5.640910e-01
[FW] iter= 18  min_eig=5.836614e-01
[FW] iter= 19  min_eig=6.140189e-01
[FW] iter= 20  min_eig=6.003193e-01
[FW] iter= 21  min_eig=5.620664e-01
[FW] iter= 22  min_eig=5.821484e-01
[FW] iter= 23  min_eig=5.554052e-01
[FW] iter= 24  min_eig=5.425695e-01
[FW] iter= 25  min_eig=6.312138e-01
[FW] iter= 26  min_eig=6.761855e-01
[FW] iter= 27  min_eig=7.186129e-01
[FW] iter= 28  min_eig=7.576246e-01
[FW] iter= 29  min_eig=7.921731e-01
[FW] iter= 30  min_eig=8.236145e-01
[FW] iter= 31  min_eig=8.518501e-01
[FW] iter= 32  min_eig=8.775729e-01
[FW] iter= 33  min_eig=9.009630e-01
[FW] iter= 34  min_eig=9.222757e-01
[FW] iter= 35  min_eig=9.418806e-01
[FW] iter= 36  min_eig=9.597369e-01
[FW] iter= 37  min_eig=9.762680e-01
[FW] iter= 38  min_eig=9.915016e-01
[FW] iter= 39  min_eig=1.005582e+00
[FW] iter= 40  min_eig=1.018586e+00
[FW] iter= 41  min_eig=1.030663e+00
[FW] iter= 42  min_eig=1.041899e+00
[FW] iter= 43  min_eig=1.052398e+00
[FW] iter= 44  min_eig=1.062227e+00
[FW] iter= 45  min_eig=1.071301e+00
[FW] iter= 46  min_eig=1.079878e+00
[FW] iter= 47  min_eig=1.087861e+00
[FW] iter= 48  min_eig=1.095375e+00
[FW] iter= 49  min_eig=1.102437e+00
[FW] iter= 50  min_eig=1.109133e+00
[FW] iter= 51  min_eig=1.115334e+00
[FW] iter= 52  min_eig=1.121271e+00
[FW] iter= 53  min_eig=1.126812e+00
[FW] iter= 54  min_eig=1.132088e+00
[FW] iter= 55  min_eig=1.137062e+00
[FW] iter= 56  min_eig=1.141833e+00
[FW] iter= 57  min_eig=1.146332e+00
[FW] iter= 58  min_eig=1.150600e+00
[FW] iter= 59  min_eig=1.154597e+00
[FW] iter= 60  min_eig=1.158445e+00
[FW] iter= 61  min_eig=1.162074e+00
[FW] iter= 62  min_eig=1.165595e+00
[FW] iter= 63  min_eig=1.168921e+00
[FW] iter= 64  min_eig=1.172057e+00
[FW] iter= 65  min_eig=1.175115e+00
[FW] iter= 66  min_eig=1.178008e+00
[FW] iter= 67  min_eig=1.180734e+00
[FW] iter= 68  min_eig=1.183407e+00
[FW] iter= 69  min_eig=1.185938e+00
[FW] iter= 70  min_eig=1.188324e+00
[FW] iter= 71  min_eig=1.190674e+00
[FW] iter= 72  min_eig=1.192888e+00
[FW] iter= 73  min_eig=1.195013e+00
[FW] iter= 74  min_eig=1.197073e+00
[FW] iter= 75  min_eig=1.199035e+00
[FW] iter= 76  min_eig=1.200929e+00
[FW] iter= 77  min_eig=1.202724e+00
[FW] iter= 78  min_eig=1.204493e+00
[FW] iter= 79  min_eig=1.206178e+00
[FW] iter= 80  min_eig=1.207775e+00
[FW] iter= 81  min_eig=1.209356e+00
[FW] iter= 82  min_eig=1.210863e+00
[FW] iter= 83  min_eig=1.212290e+00
[FW] iter= 84  min_eig=1.213710e+00
[FW] iter= 85  min_eig=1.215063e+00
[FW] iter= 86  min_eig=1.216343e+00
[FW] iter= 87  min_eig=1.217622e+00
[FW] iter= 88  min_eig=1.218842e+00
[FW] iter= 89  min_eig=1.220014e+00
[FW] iter= 90  min_eig=1.221153e+00
[FW] iter= 91  min_eig=1.222236e+00
[FW] iter= 92  min_eig=1.223316e+00
[FW] iter= 93  min_eig=1.224348e+00
[FW] iter= 94  min_eig=1.225328e+00
[FW] iter= 95  min_eig=1.226309e+00
[FW] iter= 96  min_eig=1.227249e+00
[FW] iter= 97  min_eig=1.228138e+00
[FW] iter= 98  min_eig=1.229033e+00
[FW] iter= 99  min_eig=1.229891e+00
[FW] iter=100  min_eig=1.230721e+00
[FW] iter=101  min_eig=1.231528e+00
[FW] iter=102  min_eig=1.232313e+00
[FW] iter=103  min_eig=1.233074e+00
[FW] iter=104  min_eig=1.233815e+00
[FW] iter=105  min_eig=1.234534e+00
[FW] iter=106  min_eig=1.235231e+00
[FW] iter=107  min_eig=1.235892e+00
[FW] iter=108  min_eig=1.236562e+00
[FW] iter=109  min_eig=1.237203e+00
[FW] iter=110  min_eig=1.237824e+00
[FW] iter=111  min_eig=1.238429e+00
[FW] iter=112  min_eig=1.239008e+00
[FW] iter=113  min_eig=1.239590e+00
[FW] iter=114  min_eig=1.240152e+00
[FW] iter=115  min_eig=1.240699e+00
[FW] iter=116  min_eig=1.241233e+00
[FW] iter=117  min_eig=1.241752e+00
[FW] iter=118  min_eig=1.242255e+00
[FW] iter=119  min_eig=1.242745e+00
[FW] iter=120  min_eig=1.243216e+00
[FW] iter=121  min_eig=1.243689e+00
[FW] iter=122  min_eig=1.244148e+00
[FW] iter=123  min_eig=1.244595e+00
[FW] iter=124  min_eig=1.245032e+00
[FW] iter=125  min_eig=1.245458e+00
[FW] iter=126  min_eig=1.245875e+00
[FW] iter=127  min_eig=1.246281e+00
[FW] iter=128  min_eig=1.246678e+00
[FW] iter=129  min_eig=1.247062e+00
[FW] iter=130  min_eig=1.247440e+00
[FW] iter=131  min_eig=1.247810e+00
[FW] iter=132  min_eig=1.248172e+00
[FW] iter=133  min_eig=1.248526e+00
[FW] iter=134  min_eig=1.248873e+00
[FW] iter=135  min_eig=1.249211e+00
[FW] iter=136  min_eig=1.249542e+00
[FW] iter=137  min_eig=1.249866e+00
[FW] iter=138  min_eig=1.250182e+00
[FW] iter=139  min_eig=1.250489e+00
[FW] iter=140  min_eig=1.250790e+00
[FW] iter=141  min_eig=1.251078e+00
[FW] iter=142  min_eig=1.251371e+00
[FW] iter=143  min_eig=1.251656e+00
[FW] iter=144  min_eig=1.251935e+00
[FW] iter=145  min_eig=1.252208e+00
[FW] iter=146  min_eig=1.252475e+00
[FW] iter=147  min_eig=1.252738e+00
[FW] iter=148  min_eig=1.252995e+00
[FW] iter=149  min_eig=1.253246e+00
[FW] iter=150  min_eig=1.253493e+00
[FW] iter=151  min_eig=1.253735e+00
[FW] iter=152  min_eig=1.253972e+00
[FW] iter=153  min_eig=1.254205e+00
[FW] iter=154  min_eig=1.254433e+00
[FW] iter=155  min_eig=1.254656e+00
[FW] iter=156  min_eig=1.254876e+00
[FW] iter=157  min_eig=1.255090e+00
[FW] iter=158  min_eig=1.255299e+00
[FW] iter=159  min_eig=1.255505e+00
[FW] iter=160  min_eig=1.255709e+00
[FW] iter=161  min_eig=1.255908e+00
[FW] iter=162  min_eig=1.256104e+00
[FW] iter=163  min_eig=1.256296e+00
[FW] iter=164  min_eig=1.256485e+00
[FW] iter=165  min_eig=1.256670e+00
[FW] iter=166  min_eig=1.256852e+00
[FW] iter=167  min_eig=1.257031e+00
[FW] iter=168  min_eig=1.257204e+00
[FW] iter=169  min_eig=1.257375e+00
[FW] iter=170  min_eig=1.257537e+00
[FW] iter=171  min_eig=1.257705e+00
[FW] iter=172  min_eig=1.257869e+00
[FW] iter=173  min_eig=1.258030e+00
[FW] iter=174  min_eig=1.258188e+00
[FW] iter=175  min_eig=1.258343e+00
[FW] iter=176  min_eig=1.258496e+00
[FW] iter=177  min_eig=1.258647e+00
[FW] iter=178  min_eig=1.258794e+00
[FW] iter=179  min_eig=1.258940e+00
[FW] iter=180  min_eig=1.259082e+00
[FW] iter=181  min_eig=1.259223e+00
[FW] iter=182  min_eig=1.259361e+00
[FW] iter=183  min_eig=1.259497e+00
[FW] iter=184  min_eig=1.259630e+00
[FW] iter=185  min_eig=1.259762e+00
[FW] iter=186  min_eig=1.259891e+00
[FW] iter=187  min_eig=1.260019e+00
[FW] iter=188  min_eig=1.260144e+00
[FW] iter=189  min_eig=1.260267e+00
[FW] iter=190  min_eig=1.260389e+00
[FW] iter=191  min_eig=1.260509e+00
[FW] iter=192  min_eig=1.260626e+00
[FW] iter=193  min_eig=1.260742e+00
[FW] iter=194  min_eig=1.260856e+00
[FW] iter=195  min_eig=1.260967e+00
[FW] iter=196  min_eig=1.261076e+00
[FW] iter=197  min_eig=1.261185e+00
[FW] iter=198  min_eig=1.261293e+00
[FW] iter=199  min_eig=1.261398e+00
[FW] iter=200  min_eig=1.261502e+00
[FW] iter=201  min_eig=1.261605e+00
[FW] iter=202  min_eig=1.261706e+00
[FW] iter=203  min_eig=1.261806e+00
[FW] iter=204  min_eig=1.261903e+00
[FW] iter=205  min_eig=1.262000e+00
[FW] iter=206  min_eig=1.262096e+00
[FW] iter=207  min_eig=1.262189e+00
[FW] iter=208  min_eig=1.262282e+00
[FW] iter=209  min_eig=1.262373e+00
[FW] iter=210  min_eig=1.262463e+00
[FW] iter=211  min_eig=1.262552e+00
[FW] iter=212  min_eig=1.262639e+00
[FW] iter=213  min_eig=1.262725e+00
[FW] iter=214  min_eig=1.262810e+00
[FW] iter=215  min_eig=1.262894e+00
[FW] iter=216  min_eig=1.262977e+00
[FW] iter=217  min_eig=1.263058e+00
[FW] iter=218  min_eig=1.263138e+00
[FW] iter=219  min_eig=1.263218e+00
[FW] iter=220  min_eig=1.263296e+00
[FW] iter=221  min_eig=1.263373e+00
[FW] iter=222  min_eig=1.263449e+00
[FW] iter=223  min_eig=1.263524e+00
[FW] iter=224  min_eig=1.263598e+00
[FW] iter=225  min_eig=1.263672e+00
[FW] iter=226  min_eig=1.263744e+00
[FW] iter=227  min_eig=1.263815e+00
[FW] iter=228  min_eig=1.263885e+00
[FW] iter=229  min_eig=1.263954e+00
[FW] iter=230  min_eig=1.264023e+00
[FW] iter=231  min_eig=1.264090e+00
[FW] iter=232  min_eig=1.264157e+00
[FW] iter=233  min_eig=1.264223e+00
[FW] iter=234  min_eig=1.264288e+00
[FW] iter=235  min_eig=1.264352e+00
[FW] iter=236  min_eig=1.264415e+00
[FW] iter=237  min_eig=1.264478e+00
[FW] iter=238  min_eig=1.264540e+00
[FW] iter=239  min_eig=1.264600e+00
[FW] iter=240  min_eig=1.264661e+00
[FW] iter=241  min_eig=1.264720e+00
[FW] iter=242  min_eig=1.264779e+00
[FW] iter=243  min_eig=1.264837e+00
[FW] iter=244  min_eig=1.264894e+00
[FW] iter=245  min_eig=1.264951e+00
[FW] iter=246  min_eig=1.265007e+00
[FW] iter=247  min_eig=1.265062e+00
[FW] iter=248  min_eig=1.265116e+00
[FW] iter=249  min_eig=1.265170e+00
[FW] iter=250  min_eig=1.265223e+00
[FW] iter=251  min_eig=1.265276e+00
[FW] iter=252  min_eig=1.265328e+00
[FW] iter=253  min_eig=1.265380e+00
[FW] iter=254  min_eig=1.265430e+00
[FW] iter=255  min_eig=1.265481e+00
[FW] iter=256  min_eig=1.265530e+00
[FW] iter=257  min_eig=1.265579e+00
[FW] iter=258  min_eig=1.265627e+00
[FW] iter=259  min_eig=1.265676e+00
[FW] iter=260  min_eig=1.265723e+00
[FW] iter=261  min_eig=1.265770e+00
[FW] iter=262  min_eig=1.265816e+00
[FW] iter=263  min_eig=1.265862e+00
[FW] iter=264  min_eig=1.265907e+00
[FW] iter=265  min_eig=1.265952e+00
[FW] iter=266  min_eig=1.265996e+00
[FW] iter=267  min_eig=1.266040e+00
[FW] iter=268  min_eig=1.266083e+00
[FW] iter=269  min_eig=1.266125e+00
[FW] iter=270  min_eig=1.266168e+00
[FW] iter=271  min_eig=1.266210e+00
[FW] iter=272  min_eig=1.266251e+00
[FW] iter=273  min_eig=1.266292e+00
[FW] iter=274  min_eig=1.266332e+00
[FW] iter=275  min_eig=1.266372e+00
[FW] iter=276  min_eig=1.266412e+00
[FW] iter=277  min_eig=1.266451e+00
[FW] iter=278  min_eig=1.266490e+00
[FW] iter=279  min_eig=1.266528e+00
[FW] iter=280  min_eig=1.266566e+00
[FW] iter=281  min_eig=1.266603e+00
[FW] iter=282  min_eig=1.266640e+00
[FW] iter=283  min_eig=1.266676e+00
[FW] iter=284  min_eig=1.266712e+00
[FW] iter=285  min_eig=1.266748e+00
[FW] iter=286  min_eig=1.266784e+00
[FW] iter=287  min_eig=1.266819e+00
[FW] iter=288  min_eig=1.266854e+00
[FW] iter=289  min_eig=1.266888e+00
[FW] iter=290  min_eig=1.266923e+00
[FW] iter=291  min_eig=1.266956e+00
[FW] iter=292  min_eig=1.266990e+00
[FW] iter=293  min_eig=1.267023e+00
[FW] iter=294  min_eig=1.267055e+00
[FW] iter=295  min_eig=1.267088e+00
[FW] iter=296  min_eig=1.267120e+00
[FW] iter=297  min_eig=1.267152e+00
[FW] iter=298  min_eig=1.267183e+00
[FW] iter=299  min_eig=1.267214e+00
  [fw-e] min_eig=1.2703e+00  heldout=0.8358  (2.2s)
[FW-A] Building 720 candidate information matrices...
Building FIM:   0%|          | 0/720 [00:00<?, ?candidate/s]Building FIM:  62%|██████▏   | 448/720 [00:00<00:00, 4407.23candidate/s]Building FIM: 100%|██████████| 720/720 [00:00<00:00, 5029.74candidate/s]
[FW-A] Done. Starting Frank-Wolfe A-optimal (select_k=30)...
[FW-A] Pre-extracting dense blocks (intr_dim=9, num_poses=720)...
[FW-A] Block extraction done. Starting iterations...
[FW-A] iter=  0  -trace(H^{-1})=-2.214311e+00
[FW-A] iter=  1  -trace(H^{-1})=-4.249839e+02
[FW-A] iter=  2  -trace(H^{-1})=-3.645075e+00
[FW-A] iter=  3  -trace(H^{-1})=-2.666234e+00
[FW-A] iter=  4  -trace(H^{-1})=-2.670169e+00
[FW-A] iter=  5  -trace(H^{-1})=-2.807631e+00
[FW-A] iter=  6  -trace(H^{-1})=-2.999072e+00
[FW-A] iter=  7  -trace(H^{-1})=-3.285096e+00
[FW-A] iter=  8  -trace(H^{-1})=-3.411971e+00
[FW-A] iter=  9  -trace(H^{-1})=-2.427947e+00
[FW-A] iter= 10  -trace(H^{-1})=-2.316102e+00
[FW-A] iter= 11  -trace(H^{-1})=-2.349449e+00
[FW-A] iter= 12  -trace(H^{-1})=-2.428081e+00
[FW-A] iter= 13  -trace(H^{-1})=-2.409978e+00
[FW-A] iter= 14  -trace(H^{-1})=-2.245876e+00
[FW-A] iter= 15  -trace(H^{-1})=-2.232023e+00
[FW-A] iter= 16  -trace(H^{-1})=-2.295401e+00
[FW-A] iter= 17  -trace(H^{-1})=-2.362429e+00
[FW-A] iter= 18  -trace(H^{-1})=-2.272972e+00
[FW-A] iter= 19  -trace(H^{-1})=-2.160960e+00
[FW-A] iter= 20  -trace(H^{-1})=-2.232034e+00
[FW-A] iter= 21  -trace(H^{-1})=-2.331535e+00
[FW-A] iter= 22  -trace(H^{-1})=-2.250169e+00
[FW-A] iter= 23  -trace(H^{-1})=-2.340583e+00
[FW-A] iter= 24  -trace(H^{-1})=-2.386196e+00
[FW-A] iter= 25  -trace(H^{-1})=-2.153224e+00
[FW-A] iter= 26  -trace(H^{-1})=-2.036808e+00
[FW-A] iter= 27  -trace(H^{-1})=-1.933353e+00
[FW-A] iter= 28  -trace(H^{-1})=-1.851008e+00
[FW-A] iter= 29  -trace(H^{-1})=-1.784158e+00
[FW-A] iter= 30  -trace(H^{-1})=-1.727247e+00
[FW-A] iter= 31  -trace(H^{-1})=-1.679836e+00
[FW-A] iter= 32  -trace(H^{-1})=-1.638606e+00
[FW-A] iter= 33  -trace(H^{-1})=-1.603412e+00
[FW-A] iter= 34  -trace(H^{-1})=-1.572355e+00
[FW-A] iter= 35  -trace(H^{-1})=-1.545367e+00
[FW-A] iter= 36  -trace(H^{-1})=-1.520920e+00
[FW-A] iter= 37  -trace(H^{-1})=-1.499201e+00
[FW-A] iter= 38  -trace(H^{-1})=-1.479778e+00
[FW-A] iter= 39  -trace(H^{-1})=-1.462353e+00
[FW-A] iter= 40  -trace(H^{-1})=-1.446480e+00
[FW-A] iter= 41  -trace(H^{-1})=-1.432072e+00
[FW-A] iter= 42  -trace(H^{-1})=-1.418953e+00
[FW-A] iter= 43  -trace(H^{-1})=-1.406967e+00
[FW-A] iter= 44  -trace(H^{-1})=-1.395981e+00
[FW-A] iter= 45  -trace(H^{-1})=-1.385932e+00
[FW-A] iter= 46  -trace(H^{-1})=-1.376660e+00
[FW-A] iter= 47  -trace(H^{-1})=-1.368065e+00
[FW-A] iter= 48  -trace(H^{-1})=-1.360075e+00
[FW-A] iter= 49  -trace(H^{-1})=-1.352659e+00
[FW-A] iter= 50  -trace(H^{-1})=-1.345762e+00
[FW-A] iter= 51  -trace(H^{-1})=-1.339336e+00
[FW-A] iter= 52  -trace(H^{-1})=-1.333336e+00
[FW-A] iter= 53  -trace(H^{-1})=-1.327731e+00
[FW-A] iter= 54  -trace(H^{-1})=-1.322469e+00
[FW-A] iter= 55  -trace(H^{-1})=-1.317532e+00
[FW-A] iter= 56  -trace(H^{-1})=-1.312894e+00
[FW-A] iter= 57  -trace(H^{-1})=-1.308529e+00
[FW-A] iter= 58  -trace(H^{-1})=-1.304439e+00
[FW-A] iter= 59  -trace(H^{-1})=-1.300580e+00
[FW-A] iter= 60  -trace(H^{-1})=-1.296918e+00
[FW-A] iter= 61  -trace(H^{-1})=-1.293441e+00
[FW-A] iter= 62  -trace(H^{-1})=-1.290150e+00
[FW-A] iter= 63  -trace(H^{-1})=-1.287031e+00
[FW-A] iter= 64  -trace(H^{-1})=-1.284073e+00
[FW-A] iter= 65  -trace(H^{-1})=-1.281264e+00
[FW-A] iter= 66  -trace(H^{-1})=-1.278615e+00
[FW-A] iter= 67  -trace(H^{-1})=-1.276089e+00
[FW-A] iter= 68  -trace(H^{-1})=-1.273676e+00
[FW-A] iter= 69  -trace(H^{-1})=-1.271362e+00
[FW-A] iter= 70  -trace(H^{-1})=-1.269156e+00
[FW-A] iter= 71  -trace(H^{-1})=-1.267051e+00
[FW-A] iter= 72  -trace(H^{-1})=-1.265040e+00
[FW-A] iter= 73  -trace(H^{-1})=-1.263118e+00
[FW-A] iter= 74  -trace(H^{-1})=-1.261280e+00
[FW-A] iter= 75  -trace(H^{-1})=-1.259533e+00
[FW-A] iter= 76  -trace(H^{-1})=-1.257858e+00
[FW-A] iter= 77  -trace(H^{-1})=-1.256250e+00
[FW-A] iter= 78  -trace(H^{-1})=-1.254694e+00
[FW-A] iter= 79  -trace(H^{-1})=-1.253200e+00
[FW-A] iter= 80  -trace(H^{-1})=-1.251766e+00
[FW-A] iter= 81  -trace(H^{-1})=-1.250389e+00
[FW-A] iter= 82  -trace(H^{-1})=-1.249065e+00
[FW-A] iter= 83  -trace(H^{-1})=-1.247792e+00
[FW-A] iter= 84  -trace(H^{-1})=-1.246567e+00
[FW-A] iter= 85  -trace(H^{-1})=-1.245397e+00
[FW-A] iter= 86  -trace(H^{-1})=-1.244275e+00
[FW-A] iter= 87  -trace(H^{-1})=-1.243182e+00
[FW-A] iter= 88  -trace(H^{-1})=-1.242122e+00
[FW-A] iter= 89  -trace(H^{-1})=-1.241100e+00
[FW-A] iter= 90  -trace(H^{-1})=-1.240114e+00
[FW-A] iter= 91  -trace(H^{-1})=-1.239162e+00
[FW-A] iter= 92  -trace(H^{-1})=-1.238243e+00
[FW-A] iter= 93  -trace(H^{-1})=-1.237364e+00
[FW-A] iter= 94  -trace(H^{-1})=-1.236517e+00
[FW-A] iter= 95  -trace(H^{-1})=-1.235690e+00
[FW-A] iter= 96  -trace(H^{-1})=-1.234883e+00
[FW-A] iter= 97  -trace(H^{-1})=-1.234103e+00
[FW-A] iter= 98  -trace(H^{-1})=-1.233347e+00
[FW-A] iter= 99  -trace(H^{-1})=-1.232616e+00
[FW-A] iter=100  -trace(H^{-1})=-1.231908e+00
[FW-A] iter=101  -trace(H^{-1})=-1.231222e+00
[FW-A] iter=102  -trace(H^{-1})=-1.230564e+00
[FW-A] iter=103  -trace(H^{-1})=-1.229916e+00
[FW-A] iter=104  -trace(H^{-1})=-1.229288e+00
[FW-A] iter=105  -trace(H^{-1})=-1.228678e+00
[FW-A] iter=106  -trace(H^{-1})=-1.228087e+00
[FW-A] iter=107  -trace(H^{-1})=-1.227514e+00
[FW-A] iter=108  -trace(H^{-1})=-1.226956e+00
[FW-A] iter=109  -trace(H^{-1})=-1.226414e+00
[FW-A] iter=110  -trace(H^{-1})=-1.225888e+00
[FW-A] iter=111  -trace(H^{-1})=-1.225382e+00
[FW-A] iter=112  -trace(H^{-1})=-1.224883e+00
[FW-A] iter=113  -trace(H^{-1})=-1.224397e+00
[FW-A] iter=114  -trace(H^{-1})=-1.223925e+00
[FW-A] iter=115  -trace(H^{-1})=-1.223466e+00
[FW-A] iter=116  -trace(H^{-1})=-1.223020e+00
[FW-A] iter=117  -trace(H^{-1})=-1.222585e+00
[FW-A] iter=118  -trace(H^{-1})=-1.222161e+00
[FW-A] iter=119  -trace(H^{-1})=-1.221748e+00
[FW-A] iter=120  -trace(H^{-1})=-1.221351e+00
[FW-A] iter=121  -trace(H^{-1})=-1.220958e+00
[FW-A] iter=122  -trace(H^{-1})=-1.220575e+00
[FW-A] iter=123  -trace(H^{-1})=-1.220201e+00
[FW-A] iter=124  -trace(H^{-1})=-1.219837e+00
[FW-A] iter=125  -trace(H^{-1})=-1.219483e+00
[FW-A] iter=126  -trace(H^{-1})=-1.219137e+00
[FW-A] iter=127  -trace(H^{-1})=-1.218799e+00
[FW-A] iter=128  -trace(H^{-1})=-1.218470e+00
[FW-A] iter=129  -trace(H^{-1})=-1.218152e+00
[FW-A] iter=130  -trace(H^{-1})=-1.217836e+00
[FW-A] iter=131  -trace(H^{-1})=-1.217529e+00
[FW-A] iter=132  -trace(H^{-1})=-1.217228e+00
[FW-A] iter=133  -trace(H^{-1})=-1.216935e+00
[FW-A] iter=134  -trace(H^{-1})=-1.216649e+00
[FW-A] iter=135  -trace(H^{-1})=-1.216369e+00
[FW-A] iter=136  -trace(H^{-1})=-1.216095e+00
[FW-A] iter=137  -trace(H^{-1})=-1.215827e+00
[FW-A] iter=138  -trace(H^{-1})=-1.215569e+00
[FW-A] iter=139  -trace(H^{-1})=-1.215312e+00
[FW-A] iter=140  -trace(H^{-1})=-1.215061e+00
[FW-A] iter=141  -trace(H^{-1})=-1.214816e+00
[FW-A] iter=142  -trace(H^{-1})=-1.214576e+00
[FW-A] iter=143  -trace(H^{-1})=-1.214341e+00
[FW-A] iter=144  -trace(H^{-1})=-1.214111e+00
[FW-A] iter=145  -trace(H^{-1})=-1.213886e+00
[FW-A] iter=146  -trace(H^{-1})=-1.213670e+00
[FW-A] iter=147  -trace(H^{-1})=-1.213453e+00
[FW-A] iter=148  -trace(H^{-1})=-1.213241e+00
[FW-A] iter=149  -trace(H^{-1})=-1.213034e+00
[FW-A] iter=150  -trace(H^{-1})=-1.212831e+00
[FW-A] iter=151  -trace(H^{-1})=-1.212632e+00
[FW-A] iter=152  -trace(H^{-1})=-1.212437e+00
[FW-A] iter=153  -trace(H^{-1})=-1.212246e+00
[FW-A] iter=154  -trace(H^{-1})=-1.212059e+00
[FW-A] iter=155  -trace(H^{-1})=-1.211879e+00
[FW-A] iter=156  -trace(H^{-1})=-1.211698e+00
[FW-A] iter=157  -trace(H^{-1})=-1.211521e+00
[FW-A] iter=158  -trace(H^{-1})=-1.211348e+00
[FW-A] iter=159  -trace(H^{-1})=-1.211178e+00
[FW-A] iter=160  -trace(H^{-1})=-1.211011e+00
[FW-A] iter=161  -trace(H^{-1})=-1.210848e+00
[FW-A] iter=162  -trace(H^{-1})=-1.210687e+00
[FW-A] iter=163  -trace(H^{-1})=-1.210530e+00
[FW-A] iter=164  -trace(H^{-1})=-1.210378e+00
[FW-A] iter=165  -trace(H^{-1})=-1.210226e+00
[FW-A] iter=166  -trace(H^{-1})=-1.210076e+00
[FW-A] iter=167  -trace(H^{-1})=-1.209930e+00
[FW-A] iter=168  -trace(H^{-1})=-1.209786e+00
[FW-A] iter=169  -trace(H^{-1})=-1.209645e+00
[FW-A] iter=170  -trace(H^{-1})=-1.209507e+00
[FW-A] iter=171  -trace(H^{-1})=-1.209371e+00
[FW-A] iter=172  -trace(H^{-1})=-1.209237e+00
[FW-A] iter=173  -trace(H^{-1})=-1.209108e+00
[FW-A] iter=174  -trace(H^{-1})=-1.208979e+00
[FW-A] iter=175  -trace(H^{-1})=-1.208851e+00
[FW-A] iter=176  -trace(H^{-1})=-1.208726e+00
[FW-A] iter=177  -trace(H^{-1})=-1.208604e+00
[FW-A] iter=178  -trace(H^{-1})=-1.208483e+00
[FW-A] iter=179  -trace(H^{-1})=-1.208365e+00
[FW-A] iter=180  -trace(H^{-1})=-1.208248e+00
[FW-A] iter=181  -trace(H^{-1})=-1.208134e+00
[FW-A] iter=182  -trace(H^{-1})=-1.208024e+00
[FW-A] iter=183  -trace(H^{-1})=-1.207912e+00
[FW-A] iter=184  -trace(H^{-1})=-1.207803e+00
[FW-A] iter=185  -trace(H^{-1})=-1.207696e+00
[FW-A] iter=186  -trace(H^{-1})=-1.207590e+00
[FW-A] iter=187  -trace(H^{-1})=-1.207486e+00
[FW-A] iter=188  -trace(H^{-1})=-1.207385e+00
[FW-A] iter=189  -trace(H^{-1})=-1.207284e+00
[FW-A] iter=190  -trace(H^{-1})=-1.207185e+00
[FW-A] iter=191  -trace(H^{-1})=-1.207090e+00
[FW-A] iter=192  -trace(H^{-1})=-1.206994e+00
[FW-A] iter=193  -trace(H^{-1})=-1.206899e+00
[FW-A] iter=194  -trace(H^{-1})=-1.206806e+00
[FW-A] iter=195  -trace(H^{-1})=-1.206715e+00
[FW-A] iter=196  -trace(H^{-1})=-1.206625e+00
[FW-A] iter=197  -trace(H^{-1})=-1.206537e+00
[FW-A] iter=198  -trace(H^{-1})=-1.206449e+00
[FW-A] iter=199  -trace(H^{-1})=-1.206363e+00
[FW-A] iter=200  -trace(H^{-1})=-1.206281e+00
[FW-A] iter=201  -trace(H^{-1})=-1.206197e+00
[FW-A] iter=202  -trace(H^{-1})=-1.206115e+00
[FW-A] iter=203  -trace(H^{-1})=-1.206033e+00
[FW-A] iter=204  -trace(H^{-1})=-1.205954e+00
[FW-A] iter=205  -trace(H^{-1})=-1.205875e+00
[FW-A] iter=206  -trace(H^{-1})=-1.205798e+00
[FW-A] iter=207  -trace(H^{-1})=-1.205722e+00
[FW-A] iter=208  -trace(H^{-1})=-1.205647e+00
[FW-A] iter=209  -trace(H^{-1})=-1.205574e+00
[FW-A] iter=210  -trace(H^{-1})=-1.205501e+00
[FW-A] iter=211  -trace(H^{-1})=-1.205429e+00
[FW-A] iter=212  -trace(H^{-1})=-1.205358e+00
[FW-A] iter=213  -trace(H^{-1})=-1.205288e+00
[FW-A] iter=214  -trace(H^{-1})=-1.205219e+00
[FW-A] iter=215  -trace(H^{-1})=-1.205151e+00
[FW-A] iter=216  -trace(H^{-1})=-1.205084e+00
[FW-A] iter=217  -trace(H^{-1})=-1.205018e+00
[FW-A] iter=218  -trace(H^{-1})=-1.204954e+00
[FW-A] iter=219  -trace(H^{-1})=-1.204890e+00
[FW-A] iter=220  -trace(H^{-1})=-1.204826e+00
[FW-A] iter=221  -trace(H^{-1})=-1.204763e+00
[FW-A] iter=222  -trace(H^{-1})=-1.204701e+00
[FW-A] iter=223  -trace(H^{-1})=-1.204641e+00
[FW-A] iter=224  -trace(H^{-1})=-1.204581e+00
[FW-A] iter=225  -trace(H^{-1})=-1.204521e+00
[FW-A] iter=226  -trace(H^{-1})=-1.204463e+00
[FW-A] iter=227  -trace(H^{-1})=-1.204407e+00
[FW-A] iter=228  -trace(H^{-1})=-1.204350e+00
[FW-A] iter=229  -trace(H^{-1})=-1.204293e+00
[FW-A] iter=230  -trace(H^{-1})=-1.204238e+00
[FW-A] iter=231  -trace(H^{-1})=-1.204183e+00
[FW-A] iter=232  -trace(H^{-1})=-1.204129e+00
[FW-A] iter=233  -trace(H^{-1})=-1.204076e+00
[FW-A] iter=234  -trace(H^{-1})=-1.204023e+00
[FW-A] iter=235  -trace(H^{-1})=-1.203971e+00
[FW-A] iter=236  -trace(H^{-1})=-1.203921e+00
[FW-A] iter=237  -trace(H^{-1})=-1.203870e+00
[FW-A] iter=238  -trace(H^{-1})=-1.203820e+00
[FW-A] iter=239  -trace(H^{-1})=-1.203770e+00
[FW-A] iter=240  -trace(H^{-1})=-1.203722e+00
[FW-A] iter=241  -trace(H^{-1})=-1.203674e+00
[FW-A] iter=242  -trace(H^{-1})=-1.203626e+00
[FW-A] iter=243  -trace(H^{-1})=-1.203579e+00
[FW-A] iter=244  -trace(H^{-1})=-1.203533e+00
[FW-A] iter=245  -trace(H^{-1})=-1.203488e+00
[FW-A] iter=246  -trace(H^{-1})=-1.203443e+00
[FW-A] iter=247  -trace(H^{-1})=-1.203398e+00
[FW-A] iter=248  -trace(H^{-1})=-1.203354e+00
[FW-A] iter=249  -trace(H^{-1})=-1.203310e+00
[FW-A] iter=250  -trace(H^{-1})=-1.203267e+00
[FW-A] iter=251  -trace(H^{-1})=-1.203224e+00
[FW-A] iter=252  -trace(H^{-1})=-1.203182e+00
[FW-A] iter=253  -trace(H^{-1})=-1.203141e+00
[FW-A] iter=254  -trace(H^{-1})=-1.203101e+00
[FW-A] iter=255  -trace(H^{-1})=-1.203060e+00
[FW-A] iter=256  -trace(H^{-1})=-1.203020e+00
[FW-A] iter=257  -trace(H^{-1})=-1.202980e+00
[FW-A] iter=258  -trace(H^{-1})=-1.202941e+00
[FW-A] iter=259  -trace(H^{-1})=-1.202902e+00
[FW-A] iter=260  -trace(H^{-1})=-1.202864e+00
[FW-A] iter=261  -trace(H^{-1})=-1.202826e+00
[FW-A] iter=262  -trace(H^{-1})=-1.202789e+00
[FW-A] iter=263  -trace(H^{-1})=-1.202753e+00
[FW-A] iter=264  -trace(H^{-1})=-1.202716e+00
[FW-A] iter=265  -trace(H^{-1})=-1.202679e+00
[FW-A] iter=266  -trace(H^{-1})=-1.202644e+00
[FW-A] iter=267  -trace(H^{-1})=-1.202608e+00
[FW-A] iter=268  -trace(H^{-1})=-1.202573e+00
[FW-A] iter=269  -trace(H^{-1})=-1.202539e+00
[FW-A] iter=270  -trace(H^{-1})=-1.202505e+00
[FW-A] iter=271  -trace(H^{-1})=-1.202471e+00
[FW-A] iter=272  -trace(H^{-1})=-1.202438e+00
[FW-A] iter=273  -trace(H^{-1})=-1.202405e+00
[FW-A] iter=274  -trace(H^{-1})=-1.202372e+00
[FW-A] iter=275  -trace(H^{-1})=-1.202340e+00
[FW-A] iter=276  -trace(H^{-1})=-1.202308e+00
[FW-A] iter=277  -trace(H^{-1})=-1.202276e+00
[FW-A] iter=278  -trace(H^{-1})=-1.202245e+00
[FW-A] iter=279  -trace(H^{-1})=-1.202214e+00
[FW-A] iter=280  -trace(H^{-1})=-1.202184e+00
[FW-A] iter=281  -trace(H^{-1})=-1.202154e+00
[FW-A] iter=282  -trace(H^{-1})=-1.202124e+00
[FW-A] iter=283  -trace(H^{-1})=-1.202094e+00
[FW-A] iter=284  -trace(H^{-1})=-1.202065e+00
[FW-A] iter=285  -trace(H^{-1})=-1.202036e+00
[FW-A] iter=286  -trace(H^{-1})=-1.202007e+00
[FW-A] iter=287  -trace(H^{-1})=-1.201979e+00
[FW-A] iter=288  -trace(H^{-1})=-1.201951e+00
[FW-A] iter=289  -trace(H^{-1})=-1.201923e+00
[FW-A] iter=290  -trace(H^{-1})=-1.201896e+00
[FW-A] iter=291  -trace(H^{-1})=-1.201869e+00
[FW-A] iter=292  -trace(H^{-1})=-1.201841e+00
[FW-A] iter=293  -trace(H^{-1})=-1.201815e+00
[FW-A] iter=294  -trace(H^{-1})=-1.201788e+00
[FW-A] iter=295  -trace(H^{-1})=-1.201762e+00
[FW-A] iter=296  -trace(H^{-1})=-1.201736e+00
[FW-A] iter=297  -trace(H^{-1})=-1.201711e+00
[FW-A] iter=298  -trace(H^{-1})=-1.201685e+00
[FW-A] iter=299  -trace(H^{-1})=-1.201661e+00
  [fw-a] min_eig=1.2541e+00  heldout=1.2118  (2.3s)
[FW-D] Building 720 candidate information matrices...
Building FIM:   0%|          | 0/720 [00:00<?, ?candidate/s]Building FIM:  62%|██████▏   | 448/720 [00:00<00:00, 3905.29candidate/s]Building FIM: 100%|██████████| 720/720 [00:00<00:00, 4233.29candidate/s]
[FW-D] Done. Starting Frank-Wolfe D-optimal (select_k=30)...
[FW-D] Pre-extracting dense blocks (intr_dim=9, num_poses=720)...
[FW-D] Block extraction done. Starting iterations...
[FW-D] iter=  0  logdet=8.597640e+01
[FW-D] iter=  1  logdet=8.686353e+01
[FW-D] iter=  2  logdet=8.646017e+01
[FW-D] iter=  3  logdet=8.579651e+01
[FW-D] iter=  4  logdet=8.575105e+01
[FW-D] iter=  5  logdet=8.557904e+01
[FW-D] iter=  6  logdet=8.563125e+01
[FW-D] iter=  7  logdet=8.542051e+01
[FW-D] iter=  8  logdet=8.531743e+01
[FW-D] iter=  9  logdet=8.573236e+01
[FW-D] iter= 10  logdet=8.598123e+01
[FW-D] iter= 11  logdet=8.601399e+01
[FW-D] iter= 12  logdet=8.591446e+01
[FW-D] iter= 13  logdet=8.610105e+01
[FW-D] iter= 14  logdet=8.622043e+01
[FW-D] iter= 15  logdet=8.623277e+01
[FW-D] iter= 16  logdet=8.613793e+01
[FW-D] iter= 17  logdet=8.599667e+01
[FW-D] iter= 18  logdet=8.596737e+01
[FW-D] iter= 19  logdet=8.598803e+01
[FW-D] iter= 20  logdet=8.584836e+01
[FW-D] iter= 21  logdet=8.576624e+01
[FW-D] iter= 22  logdet=8.584776e+01
[FW-D] iter= 23  logdet=8.563388e+01
[FW-D] iter= 24  logdet=8.540709e+01
[FW-D] iter= 25  logdet=8.589403e+01
[FW-D] iter= 26  logdet=8.625708e+01
[FW-D] iter= 27  logdet=8.654515e+01
[FW-D] iter= 28  logdet=8.678681e+01
[FW-D] iter= 29  logdet=8.699495e+01
[FW-D] iter= 30  logdet=8.717630e+01
[FW-D] iter= 31  logdet=8.733575e+01
[FW-D] iter= 32  logdet=8.747697e+01
[FW-D] iter= 33  logdet=8.760281e+01
[FW-D] iter= 34  logdet=8.771576e+01
[FW-D] iter= 35  logdet=8.781761e+01
[FW-D] iter= 36  logdet=8.790984e+01
[FW-D] iter= 37  logdet=8.799361e+01
[FW-D] iter= 38  logdet=8.807020e+01
[FW-D] iter= 39  logdet=8.814026e+01
[FW-D] iter= 40  logdet=8.820454e+01
[FW-D] iter= 41  logdet=8.826372e+01
[FW-D] iter= 42  logdet=8.831835e+01
[FW-D] iter= 43  logdet=8.836886e+01
[FW-D] iter= 44  logdet=8.841553e+01
[FW-D] iter= 45  logdet=8.845914e+01
[FW-D] iter= 46  logdet=8.849969e+01
[FW-D] iter= 47  logdet=8.853748e+01
[FW-D] iter= 48  logdet=8.857272e+01
[FW-D] iter= 49  logdet=8.860576e+01
[FW-D] iter= 50  logdet=8.863670e+01
[FW-D] iter= 51  logdet=8.866567e+01
[FW-D] iter= 52  logdet=8.869300e+01
[FW-D] iter= 53  logdet=8.871869e+01
[FW-D] iter= 54  logdet=8.874288e+01
[FW-D] iter= 55  logdet=8.876560e+01
[FW-D] iter= 56  logdet=8.878722e+01
[FW-D] iter= 57  logdet=8.880764e+01
[FW-D] iter= 58  logdet=8.882694e+01
[FW-D] iter= 59  logdet=8.884521e+01
[FW-D] iter= 60  logdet=8.886258e+01
[FW-D] iter= 61  logdet=8.887905e+01
[FW-D] iter= 62  logdet=8.889464e+01
[FW-D] iter= 63  logdet=8.890957e+01
[FW-D] iter= 64  logdet=8.892377e+01
[FW-D] iter= 65  logdet=8.893728e+01
[FW-D] iter= 66  logdet=8.895014e+01
[FW-D] iter= 67  logdet=8.896245e+01
[FW-D] iter= 68  logdet=8.897419e+01
[FW-D] iter= 69  logdet=8.898536e+01
[FW-D] iter= 70  logdet=8.899612e+01
[FW-D] iter= 71  logdet=8.900641e+01
[FW-D] iter= 72  logdet=8.901625e+01
[FW-D] iter= 73  logdet=8.902567e+01
[FW-D] iter= 74  logdet=8.903471e+01
[FW-D] iter= 75  logdet=8.904338e+01
[FW-D] iter= 76  logdet=8.905171e+01
[FW-D] iter= 77  logdet=8.905966e+01
[FW-D] iter= 78  logdet=8.906737e+01
[FW-D] iter= 79  logdet=8.907477e+01
[FW-D] iter= 80  logdet=8.908188e+01
[FW-D] iter= 81  logdet=8.908872e+01
[FW-D] iter= 82  logdet=8.909531e+01
[FW-D] iter= 83  logdet=8.910166e+01
[FW-D] iter= 84  logdet=8.910778e+01
[FW-D] iter= 85  logdet=8.911364e+01
[FW-D] iter= 86  logdet=8.911936e+01
[FW-D] iter= 87  logdet=8.912486e+01
[FW-D] iter= 88  logdet=8.913017e+01
[FW-D] iter= 89  logdet=8.913529e+01
[FW-D] iter= 90  logdet=8.914025e+01
[FW-D] iter= 91  logdet=8.914504e+01
[FW-D] iter= 92  logdet=8.914968e+01
[FW-D] iter= 93  logdet=8.915416e+01
[FW-D] iter= 94  logdet=8.915849e+01
[FW-D] iter= 95  logdet=8.916270e+01
[FW-D] iter= 96  logdet=8.916676e+01
[FW-D] iter= 97  logdet=8.917068e+01
[FW-D] iter= 98  logdet=8.917451e+01
[FW-D] iter= 99  logdet=8.917823e+01
[FW-D] iter=100  logdet=8.918182e+01
[FW-D] iter=101  logdet=8.918530e+01
[FW-D] iter=102  logdet=8.918869e+01
[FW-D] iter=103  logdet=8.919197e+01
[FW-D] iter=104  logdet=8.919516e+01
[FW-D] iter=105  logdet=8.919825e+01
[FW-D] iter=106  logdet=8.920126e+01
[FW-D] iter=107  logdet=8.920419e+01
[FW-D] iter=108  logdet=8.920703e+01
[FW-D] iter=109  logdet=8.920977e+01
[FW-D] iter=110  logdet=8.921247e+01
[FW-D] iter=111  logdet=8.921509e+01
[FW-D] iter=112  logdet=8.921764e+01
[FW-D] iter=113  logdet=8.922012e+01
[FW-D] iter=114  logdet=8.922253e+01
[FW-D] iter=115  logdet=8.922488e+01
[FW-D] iter=116  logdet=8.922717e+01
[FW-D] iter=117  logdet=8.922939e+01
[FW-D] iter=118  logdet=8.923157e+01
[FW-D] iter=119  logdet=8.923366e+01
[FW-D] iter=120  logdet=8.923574e+01
[FW-D] iter=121  logdet=8.923776e+01
[FW-D] iter=122  logdet=8.923972e+01
[FW-D] iter=123  logdet=8.924164e+01
[FW-D] iter=124  logdet=8.924351e+01
[FW-D] iter=125  logdet=8.924533e+01
[FW-D] iter=126  logdet=8.924711e+01
[FW-D] iter=127  logdet=8.924885e+01
[FW-D] iter=128  logdet=8.925055e+01
[FW-D] iter=129  logdet=8.925221e+01
[FW-D] iter=130  logdet=8.925383e+01
[FW-D] iter=131  logdet=8.925539e+01
[FW-D] iter=132  logdet=8.925695e+01
[FW-D] iter=133  logdet=8.925847e+01
[FW-D] iter=134  logdet=8.925995e+01
[FW-D] iter=135  logdet=8.926139e+01
[FW-D] iter=136  logdet=8.926280e+01
[FW-D] iter=137  logdet=8.926419e+01
[FW-D] iter=138  logdet=8.926554e+01
[FW-D] iter=139  logdet=8.926686e+01
[FW-D] iter=140  logdet=8.926816e+01
[FW-D] iter=141  logdet=8.926942e+01
[FW-D] iter=142  logdet=8.927066e+01
[FW-D] iter=143  logdet=8.927186e+01
[FW-D] iter=144  logdet=8.927306e+01
[FW-D] iter=145  logdet=8.927423e+01
[FW-D] iter=146  logdet=8.927537e+01
[FW-D] iter=147  logdet=8.927649e+01
[FW-D] iter=148  logdet=8.927758e+01
[FW-D] iter=149  logdet=8.927865e+01
[FW-D] iter=150  logdet=8.927971e+01
[FW-D] iter=151  logdet=8.928074e+01
[FW-D] iter=152  logdet=8.928175e+01
[FW-D] iter=153  logdet=8.928274e+01
[FW-D] iter=154  logdet=8.928371e+01
[FW-D] iter=155  logdet=8.928465e+01
[FW-D] iter=156  logdet=8.928559e+01
[FW-D] iter=157  logdet=8.928651e+01
[FW-D] iter=158  logdet=8.928741e+01
[FW-D] iter=159  logdet=8.928829e+01
[FW-D] iter=160  logdet=8.928914e+01
[FW-D] iter=161  logdet=8.929000e+01
[FW-D] iter=162  logdet=8.929083e+01
[FW-D] iter=163  logdet=8.929165e+01
[FW-D] iter=164  logdet=8.929245e+01
[FW-D] iter=165  logdet=8.929324e+01
[FW-D] iter=166  logdet=8.929402e+01
[FW-D] iter=167  logdet=8.929478e+01
[FW-D] iter=168  logdet=8.929552e+01
[FW-D] iter=169  logdet=8.929626e+01
[FW-D] iter=170  logdet=8.929698e+01
[FW-D] iter=171  logdet=8.929767e+01
[FW-D] iter=172  logdet=8.929837e+01
[FW-D] iter=173  logdet=8.929906e+01
[FW-D] iter=174  logdet=8.929973e+01
[FW-D] iter=175  logdet=8.930039e+01
[FW-D] iter=176  logdet=8.930104e+01
[FW-D] iter=177  logdet=8.930168e+01
[FW-D] iter=178  logdet=8.930231e+01
[FW-D] iter=179  logdet=8.930292e+01
[FW-D] iter=180  logdet=8.930353e+01
[FW-D] iter=181  logdet=8.930413e+01
[FW-D] iter=182  logdet=8.930471e+01
[FW-D] iter=183  logdet=8.930528e+01
[FW-D] iter=184  logdet=8.930585e+01
[FW-D] iter=185  logdet=8.930641e+01
[FW-D] iter=186  logdet=8.930696e+01
[FW-D] iter=187  logdet=8.930750e+01
[FW-D] iter=188  logdet=8.930804e+01
[FW-D] iter=189  logdet=8.930856e+01
[FW-D] iter=190  logdet=8.930908e+01
[FW-D] iter=191  logdet=8.930958e+01
[FW-D] iter=192  logdet=8.931008e+01
[FW-D] iter=193  logdet=8.931057e+01
[FW-D] iter=194  logdet=8.931106e+01
[FW-D] iter=195  logdet=8.931153e+01
[FW-D] iter=196  logdet=8.931200e+01
[FW-D] iter=197  logdet=8.931246e+01
[FW-D] iter=198  logdet=8.931292e+01
[FW-D] iter=199  logdet=8.931337e+01
[FW-D] iter=200  logdet=8.931381e+01
[FW-D] iter=201  logdet=8.931424e+01
[FW-D] iter=202  logdet=8.931467e+01
[FW-D] iter=203  logdet=8.931509e+01
[FW-D] iter=204  logdet=8.931551e+01
[FW-D] iter=205  logdet=8.931592e+01
[FW-D] iter=206  logdet=8.931633e+01
[FW-D] iter=207  logdet=8.931672e+01
[FW-D] iter=208  logdet=8.931711e+01
[FW-D] iter=209  logdet=8.931750e+01
[FW-D] iter=210  logdet=8.931788e+01
[FW-D] iter=211  logdet=8.931826e+01
[FW-D] iter=212  logdet=8.931863e+01
[FW-D] iter=213  logdet=8.931899e+01
[FW-D] iter=214  logdet=8.931935e+01
[FW-D] iter=215  logdet=8.931971e+01
[FW-D] iter=216  logdet=8.932006e+01
[FW-D] iter=217  logdet=8.932041e+01
[FW-D] iter=218  logdet=8.932075e+01
[FW-D] iter=219  logdet=8.932108e+01
[FW-D] iter=220  logdet=8.932141e+01
[FW-D] iter=221  logdet=8.932174e+01
[FW-D] iter=222  logdet=8.932206e+01
[FW-D] iter=223  logdet=8.932238e+01
[FW-D] iter=224  logdet=8.932269e+01
[FW-D] iter=225  logdet=8.932300e+01
[FW-D] iter=226  logdet=8.932330e+01
[FW-D] iter=227  logdet=8.932361e+01
[FW-D] iter=228  logdet=8.932391e+01
[FW-D] iter=229  logdet=8.932420e+01
[FW-D] iter=230  logdet=8.932449e+01
[FW-D] iter=231  logdet=8.932478e+01
[FW-D] iter=232  logdet=8.932506e+01
[FW-D] iter=233  logdet=8.932534e+01
[FW-D] iter=234  logdet=8.932561e+01
[FW-D] iter=235  logdet=8.932589e+01
[FW-D] iter=236  logdet=8.932615e+01
[FW-D] iter=237  logdet=8.932642e+01
[FW-D] iter=238  logdet=8.932668e+01
[FW-D] iter=239  logdet=8.932694e+01
[FW-D] iter=240  logdet=8.932719e+01
[FW-D] iter=241  logdet=8.932745e+01
[FW-D] iter=242  logdet=8.932769e+01
[FW-D] iter=243  logdet=8.932794e+01
[FW-D] iter=244  logdet=8.932818e+01
[FW-D] iter=245  logdet=8.932842e+01
[FW-D] iter=246  logdet=8.932866e+01
[FW-D] iter=247  logdet=8.932889e+01
[FW-D] iter=248  logdet=8.932912e+01
[FW-D] iter=249  logdet=8.932935e+01
[FW-D] iter=250  logdet=8.932957e+01
[FW-D] iter=251  logdet=8.932980e+01
[FW-D] iter=252  logdet=8.933002e+01
[FW-D] iter=253  logdet=8.933024e+01
[FW-D] iter=254  logdet=8.933045e+01
[FW-D] iter=255  logdet=8.933067e+01
[FW-D] iter=256  logdet=8.933088e+01
[FW-D] iter=257  logdet=8.933108e+01
[FW-D] iter=258  logdet=8.933129e+01
[FW-D] iter=259  logdet=8.933149e+01
[FW-D] iter=260  logdet=8.933169e+01
[FW-D] iter=261  logdet=8.933189e+01
[FW-D] iter=262  logdet=8.933209e+01
[FW-D] iter=263  logdet=8.933228e+01
[FW-D] iter=264  logdet=8.933247e+01
[FW-D] iter=265  logdet=8.933266e+01
[FW-D] iter=266  logdet=8.933285e+01
[FW-D] iter=267  logdet=8.933303e+01
[FW-D] iter=268  logdet=8.933322e+01
[FW-D] iter=269  logdet=8.933340e+01
[FW-D] iter=270  logdet=8.933358e+01
[FW-D] iter=271  logdet=8.933375e+01
[FW-D] iter=272  logdet=8.933393e+01
[FW-D] iter=273  logdet=8.933410e+01
[FW-D] iter=274  logdet=8.933427e+01
[FW-D] iter=275  logdet=8.933444e+01
[FW-D] iter=276  logdet=8.933461e+01
[FW-D] iter=277  logdet=8.933477e+01
[FW-D] iter=278  logdet=8.933494e+01
[FW-D] iter=279  logdet=8.933510e+01
[FW-D] iter=280  logdet=8.933526e+01
[FW-D] iter=281  logdet=8.933542e+01
[FW-D] iter=282  logdet=8.933558e+01
[FW-D] iter=283  logdet=8.933573e+01
[FW-D] iter=284  logdet=8.933589e+01
[FW-D] iter=285  logdet=8.933604e+01
[FW-D] iter=286  logdet=8.933619e+01
[FW-D] iter=287  logdet=8.933634e+01
[FW-D] iter=288  logdet=8.933648e+01
[FW-D] iter=289  logdet=8.933663e+01
[FW-D] iter=290  logdet=8.933677e+01
[FW-D] iter=291  logdet=8.933692e+01
[FW-D] iter=292  logdet=8.933706e+01
[FW-D] iter=293  logdet=8.933720e+01
[FW-D] iter=294  logdet=8.933734e+01
[FW-D] iter=295  logdet=8.933747e+01
[FW-D] iter=296  logdet=8.933761e+01
[FW-D] iter=297  logdet=8.933775e+01
[FW-D] iter=298  logdet=8.933788e+01
[FW-D] iter=299  logdet=8.933801e+01
  [fw-d] min_eig=1.0773e+00  heldout=0.6535  (2.5s)

============================================================
K = 40  (held-out = 680 frames)
  [random] 25 trials...
  [coverage] min_eig=8.4350e-01  heldout=1.6202  (0.0s)
  [a-optimal] min_eig=1.6189e+00  heldout=1.3756  (12.2s)
  [d-optimal] min_eig=1.4090e+00  heldout=0.6620  (11.8s)
  [greedy-e] min_eig=1.6327e+00  heldout=0.9535  (12.0s)
[FW] Building 720 candidate information matrices...
Building FIM:   0%|          | 0/720 [00:00<?, ?candidate/s]Building FIM:  62%|██████▏   | 448/720 [00:00<00:00, 4119.69candidate/s]Building FIM: 100%|██████████| 720/720 [00:00<00:00, 5006.85candidate/s]
[FW] Done. Starting Frank-Wolfe optimization (select_k=40)...
[FW] Pre-extracting dense blocks (intr_dim=9, num_poses=720)...
[FW] Block extraction done. Starting iterations...
[FW] iter=  0  min_eig=8.076242e-01
[FW] iter=  1  min_eig=2.355982e-03
[FW] iter=  2  min_eig=5.141519e-01
[FW] iter=  3  min_eig=6.932150e-01
[FW] iter=  4  min_eig=6.718796e-01
[FW] iter=  5  min_eig=5.766782e-01
[FW] iter=  6  min_eig=5.127604e-01
[FW] iter=  7  min_eig=7.343140e-01
[FW] iter=  8  min_eig=7.675941e-01
[FW] iter=  9  min_eig=7.258551e-01
[FW] iter= 10  min_eig=7.115242e-01
[FW] iter= 11  min_eig=7.804682e-01
[FW] iter= 12  min_eig=7.470655e-01
[FW] iter= 13  min_eig=7.345492e-01
[FW] iter= 14  min_eig=7.765670e-01
[FW] iter= 15  min_eig=7.763287e-01
[FW] iter= 16  min_eig=7.378025e-01
[FW] iter= 17  min_eig=7.401130e-01
[FW] iter= 18  min_eig=7.055139e-01
[FW] iter= 19  min_eig=8.403364e-01
[FW] iter= 20  min_eig=9.020455e-01
[FW] iter= 21  min_eig=9.754417e-01
[FW] iter= 22  min_eig=1.033995e+00
[FW] iter= 23  min_eig=1.086128e+00
[FW] iter= 24  min_eig=1.131506e+00
[FW] iter= 25  min_eig=1.170779e+00
[FW] iter= 26  min_eig=1.206093e+00
[FW] iter= 27  min_eig=1.238554e+00
[FW] iter= 28  min_eig=1.267569e+00
[FW] iter= 29  min_eig=1.293525e+00
[FW] iter= 30  min_eig=1.317124e+00
[FW] iter= 31  min_eig=1.338445e+00
[FW] iter= 32  min_eig=1.357786e+00
[FW] iter= 33  min_eig=1.375134e+00
[FW] iter= 34  min_eig=1.391344e+00
[FW] iter= 35  min_eig=1.406159e+00
[FW] iter= 36  min_eig=1.419728e+00
[FW] iter= 37  min_eig=1.432129e+00
[FW] iter= 38  min_eig=1.443709e+00
[FW] iter= 39  min_eig=1.454385e+00
[FW] iter= 40  min_eig=1.464251e+00
[FW] iter= 41  min_eig=1.473324e+00
[FW] iter= 42  min_eig=1.481896e+00
[FW] iter= 43  min_eig=1.489863e+00
[FW] iter= 44  min_eig=1.497277e+00
[FW] iter= 45  min_eig=1.504182e+00
[FW] iter= 46  min_eig=1.510680e+00
[FW] iter= 47  min_eig=1.516751e+00
[FW] iter= 48  min_eig=1.522385e+00
[FW] iter= 49  min_eig=1.527781e+00
[FW] iter= 50  min_eig=1.532841e+00
[FW] iter= 51  min_eig=1.537598e+00
[FW] iter= 52  min_eig=1.542063e+00
[FW] iter= 53  min_eig=1.546310e+00
[FW] iter= 54  min_eig=1.550308e+00
[FW] iter= 55  min_eig=1.554097e+00
[FW] iter= 56  min_eig=1.557628e+00
[FW] iter= 57  min_eig=1.561058e+00
[FW] iter= 58  min_eig=1.564299e+00
[FW] iter= 59  min_eig=1.567371e+00
[FW] iter= 60  min_eig=1.570280e+00
[FW] iter= 61  min_eig=1.573060e+00
[FW] iter= 62  min_eig=1.575701e+00
[FW] iter= 63  min_eig=1.578178e+00
[FW] iter= 64  min_eig=1.580599e+00
[FW] iter= 65  min_eig=1.582903e+00
[FW] iter= 66  min_eig=1.585095e+00
[FW] iter= 67  min_eig=1.587182e+00
[FW] iter= 68  min_eig=1.589190e+00
[FW] iter= 69  min_eig=1.591104e+00
[FW] iter= 70  min_eig=1.592907e+00
[FW] iter= 71  min_eig=1.594681e+00
[FW] iter= 72  min_eig=1.596376e+00
[FW] iter= 73  min_eig=1.597995e+00
[FW] iter= 74  min_eig=1.599543e+00
[FW] iter= 75  min_eig=1.601040e+00
[FW] iter= 76  min_eig=1.602472e+00
[FW] iter= 77  min_eig=1.603836e+00
[FW] iter= 78  min_eig=1.605171e+00
[FW] iter= 79  min_eig=1.606449e+00
[FW] iter= 80  min_eig=1.607674e+00
[FW] iter= 81  min_eig=1.608862e+00
[FW] iter= 82  min_eig=1.610003e+00
[FW] iter= 83  min_eig=1.611103e+00
[FW] iter= 84  min_eig=1.612165e+00
[FW] iter= 85  min_eig=1.613187e+00
[FW] iter= 86  min_eig=1.614179e+00
[FW] iter= 87  min_eig=1.615132e+00
[FW] iter= 88  min_eig=1.616058e+00
[FW] iter= 89  min_eig=1.616949e+00
[FW] iter= 90  min_eig=1.617802e+00
[FW] iter= 91  min_eig=1.618643e+00
[FW] iter= 92  min_eig=1.619451e+00
[FW] iter= 93  min_eig=1.620232e+00
[FW] iter= 94  min_eig=1.620991e+00
[FW] iter= 95  min_eig=1.621721e+00
[FW] iter= 96  min_eig=1.622436e+00
[FW] iter= 97  min_eig=1.623125e+00
[FW] iter= 98  min_eig=1.623791e+00
[FW] iter= 99  min_eig=1.624442e+00
[FW] iter=100  min_eig=1.625068e+00
[FW] iter=101  min_eig=1.625681e+00
[FW] iter=102  min_eig=1.626273e+00
[FW] iter=103  min_eig=1.626849e+00
[FW] iter=104  min_eig=1.627409e+00
[FW] iter=105  min_eig=1.627953e+00
[FW] iter=106  min_eig=1.628480e+00
[FW] iter=107  min_eig=1.628992e+00
[FW] iter=108  min_eig=1.629494e+00
[FW] iter=109  min_eig=1.629977e+00
[FW] iter=110  min_eig=1.630451e+00
[FW] iter=111  min_eig=1.630911e+00
[FW] iter=112  min_eig=1.631358e+00
[FW] iter=113  min_eig=1.631796e+00
[FW] iter=114  min_eig=1.632219e+00
[FW] iter=115  min_eig=1.632633e+00
[FW] iter=116  min_eig=1.633035e+00
[FW] iter=117  min_eig=1.633429e+00
[FW] iter=118  min_eig=1.633811e+00
[FW] iter=119  min_eig=1.634184e+00
[FW] iter=120  min_eig=1.634549e+00
[FW] iter=121  min_eig=1.634902e+00
[FW] iter=122  min_eig=1.635250e+00
[FW] iter=123  min_eig=1.635588e+00
[FW] iter=124  min_eig=1.635918e+00
[FW] iter=125  min_eig=1.636239e+00
[FW] iter=126  min_eig=1.636555e+00
[FW] iter=127  min_eig=1.636862e+00
[FW] iter=128  min_eig=1.637159e+00
[FW] iter=129  min_eig=1.637454e+00
[FW] iter=130  min_eig=1.637740e+00
[FW] iter=131  min_eig=1.638019e+00
[FW] iter=132  min_eig=1.638293e+00
[FW] iter=133  min_eig=1.638561e+00
[FW] iter=134  min_eig=1.638821e+00
[FW] iter=135  min_eig=1.639077e+00
[FW] iter=136  min_eig=1.639328e+00
[FW] iter=137  min_eig=1.639572e+00
[FW] iter=138  min_eig=1.639811e+00
[FW] iter=139  min_eig=1.640046e+00
[FW] iter=140  min_eig=1.640275e+00
[FW] iter=141  min_eig=1.640499e+00
[FW] iter=142  min_eig=1.640719e+00
[FW] iter=143  min_eig=1.640934e+00
[FW] iter=144  min_eig=1.641145e+00
[FW] iter=145  min_eig=1.641352e+00
[FW] iter=146  min_eig=1.641553e+00
[FW] iter=147  min_eig=1.641752e+00
[FW] iter=148  min_eig=1.641944e+00
[FW] iter=149  min_eig=1.642135e+00
[FW] iter=150  min_eig=1.642321e+00
[FW] iter=151  min_eig=1.642504e+00
[FW] iter=152  min_eig=1.642683e+00
[FW] iter=153  min_eig=1.642859e+00
[FW] iter=154  min_eig=1.643032e+00
[FW] iter=155  min_eig=1.643200e+00
[FW] iter=156  min_eig=1.643366e+00
[FW] iter=157  min_eig=1.643529e+00
[FW] iter=158  min_eig=1.643687e+00
[FW] iter=159  min_eig=1.643845e+00
[FW] iter=160  min_eig=1.643997e+00
[FW] iter=161  min_eig=1.644149e+00
[FW] iter=162  min_eig=1.644296e+00
[FW] iter=163  min_eig=1.644441e+00
[FW] iter=164  min_eig=1.644584e+00
[FW] iter=165  min_eig=1.644724e+00
[FW] iter=166  min_eig=1.644862e+00
[FW] iter=167  min_eig=1.644996e+00
[FW] iter=168  min_eig=1.645130e+00
[FW] iter=169  min_eig=1.645260e+00
[FW] iter=170  min_eig=1.645387e+00
[FW] iter=171  min_eig=1.645514e+00
[FW] iter=172  min_eig=1.645637e+00
[FW] iter=173  min_eig=1.645758e+00
[FW] iter=174  min_eig=1.645878e+00
[FW] iter=175  min_eig=1.645995e+00
[FW] iter=176  min_eig=1.646111e+00
[FW] iter=177  min_eig=1.646224e+00
[FW] iter=178  min_eig=1.646335e+00
[FW] iter=179  min_eig=1.646445e+00
[FW] iter=180  min_eig=1.646553e+00
[FW] iter=181  min_eig=1.646659e+00
[FW] iter=182  min_eig=1.646763e+00
[FW] iter=183  min_eig=1.646866e+00
[FW] iter=184  min_eig=1.646967e+00
[FW] iter=185  min_eig=1.647066e+00
[FW] iter=186  min_eig=1.647164e+00
[FW] iter=187  min_eig=1.647260e+00
[FW] iter=188  min_eig=1.647354e+00
[FW] iter=189  min_eig=1.647448e+00
[FW] iter=190  min_eig=1.647540e+00
[FW] iter=191  min_eig=1.647629e+00
[FW] iter=192  min_eig=1.647719e+00
[FW] iter=193  min_eig=1.647806e+00
[FW] iter=194  min_eig=1.647892e+00
[FW] iter=195  min_eig=1.647977e+00
[FW] iter=196  min_eig=1.648060e+00
[FW] iter=197  min_eig=1.648143e+00
[FW] iter=198  min_eig=1.648224e+00
[FW] iter=199  min_eig=1.648304e+00
[FW] iter=200  min_eig=1.648382e+00
[FW] iter=201  min_eig=1.648460e+00
[FW] iter=202  min_eig=1.648536e+00
[FW] iter=203  min_eig=1.648611e+00
[FW] iter=204  min_eig=1.648686e+00
[FW] iter=205  min_eig=1.648758e+00
[FW] iter=206  min_eig=1.648830e+00
[FW] iter=207  min_eig=1.648901e+00
[FW] iter=208  min_eig=1.648970e+00
[FW] iter=209  min_eig=1.649040e+00
[FW] iter=210  min_eig=1.649108e+00
[FW] iter=211  min_eig=1.649174e+00
[FW] iter=212  min_eig=1.649241e+00
[FW] iter=213  min_eig=1.649306e+00
[FW] iter=214  min_eig=1.649370e+00
[FW] iter=215  min_eig=1.649433e+00
[FW] iter=216  min_eig=1.649495e+00
[FW] iter=217  min_eig=1.649557e+00
[FW] iter=218  min_eig=1.649617e+00
[FW] iter=219  min_eig=1.649678e+00
[FW] iter=220  min_eig=1.649737e+00
[FW] iter=221  min_eig=1.649795e+00
[FW] iter=222  min_eig=1.649853e+00
[FW] iter=223  min_eig=1.649909e+00
[FW] iter=224  min_eig=1.649965e+00
[FW] iter=225  min_eig=1.650021e+00
[FW] iter=226  min_eig=1.650075e+00
[FW] iter=227  min_eig=1.650128e+00
[FW] iter=228  min_eig=1.650182e+00
[FW] iter=229  min_eig=1.650234e+00
[FW] iter=230  min_eig=1.650286e+00
[FW] iter=231  min_eig=1.650337e+00
[FW] iter=232  min_eig=1.650387e+00
[FW] iter=233  min_eig=1.650437e+00
[FW] iter=234  min_eig=1.650486e+00
[FW] iter=235  min_eig=1.650535e+00
[FW] iter=236  min_eig=1.650582e+00
[FW] iter=237  min_eig=1.650630e+00
[FW] iter=238  min_eig=1.650676e+00
[FW] iter=239  min_eig=1.650722e+00
[FW] iter=240  min_eig=1.650768e+00
[FW] iter=241  min_eig=1.650813e+00
[FW] iter=242  min_eig=1.650857e+00
[FW] iter=243  min_eig=1.650901e+00
[FW] iter=244  min_eig=1.650944e+00
[FW] iter=245  min_eig=1.650988e+00
[FW] iter=246  min_eig=1.651029e+00
[FW] iter=247  min_eig=1.651071e+00
[FW] iter=248  min_eig=1.651112e+00
[FW] iter=249  min_eig=1.651153e+00
[FW] iter=250  min_eig=1.651193e+00
[FW] iter=251  min_eig=1.651233e+00
[FW] iter=252  min_eig=1.651272e+00
[FW] iter=253  min_eig=1.651311e+00
[FW] iter=254  min_eig=1.651349e+00
[FW] iter=255  min_eig=1.651388e+00
[FW] iter=256  min_eig=1.651425e+00
[FW] iter=257  min_eig=1.651462e+00
[FW] iter=258  min_eig=1.651499e+00
[FW] iter=259  min_eig=1.651535e+00
[FW] iter=260  min_eig=1.651571e+00
[FW] iter=261  min_eig=1.651606e+00
[FW] iter=262  min_eig=1.651641e+00
[FW] iter=263  min_eig=1.651676e+00
[FW] iter=264  min_eig=1.651710e+00
[FW] iter=265  min_eig=1.651744e+00
[FW] iter=266  min_eig=1.651777e+00
[FW] iter=267  min_eig=1.651810e+00
[FW] iter=268  min_eig=1.651843e+00
[FW] iter=269  min_eig=1.651875e+00
[FW] iter=270  min_eig=1.651907e+00
[FW] iter=271  min_eig=1.651939e+00
[FW] iter=272  min_eig=1.651970e+00
[FW] iter=273  min_eig=1.652001e+00
[FW] iter=274  min_eig=1.652031e+00
[FW] iter=275  min_eig=1.652062e+00
[FW] iter=276  min_eig=1.652092e+00
[FW] iter=277  min_eig=1.652121e+00
[FW] iter=278  min_eig=1.652150e+00
[FW] iter=279  min_eig=1.652179e+00
[FW] iter=280  min_eig=1.652208e+00
[FW] iter=281  min_eig=1.652236e+00
[FW] iter=282  min_eig=1.652264e+00
[FW] iter=283  min_eig=1.652292e+00
[FW] iter=284  min_eig=1.652320e+00
[FW] iter=285  min_eig=1.652347e+00
[FW] iter=286  min_eig=1.652374e+00
[FW] iter=287  min_eig=1.652400e+00
[FW] iter=288  min_eig=1.652427e+00
[FW] iter=289  min_eig=1.652453e+00
[FW] iter=290  min_eig=1.652479e+00
[FW] iter=291  min_eig=1.652504e+00
[FW] iter=292  min_eig=1.652529e+00
[FW] iter=293  min_eig=1.652554e+00
[FW] iter=294  min_eig=1.652579e+00
[FW] iter=295  min_eig=1.652604e+00
[FW] iter=296  min_eig=1.652628e+00
[FW] iter=297  min_eig=1.652652e+00
[FW] iter=298  min_eig=1.652675e+00
[FW] iter=299  min_eig=1.652699e+00
  [fw-e] min_eig=1.6513e+00  heldout=0.8546  (2.3s)
[FW-A] Building 720 candidate information matrices...
Building FIM:   0%|          | 0/720 [00:00<?, ?candidate/s]Building FIM:  62%|██████▏   | 448/720 [00:00<00:00, 3710.81candidate/s]Building FIM: 100%|██████████| 720/720 [00:00<00:00, 4355.00candidate/s]
[FW-A] Done. Starting Frank-Wolfe A-optimal (select_k=40)...
[FW-A] Pre-extracting dense blocks (intr_dim=9, num_poses=720)...
[FW-A] Block extraction done. Starting iterations...
[FW-A] iter=  0  -trace(H^{-1})=-1.662064e+00
[FW-A] iter=  1  -trace(H^{-1})=-4.244656e+02
[FW-A] iter=  2  -trace(H^{-1})=-2.449715e+00
[FW-A] iter=  3  -trace(H^{-1})=-1.877226e+00
[FW-A] iter=  4  -trace(H^{-1})=-1.807085e+00
[FW-A] iter=  5  -trace(H^{-1})=-2.015833e+00
[FW-A] iter=  6  -trace(H^{-1})=-2.206710e+00
[FW-A] iter=  7  -trace(H^{-1})=-1.812916e+00
[FW-A] iter=  8  -trace(H^{-1})=-1.749740e+00
[FW-A] iter=  9  -trace(H^{-1})=-1.793800e+00
[FW-A] iter= 10  -trace(H^{-1})=-1.852414e+00
[FW-A] iter= 11  -trace(H^{-1})=-1.722660e+00
[FW-A] iter= 12  -trace(H^{-1})=-1.763638e+00
[FW-A] iter= 13  -trace(H^{-1})=-1.810031e+00
[FW-A] iter= 14  -trace(H^{-1})=-1.713376e+00
[FW-A] iter= 15  -trace(H^{-1})=-1.725067e+00
[FW-A] iter= 16  -trace(H^{-1})=-1.774334e+00
[FW-A] iter= 17  -trace(H^{-1})=-1.747427e+00
[FW-A] iter= 18  -trace(H^{-1})=-1.808321e+00
[FW-A] iter= 19  -trace(H^{-1})=-1.636327e+00
[FW-A] iter= 20  -trace(H^{-1})=-1.515345e+00
[FW-A] iter= 21  -trace(H^{-1})=-1.424997e+00
[FW-A] iter= 22  -trace(H^{-1})=-1.356664e+00
[FW-A] iter= 23  -trace(H^{-1})=-1.302433e+00
[FW-A] iter= 24  -trace(H^{-1})=-1.258826e+00
[FW-A] iter= 25  -trace(H^{-1})=-1.222974e+00
[FW-A] iter= 26  -trace(H^{-1})=-1.192994e+00
[FW-A] iter= 27  -trace(H^{-1})=-1.167746e+00
[FW-A] iter= 28  -trace(H^{-1})=-1.145876e+00
[FW-A] iter= 29  -trace(H^{-1})=-1.127009e+00
[FW-A] iter= 30  -trace(H^{-1})=-1.110674e+00
[FW-A] iter= 31  -trace(H^{-1})=-1.096262e+00
[FW-A] iter= 32  -trace(H^{-1})=-1.083567e+00
[FW-A] iter= 33  -trace(H^{-1})=-1.072245e+00
[FW-A] iter= 34  -trace(H^{-1})=-1.062057e+00
[FW-A] iter= 35  -trace(H^{-1})=-1.052873e+00
[FW-A] iter= 36  -trace(H^{-1})=-1.044633e+00
[FW-A] iter= 37  -trace(H^{-1})=-1.037157e+00
[FW-A] iter= 38  -trace(H^{-1})=-1.030421e+00
[FW-A] iter= 39  -trace(H^{-1})=-1.024226e+00
[FW-A] iter= 40  -trace(H^{-1})=-1.018573e+00
[FW-A] iter= 41  -trace(H^{-1})=-1.013397e+00
[FW-A] iter= 42  -trace(H^{-1})=-1.008598e+00
[FW-A] iter= 43  -trace(H^{-1})=-1.004137e+00
[FW-A] iter= 44  -trace(H^{-1})=-1.000044e+00
[FW-A] iter= 45  -trace(H^{-1})=-9.962254e-01
[FW-A] iter= 46  -trace(H^{-1})=-9.926988e-01
[FW-A] iter= 47  -trace(H^{-1})=-9.894026e-01
[FW-A] iter= 48  -trace(H^{-1})=-9.863401e-01
[FW-A] iter= 49  -trace(H^{-1})=-9.834739e-01
[FW-A] iter= 50  -trace(H^{-1})=-9.807957e-01
[FW-A] iter= 51  -trace(H^{-1})=-9.782869e-01
[FW-A] iter= 52  -trace(H^{-1})=-9.759718e-01
[FW-A] iter= 53  -trace(H^{-1})=-9.737765e-01
[FW-A] iter= 54  -trace(H^{-1})=-9.717252e-01
[FW-A] iter= 55  -trace(H^{-1})=-9.697391e-01
[FW-A] iter= 56  -trace(H^{-1})=-9.678799e-01
[FW-A] iter= 57  -trace(H^{-1})=-9.661302e-01
[FW-A] iter= 58  -trace(H^{-1})=-9.644895e-01
[FW-A] iter= 59  -trace(H^{-1})=-9.629332e-01
[FW-A] iter= 60  -trace(H^{-1})=-9.614397e-01
[FW-A] iter= 61  -trace(H^{-1})=-9.600350e-01
[FW-A] iter= 62  -trace(H^{-1})=-9.586923e-01
[FW-A] iter= 63  -trace(H^{-1})=-9.574234e-01
[FW-A] iter= 64  -trace(H^{-1})=-9.562117e-01
[FW-A] iter= 65  -trace(H^{-1})=-9.550613e-01
[FW-A] iter= 66  -trace(H^{-1})=-9.539635e-01
[FW-A] iter= 67  -trace(H^{-1})=-9.529169e-01
[FW-A] iter= 68  -trace(H^{-1})=-9.519194e-01
[FW-A] iter= 69  -trace(H^{-1})=-9.509643e-01
[FW-A] iter= 70  -trace(H^{-1})=-9.500549e-01
[FW-A] iter= 71  -trace(H^{-1})=-9.491807e-01
[FW-A] iter= 72  -trace(H^{-1})=-9.483497e-01
[FW-A] iter= 73  -trace(H^{-1})=-9.475474e-01
[FW-A] iter= 74  -trace(H^{-1})=-9.467856e-01
[FW-A] iter= 75  -trace(H^{-1})=-9.460472e-01
[FW-A] iter= 76  -trace(H^{-1})=-9.453406e-01
[FW-A] iter= 77  -trace(H^{-1})=-9.446717e-01
[FW-A] iter= 78  -trace(H^{-1})=-9.440333e-01
[FW-A] iter= 79  -trace(H^{-1})=-9.434025e-01
[FW-A] iter= 80  -trace(H^{-1})=-9.428009e-01
[FW-A] iter= 81  -trace(H^{-1})=-9.422265e-01
[FW-A] iter= 82  -trace(H^{-1})=-9.416683e-01
[FW-A] iter= 83  -trace(H^{-1})=-9.411297e-01
[FW-A] iter= 84  -trace(H^{-1})=-9.406156e-01
[FW-A] iter= 85  -trace(H^{-1})=-9.401156e-01
[FW-A] iter= 86  -trace(H^{-1})=-9.396369e-01
[FW-A] iter= 87  -trace(H^{-1})=-9.391723e-01
[FW-A] iter= 88  -trace(H^{-1})=-9.387258e-01
[FW-A] iter= 89  -trace(H^{-1})=-9.382936e-01
[FW-A] iter= 90  -trace(H^{-1})=-9.378764e-01
[FW-A] iter= 91  -trace(H^{-1})=-9.374735e-01
[FW-A] iter= 92  -trace(H^{-1})=-9.370830e-01
[FW-A] iter= 93  -trace(H^{-1})=-9.367071e-01
[FW-A] iter= 94  -trace(H^{-1})=-9.363409e-01
[FW-A] iter= 95  -trace(H^{-1})=-9.359894e-01
[FW-A] iter= 96  -trace(H^{-1})=-9.356456e-01
[FW-A] iter= 97  -trace(H^{-1})=-9.353127e-01
[FW-A] iter= 98  -trace(H^{-1})=-9.349963e-01
[FW-A] iter= 99  -trace(H^{-1})=-9.346827e-01
[FW-A] iter=100  -trace(H^{-1})=-9.343782e-01
[FW-A] iter=101  -trace(H^{-1})=-9.340848e-01
[FW-A] iter=102  -trace(H^{-1})=-9.338060e-01
[FW-A] iter=103  -trace(H^{-1})=-9.335271e-01
[FW-A] iter=104  -trace(H^{-1})=-9.332576e-01
[FW-A] iter=105  -trace(H^{-1})=-9.329976e-01
[FW-A] iter=106  -trace(H^{-1})=-9.327453e-01
[FW-A] iter=107  -trace(H^{-1})=-9.324996e-01
[FW-A] iter=108  -trace(H^{-1})=-9.322634e-01
[FW-A] iter=109  -trace(H^{-1})=-9.320313e-01
[FW-A] iter=110  -trace(H^{-1})=-9.318044e-01
[FW-A] iter=111  -trace(H^{-1})=-9.315866e-01
[FW-A] iter=112  -trace(H^{-1})=-9.313719e-01
[FW-A] iter=113  -trace(H^{-1})=-9.311652e-01
[FW-A] iter=114  -trace(H^{-1})=-9.309625e-01
[FW-A] iter=115  -trace(H^{-1})=-9.307662e-01
[FW-A] iter=116  -trace(H^{-1})=-9.305742e-01
[FW-A] iter=117  -trace(H^{-1})=-9.303876e-01
[FW-A] iter=118  -trace(H^{-1})=-9.302060e-01
[FW-A] iter=119  -trace(H^{-1})=-9.300284e-01
[FW-A] iter=120  -trace(H^{-1})=-9.298562e-01
[FW-A] iter=121  -trace(H^{-1})=-9.296871e-01
[FW-A] iter=122  -trace(H^{-1})=-9.295238e-01
[FW-A] iter=123  -trace(H^{-1})=-9.293625e-01
[FW-A] iter=124  -trace(H^{-1})=-9.292052e-01
[FW-A] iter=125  -trace(H^{-1})=-9.290541e-01
[FW-A] iter=126  -trace(H^{-1})=-9.289035e-01
[FW-A] iter=127  -trace(H^{-1})=-9.287601e-01
[FW-A] iter=128  -trace(H^{-1})=-9.286163e-01
[FW-A] iter=129  -trace(H^{-1})=-9.284774e-01
[FW-A] iter=130  -trace(H^{-1})=-9.283445e-01
[FW-A] iter=131  -trace(H^{-1})=-9.282100e-01
[FW-A] iter=132  -trace(H^{-1})=-9.280799e-01
[FW-A] iter=133  -trace(H^{-1})=-9.279536e-01
[FW-A] iter=134  -trace(H^{-1})=-9.278331e-01
[FW-A] iter=135  -trace(H^{-1})=-9.277096e-01
[FW-A] iter=136  -trace(H^{-1})=-9.275910e-01
[FW-A] iter=137  -trace(H^{-1})=-9.274766e-01
[FW-A] iter=138  -trace(H^{-1})=-9.273626e-01
[FW-A] iter=139  -trace(H^{-1})=-9.272529e-01
[FW-A] iter=140  -trace(H^{-1})=-9.271440e-01
[FW-A] iter=141  -trace(H^{-1})=-9.270387e-01
[FW-A] iter=142  -trace(H^{-1})=-9.269347e-01
[FW-A] iter=143  -trace(H^{-1})=-9.268336e-01
[FW-A] iter=144  -trace(H^{-1})=-9.267342e-01
[FW-A] iter=145  -trace(H^{-1})=-9.266370e-01
[FW-A] iter=146  -trace(H^{-1})=-9.265420e-01
[FW-A] iter=147  -trace(H^{-1})=-9.264485e-01
[FW-A] iter=148  -trace(H^{-1})=-9.263576e-01
[FW-A] iter=149  -trace(H^{-1})=-9.262677e-01
[FW-A] iter=150  -trace(H^{-1})=-9.261807e-01
[FW-A] iter=151  -trace(H^{-1})=-9.260941e-01
[FW-A] iter=152  -trace(H^{-1})=-9.260108e-01
[FW-A] iter=153  -trace(H^{-1})=-9.259273e-01
[FW-A] iter=154  -trace(H^{-1})=-9.258457e-01
[FW-A] iter=155  -trace(H^{-1})=-9.257682e-01
[FW-A] iter=156  -trace(H^{-1})=-9.256892e-01
[FW-A] iter=157  -trace(H^{-1})=-9.256118e-01
[FW-A] iter=158  -trace(H^{-1})=-9.255366e-01
[FW-A] iter=159  -trace(H^{-1})=-9.254629e-01
[FW-A] iter=160  -trace(H^{-1})=-9.253908e-01
[FW-A] iter=161  -trace(H^{-1})=-9.253200e-01
[FW-A] iter=162  -trace(H^{-1})=-9.252504e-01
[FW-A] iter=163  -trace(H^{-1})=-9.251831e-01
[FW-A] iter=164  -trace(H^{-1})=-9.251159e-01
[FW-A] iter=165  -trace(H^{-1})=-9.250496e-01
[FW-A] iter=166  -trace(H^{-1})=-9.249857e-01
[FW-A] iter=167  -trace(H^{-1})=-9.249217e-01
[FW-A] iter=168  -trace(H^{-1})=-9.248599e-01
[FW-A] iter=169  -trace(H^{-1})=-9.247984e-01
[FW-A] iter=170  -trace(H^{-1})=-9.247385e-01
[FW-A] iter=171  -trace(H^{-1})=-9.246795e-01
[FW-A] iter=172  -trace(H^{-1})=-9.246215e-01
[FW-A] iter=173  -trace(H^{-1})=-9.245646e-01
[FW-A] iter=174  -trace(H^{-1})=-9.245085e-01
[FW-A] iter=175  -trace(H^{-1})=-9.244538e-01
[FW-A] iter=176  -trace(H^{-1})=-9.243994e-01
[FW-A] iter=177  -trace(H^{-1})=-9.243467e-01
[FW-A] iter=178  -trace(H^{-1})=-9.242940e-01
[FW-A] iter=179  -trace(H^{-1})=-9.242422e-01
[FW-A] iter=180  -trace(H^{-1})=-9.241924e-01
[FW-A] iter=181  -trace(H^{-1})=-9.241420e-01
[FW-A] iter=182  -trace(H^{-1})=-9.240941e-01
[FW-A] iter=183  -trace(H^{-1})=-9.240451e-01
[FW-A] iter=184  -trace(H^{-1})=-9.239978e-01
[FW-A] iter=185  -trace(H^{-1})=-9.239524e-01
[FW-A] iter=186  -trace(H^{-1})=-9.239056e-01
[FW-A] iter=187  -trace(H^{-1})=-9.238602e-01
[FW-A] iter=188  -trace(H^{-1})=-9.238160e-01
[FW-A] iter=189  -trace(H^{-1})=-9.237722e-01
[FW-A] iter=190  -trace(H^{-1})=-9.237300e-01
[FW-A] iter=191  -trace(H^{-1})=-9.236870e-01
[FW-A] iter=192  -trace(H^{-1})=-9.236460e-01
[FW-A] iter=193  -trace(H^{-1})=-9.236046e-01
[FW-A] iter=194  -trace(H^{-1})=-9.235646e-01
[FW-A] iter=195  -trace(H^{-1})=-9.235246e-01
[FW-A] iter=196  -trace(H^{-1})=-9.234858e-01
[FW-A] iter=197  -trace(H^{-1})=-9.234472e-01
[FW-A] iter=198  -trace(H^{-1})=-9.234094e-01
[FW-A] iter=199  -trace(H^{-1})=-9.233720e-01
[FW-A] iter=200  -trace(H^{-1})=-9.233352e-01
[FW-A] iter=201  -trace(H^{-1})=-9.232992e-01
[FW-A] iter=202  -trace(H^{-1})=-9.232634e-01
[FW-A] iter=203  -trace(H^{-1})=-9.232285e-01
[FW-A] iter=204  -trace(H^{-1})=-9.231936e-01
[FW-A] iter=205  -trace(H^{-1})=-9.231599e-01
[FW-A] iter=206  -trace(H^{-1})=-9.231259e-01
[FW-A] iter=207  -trace(H^{-1})=-9.230933e-01
[FW-A] iter=208  -trace(H^{-1})=-9.230602e-01
[FW-A] iter=209  -trace(H^{-1})=-9.230277e-01
[FW-A] iter=210  -trace(H^{-1})=-9.229970e-01
[FW-A] iter=211  -trace(H^{-1})=-9.229651e-01
[FW-A] iter=212  -trace(H^{-1})=-9.229337e-01
[FW-A] iter=213  -trace(H^{-1})=-9.229032e-01
[FW-A] iter=214  -trace(H^{-1})=-9.228731e-01
[FW-A] iter=215  -trace(H^{-1})=-9.228436e-01
[FW-A] iter=216  -trace(H^{-1})=-9.228145e-01
[FW-A] iter=217  -trace(H^{-1})=-9.227857e-01
[FW-A] iter=218  -trace(H^{-1})=-9.227578e-01
[FW-A] iter=219  -trace(H^{-1})=-9.227297e-01
[FW-A] iter=220  -trace(H^{-1})=-9.227018e-01
[FW-A] iter=221  -trace(H^{-1})=-9.226749e-01
[FW-A] iter=222  -trace(H^{-1})=-9.226478e-01
[FW-A] iter=223  -trace(H^{-1})=-9.226215e-01
[FW-A] iter=224  -trace(H^{-1})=-9.225953e-01
[FW-A] iter=225  -trace(H^{-1})=-9.225696e-01
[FW-A] iter=226  -trace(H^{-1})=-9.225441e-01
[FW-A] iter=227  -trace(H^{-1})=-9.225190e-01
[FW-A] iter=228  -trace(H^{-1})=-9.224943e-01
[FW-A] iter=229  -trace(H^{-1})=-9.224698e-01
[FW-A] iter=230  -trace(H^{-1})=-9.224459e-01
[FW-A] iter=231  -trace(H^{-1})=-9.224219e-01
[FW-A] iter=232  -trace(H^{-1})=-9.223987e-01
[FW-A] iter=233  -trace(H^{-1})=-9.223752e-01
[FW-A] iter=234  -trace(H^{-1})=-9.223520e-01
[FW-A] iter=235  -trace(H^{-1})=-9.223303e-01
[FW-A] iter=236  -trace(H^{-1})=-9.223076e-01
[FW-A] iter=237  -trace(H^{-1})=-9.222851e-01
[FW-A] iter=238  -trace(H^{-1})=-9.222632e-01
[FW-A] iter=239  -trace(H^{-1})=-9.222428e-01
[FW-A] iter=240  -trace(H^{-1})=-9.222209e-01
[FW-A] iter=241  -trace(H^{-1})=-9.221996e-01
[FW-A] iter=242  -trace(H^{-1})=-9.221788e-01
[FW-A] iter=243  -trace(H^{-1})=-9.221589e-01
[FW-A] iter=244  -trace(H^{-1})=-9.221382e-01
[FW-A] iter=245  -trace(H^{-1})=-9.221187e-01
[FW-A] iter=246  -trace(H^{-1})=-9.220987e-01
[FW-A] iter=247  -trace(H^{-1})=-9.220795e-01
[FW-A] iter=248  -trace(H^{-1})=-9.220601e-01
[FW-A] iter=249  -trace(H^{-1})=-9.220413e-01
[FW-A] iter=250  -trace(H^{-1})=-9.220224e-01
[FW-A] iter=251  -trace(H^{-1})=-9.220040e-01
[FW-A] iter=252  -trace(H^{-1})=-9.219856e-01
[FW-A] iter=253  -trace(H^{-1})=-9.219676e-01
[FW-A] iter=254  -trace(H^{-1})=-9.219497e-01
[FW-A] iter=255  -trace(H^{-1})=-9.219321e-01
[FW-A] iter=256  -trace(H^{-1})=-9.219147e-01
[FW-A] iter=257  -trace(H^{-1})=-9.218974e-01
[FW-A] iter=258  -trace(H^{-1})=-9.218805e-01
[FW-A] iter=259  -trace(H^{-1})=-9.218635e-01
[FW-A] iter=260  -trace(H^{-1})=-9.218466e-01
[FW-A] iter=261  -trace(H^{-1})=-9.218306e-01
[FW-A] iter=262  -trace(H^{-1})=-9.218141e-01
[FW-A] iter=263  -trace(H^{-1})=-9.217976e-01
[FW-A] iter=264  -trace(H^{-1})=-9.217815e-01
[FW-A] iter=265  -trace(H^{-1})=-9.217664e-01
[FW-A] iter=266  -trace(H^{-1})=-9.217504e-01
[FW-A] iter=267  -trace(H^{-1})=-9.217347e-01
[FW-A] iter=268  -trace(H^{-1})=-9.217194e-01
[FW-A] iter=269  -trace(H^{-1})=-9.217043e-01
[FW-A] iter=270  -trace(H^{-1})=-9.216894e-01
[FW-A] iter=271  -trace(H^{-1})=-9.216747e-01
[FW-A] iter=272  -trace(H^{-1})=-9.216605e-01
[FW-A] iter=273  -trace(H^{-1})=-9.216458e-01
[FW-A] iter=274  -trace(H^{-1})=-9.216318e-01
[FW-A] iter=275  -trace(H^{-1})=-9.216175e-01
[FW-A] iter=276  -trace(H^{-1})=-9.216038e-01
[FW-A] iter=277  -trace(H^{-1})=-9.215899e-01
[FW-A] iter=278  -trace(H^{-1})=-9.215764e-01
[FW-A] iter=279  -trace(H^{-1})=-9.215628e-01
[FW-A] iter=280  -trace(H^{-1})=-9.215495e-01
[FW-A] iter=281  -trace(H^{-1})=-9.215364e-01
[FW-A] iter=282  -trace(H^{-1})=-9.215233e-01
[FW-A] iter=283  -trace(H^{-1})=-9.215105e-01
[FW-A] iter=284  -trace(H^{-1})=-9.214976e-01
[FW-A] iter=285  -trace(H^{-1})=-9.214851e-01
[FW-A] iter=286  -trace(H^{-1})=-9.214725e-01
[FW-A] iter=287  -trace(H^{-1})=-9.214599e-01
[FW-A] iter=288  -trace(H^{-1})=-9.214479e-01
[FW-A] iter=289  -trace(H^{-1})=-9.214355e-01
[FW-A] iter=290  -trace(H^{-1})=-9.214235e-01
[FW-A] iter=291  -trace(H^{-1})=-9.214114e-01
[FW-A] iter=292  -trace(H^{-1})=-9.213997e-01
[FW-A] iter=293  -trace(H^{-1})=-9.213879e-01
[FW-A] iter=294  -trace(H^{-1})=-9.213771e-01
[FW-A] iter=295  -trace(H^{-1})=-9.213653e-01
[FW-A] iter=296  -trace(H^{-1})=-9.213538e-01
[FW-A] iter=297  -trace(H^{-1})=-9.213425e-01
[FW-A] iter=298  -trace(H^{-1})=-9.213318e-01
[FW-A] iter=299  -trace(H^{-1})=-9.213206e-01
  [fw-a] min_eig=1.6087e+00  heldout=1.2124  (2.3s)
[FW-D] Building 720 candidate information matrices...
Building FIM:   0%|          | 0/720 [00:00<?, ?candidate/s]Building FIM:  62%|██████▏   | 448/720 [00:00<00:00, 3905.05candidate/s]Building FIM: 100%|██████████| 720/720 [00:00<00:00, 4379.34candidate/s]
[FW-D] Done. Starting Frank-Wolfe D-optimal (select_k=40)...
[FW-D] Pre-extracting dense blocks (intr_dim=9, num_poses=720)...
[FW-D] Block extraction done. Starting iterations...
[FW-D] iter=  0  logdet=8.856262e+01
[FW-D] iter=  1  logdet=8.904140e+01
[FW-D] iter=  2  logdet=8.890381e+01
[FW-D] iter=  3  logdet=8.860837e+01
[FW-D] iter=  4  logdet=8.839077e+01
[FW-D] iter=  5  logdet=8.836956e+01
[FW-D] iter=  6  logdet=8.809753e+01
[FW-D] iter=  7  logdet=8.838881e+01
[FW-D] iter=  8  logdet=8.865343e+01
[FW-D] iter=  9  logdet=8.854163e+01
[FW-D] iter= 10  logdet=8.855124e+01
[FW-D] iter= 11  logdet=8.876543e+01
[FW-D] iter= 12  logdet=8.867529e+01
[FW-D] iter= 13  logdet=8.851815e+01
[FW-D] iter= 14  logdet=8.848894e+01
[FW-D] iter= 15  logdet=8.838761e+01
[FW-D] iter= 16  logdet=8.830412e+01
[FW-D] iter= 17  logdet=8.827963e+01
[FW-D] iter= 18  logdet=8.795851e+01
[FW-D] iter= 19  logdet=8.854683e+01
[FW-D] iter= 20  logdet=8.895593e+01
[FW-D] iter= 21  logdet=8.927907e+01
[FW-D] iter= 22  logdet=8.954127e+01
[FW-D] iter= 23  logdet=8.976062e+01
[FW-D] iter= 24  logdet=8.994657e+01
[FW-D] iter= 25  logdet=9.010637e+01
[FW-D] iter= 26  logdet=9.024504e+01
[FW-D] iter= 27  logdet=9.036628e+01
[FW-D] iter= 28  logdet=9.047300e+01
[FW-D] iter= 29  logdet=9.056766e+01
[FW-D] iter= 30  logdet=9.065180e+01
[FW-D] iter= 31  logdet=9.072745e+01
[FW-D] iter= 32  logdet=9.079515e+01
[FW-D] iter= 33  logdet=9.085683e+01
[FW-D] iter= 34  logdet=9.091271e+01
[FW-D] iter= 35  logdet=9.096360e+01
[FW-D] iter= 36  logdet=9.101004e+01
[FW-D] iter= 37  logdet=9.105259e+01
[FW-D] iter= 38  logdet=9.109145e+01
[FW-D] iter= 39  logdet=9.112734e+01
[FW-D] iter= 40  logdet=9.116043e+01
[FW-D] iter= 41  logdet=9.119115e+01
[FW-D] iter= 42  logdet=9.121958e+01
[FW-D] iter= 43  logdet=9.124605e+01
[FW-D] iter= 44  logdet=9.127065e+01
[FW-D] iter= 45  logdet=9.129359e+01
[FW-D] iter= 46  logdet=9.131499e+01
[FW-D] iter= 47  logdet=9.133498e+01
[FW-D] iter= 48  logdet=9.135374e+01
[FW-D] iter= 49  logdet=9.137133e+01
[FW-D] iter= 50  logdet=9.138783e+01
[FW-D] iter= 51  logdet=9.140334e+01
[FW-D] iter= 52  logdet=9.141797e+01
[FW-D] iter= 53  logdet=9.143176e+01
[FW-D] iter= 54  logdet=9.144477e+01
[FW-D] iter= 55  logdet=9.145706e+01
[FW-D] iter= 56  logdet=9.146868e+01
[FW-D] iter= 57  logdet=9.147970e+01
[FW-D] iter= 58  logdet=9.149014e+01
[FW-D] iter= 59  logdet=9.150004e+01
[FW-D] iter= 60  logdet=9.150945e+01
[FW-D] iter= 61  logdet=9.151838e+01
[FW-D] iter= 62  logdet=9.152689e+01
[FW-D] iter= 63  logdet=9.153499e+01
[FW-D] iter= 64  logdet=9.154270e+01
[FW-D] iter= 65  logdet=9.155006e+01
[FW-D] iter= 66  logdet=9.155708e+01
[FW-D] iter= 67  logdet=9.156379e+01
[FW-D] iter= 68  logdet=9.157020e+01
[FW-D] iter= 69  logdet=9.157633e+01
[FW-D] iter= 70  logdet=9.158219e+01
[FW-D] iter= 71  logdet=9.158782e+01
[FW-D] iter= 72  logdet=9.159320e+01
[FW-D] iter= 73  logdet=9.159836e+01
[FW-D] iter= 74  logdet=9.160330e+01
[FW-D] iter= 75  logdet=9.160807e+01
[FW-D] iter= 76  logdet=9.161264e+01
[FW-D] iter= 77  logdet=9.161703e+01
[FW-D] iter= 78  logdet=9.162124e+01
[FW-D] iter= 79  logdet=9.162529e+01
[FW-D] iter= 80  logdet=9.162921e+01
[FW-D] iter= 81  logdet=9.163297e+01
[FW-D] iter= 82  logdet=9.163660e+01
[FW-D] iter= 83  logdet=9.164008e+01
[FW-D] iter= 84  logdet=9.164346e+01
[FW-D] iter= 85  logdet=9.164671e+01
[FW-D] iter= 86  logdet=9.164985e+01
[FW-D] iter= 87  logdet=9.165288e+01
[FW-D] iter= 88  logdet=9.165579e+01
[FW-D] iter= 89  logdet=9.165862e+01
[FW-D] iter= 90  logdet=9.166136e+01
[FW-D] iter= 91  logdet=9.166400e+01
[FW-D] iter= 92  logdet=9.166656e+01
[FW-D] iter= 93  logdet=9.166903e+01
[FW-D] iter= 94  logdet=9.167143e+01
[FW-D] iter= 95  logdet=9.167375e+01
[FW-D] iter= 96  logdet=9.167600e+01
[FW-D] iter= 97  logdet=9.167817e+01
[FW-D] iter= 98  logdet=9.168028e+01
[FW-D] iter= 99  logdet=9.168233e+01
[FW-D] iter=100  logdet=9.168432e+01
[FW-D] iter=101  logdet=9.168625e+01
[FW-D] iter=102  logdet=9.168811e+01
[FW-D] iter=103  logdet=9.168993e+01
[FW-D] iter=104  logdet=9.169170e+01
[FW-D] iter=105  logdet=9.169341e+01
[FW-D] iter=106  logdet=9.169508e+01
[FW-D] iter=107  logdet=9.169669e+01
[FW-D] iter=108  logdet=9.169827e+01
[FW-D] iter=109  logdet=9.169980e+01
[FW-D] iter=110  logdet=9.170129e+01
[FW-D] iter=111  logdet=9.170274e+01
[FW-D] iter=112  logdet=9.170415e+01
[FW-D] iter=113  logdet=9.170552e+01
[FW-D] iter=114  logdet=9.170686e+01
[FW-D] iter=115  logdet=9.170816e+01
[FW-D] iter=116  logdet=9.170943e+01
[FW-D] iter=117  logdet=9.171066e+01
[FW-D] iter=118  logdet=9.171187e+01
[FW-D] iter=119  logdet=9.171304e+01
[FW-D] iter=120  logdet=9.171419e+01
[FW-D] iter=121  logdet=9.171530e+01
[FW-D] iter=122  logdet=9.171640e+01
[FW-D] iter=123  logdet=9.171746e+01
[FW-D] iter=124  logdet=9.171850e+01
[FW-D] iter=125  logdet=9.171951e+01
[FW-D] iter=126  logdet=9.172050e+01
[FW-D] iter=127  logdet=9.172146e+01
[FW-D] iter=128  logdet=9.172240e+01
[FW-D] iter=129  logdet=9.172332e+01
[FW-D] iter=130  logdet=9.172422e+01
[FW-D] iter=131  logdet=9.172510e+01
[FW-D] iter=132  logdet=9.172596e+01
[FW-D] iter=133  logdet=9.172680e+01
[FW-D] iter=134  logdet=9.172762e+01
[FW-D] iter=135  logdet=9.172843e+01
[FW-D] iter=136  logdet=9.172921e+01
[FW-D] iter=137  logdet=9.172998e+01
[FW-D] iter=138  logdet=9.173073e+01
[FW-D] iter=139  logdet=9.173146e+01
[FW-D] iter=140  logdet=9.173218e+01
[FW-D] iter=141  logdet=9.173289e+01
[FW-D] iter=142  logdet=9.173358e+01
[FW-D] iter=143  logdet=9.173425e+01
[FW-D] iter=144  logdet=9.173491e+01
[FW-D] iter=145  logdet=9.173556e+01
[FW-D] iter=146  logdet=9.173620e+01
[FW-D] iter=147  logdet=9.173682e+01
[FW-D] iter=148  logdet=9.173742e+01
[FW-D] iter=149  logdet=9.173802e+01
[FW-D] iter=150  logdet=9.173861e+01
[FW-D] iter=151  logdet=9.173918e+01
[FW-D] iter=152  logdet=9.173974e+01
[FW-D] iter=153  logdet=9.174029e+01
[FW-D] iter=154  logdet=9.174083e+01
[FW-D] iter=155  logdet=9.174136e+01
[FW-D] iter=156  logdet=9.174188e+01
[FW-D] iter=157  logdet=9.174239e+01
[FW-D] iter=158  logdet=9.174289e+01
[FW-D] iter=159  logdet=9.174338e+01
[FW-D] iter=160  logdet=9.174386e+01
[FW-D] iter=161  logdet=9.174433e+01
[FW-D] iter=162  logdet=9.174480e+01
[FW-D] iter=163  logdet=9.174525e+01
[FW-D] iter=164  logdet=9.174570e+01
[FW-D] iter=165  logdet=9.174614e+01
[FW-D] iter=166  logdet=9.174657e+01
[FW-D] iter=167  logdet=9.174699e+01
[FW-D] iter=168  logdet=9.174741e+01
[FW-D] iter=169  logdet=9.174782e+01
[FW-D] iter=170  logdet=9.174822e+01
[FW-D] iter=171  logdet=9.174861e+01
[FW-D] iter=172  logdet=9.174900e+01
[FW-D] iter=173  logdet=9.174938e+01
[FW-D] iter=174  logdet=9.174975e+01
[FW-D] iter=175  logdet=9.175012e+01
[FW-D] iter=176  logdet=9.175048e+01
[FW-D] iter=177  logdet=9.175084e+01
[FW-D] iter=178  logdet=9.175119e+01
[FW-D] iter=179  logdet=9.175153e+01
[FW-D] iter=180  logdet=9.175187e+01
[FW-D] iter=181  logdet=9.175220e+01
[FW-D] iter=182  logdet=9.175253e+01
[FW-D] iter=183  logdet=9.175285e+01
[FW-D] iter=184  logdet=9.175316e+01
[FW-D] iter=185  logdet=9.175347e+01
[FW-D] iter=186  logdet=9.175378e+01
[FW-D] iter=187  logdet=9.175408e+01
[FW-D] iter=188  logdet=9.175438e+01
[FW-D] iter=189  logdet=9.175467e+01
[FW-D] iter=190  logdet=9.175495e+01
[FW-D] iter=191  logdet=9.175524e+01
[FW-D] iter=192  logdet=9.175552e+01
[FW-D] iter=193  logdet=9.175579e+01
[FW-D] iter=194  logdet=9.175606e+01
[FW-D] iter=195  logdet=9.175632e+01
[FW-D] iter=196  logdet=9.175659e+01
[FW-D] iter=197  logdet=9.175684e+01
[FW-D] iter=198  logdet=9.175710e+01
[FW-D] iter=199  logdet=9.175735e+01
[FW-D] iter=200  logdet=9.175759e+01
[FW-D] iter=201  logdet=9.175784e+01
[FW-D] iter=202  logdet=9.175807e+01
[FW-D] iter=203  logdet=9.175831e+01
[FW-D] iter=204  logdet=9.175854e+01
[FW-D] iter=205  logdet=9.175877e+01
[FW-D] iter=206  logdet=9.175899e+01
[FW-D] iter=207  logdet=9.175922e+01
[FW-D] iter=208  logdet=9.175943e+01
[FW-D] iter=209  logdet=9.175965e+01
[FW-D] iter=210  logdet=9.175986e+01
[FW-D] iter=211  logdet=9.176007e+01
[FW-D] iter=212  logdet=9.176028e+01
[FW-D] iter=213  logdet=9.176048e+01
[FW-D] iter=214  logdet=9.176068e+01
[FW-D] iter=215  logdet=9.176088e+01
[FW-D] iter=216  logdet=9.176108e+01
[FW-D] iter=217  logdet=9.176127e+01
[FW-D] iter=218  logdet=9.176146e+01
[FW-D] iter=219  logdet=9.176165e+01
[FW-D] iter=220  logdet=9.176183e+01
[FW-D] iter=221  logdet=9.176201e+01
[FW-D] iter=222  logdet=9.176219e+01
[FW-D] iter=223  logdet=9.176237e+01
[FW-D] iter=224  logdet=9.176255e+01
[FW-D] iter=225  logdet=9.176272e+01
[FW-D] iter=226  logdet=9.176289e+01
[FW-D] iter=227  logdet=9.176306e+01
[FW-D] iter=228  logdet=9.176322e+01
[FW-D] iter=229  logdet=9.176339e+01
[FW-D] iter=230  logdet=9.176355e+01
[FW-D] iter=231  logdet=9.176371e+01
[FW-D] iter=232  logdet=9.176386e+01
[FW-D] iter=233  logdet=9.176402e+01
[FW-D] iter=234  logdet=9.176417e+01
[FW-D] iter=235  logdet=9.176432e+01
[FW-D] iter=236  logdet=9.176447e+01
[FW-D] iter=237  logdet=9.176462e+01
[FW-D] iter=238  logdet=9.176477e+01
[FW-D] iter=239  logdet=9.176491e+01
[FW-D] iter=240  logdet=9.176505e+01
[FW-D] iter=241  logdet=9.176519e+01
[FW-D] iter=242  logdet=9.176533e+01
[FW-D] iter=243  logdet=9.176547e+01
[FW-D] iter=244  logdet=9.176561e+01
[FW-D] iter=245  logdet=9.176574e+01
[FW-D] iter=246  logdet=9.176587e+01
[FW-D] iter=247  logdet=9.176600e+01
[FW-D] iter=248  logdet=9.176613e+01
[FW-D] iter=249  logdet=9.176626e+01
[FW-D] iter=250  logdet=9.176638e+01
[FW-D] iter=251  logdet=9.176651e+01
[FW-D] iter=252  logdet=9.176663e+01
[FW-D] iter=253  logdet=9.176675e+01
[FW-D] iter=254  logdet=9.176687e+01
[FW-D] iter=255  logdet=9.176699e+01
[FW-D] iter=256  logdet=9.176711e+01
[FW-D] iter=257  logdet=9.176722e+01
[FW-D] iter=258  logdet=9.176734e+01
[FW-D] iter=259  logdet=9.176745e+01
[FW-D] iter=260  logdet=9.176756e+01
[FW-D] iter=261  logdet=9.176767e+01
[FW-D] iter=262  logdet=9.176778e+01
[FW-D] iter=263  logdet=9.176789e+01
[FW-D] iter=264  logdet=9.176800e+01
[FW-D] iter=265  logdet=9.176810e+01
[FW-D] iter=266  logdet=9.176821e+01
[FW-D] iter=267  logdet=9.176831e+01
[FW-D] iter=268  logdet=9.176841e+01
[FW-D] iter=269  logdet=9.176851e+01
[FW-D] iter=270  logdet=9.176861e+01
[FW-D] iter=271  logdet=9.176871e+01
[FW-D] iter=272  logdet=9.176881e+01
[FW-D] iter=273  logdet=9.176891e+01
[FW-D] iter=274  logdet=9.176900e+01
[FW-D] iter=275  logdet=9.176910e+01
[FW-D] iter=276  logdet=9.176919e+01
[FW-D] iter=277  logdet=9.176928e+01
[FW-D] iter=278  logdet=9.176937e+01
[FW-D] iter=279  logdet=9.176947e+01
[FW-D] iter=280  logdet=9.176955e+01
[FW-D] iter=281  logdet=9.176964e+01
[FW-D] iter=282  logdet=9.176973e+01
[FW-D] iter=283  logdet=9.176982e+01
[FW-D] iter=284  logdet=9.176990e+01
[FW-D] iter=285  logdet=9.176999e+01
[FW-D] iter=286  logdet=9.177007e+01
[FW-D] iter=287  logdet=9.177016e+01
[FW-D] iter=288  logdet=9.177024e+01
[FW-D] iter=289  logdet=9.177032e+01
[FW-D] iter=290  logdet=9.177040e+01
[FW-D] iter=291  logdet=9.177048e+01
[FW-D] iter=292  logdet=9.177056e+01
[FW-D] iter=293  logdet=9.177064e+01
[FW-D] iter=294  logdet=9.177071e+01
[FW-D] iter=295  logdet=9.177079e+01
[FW-D] iter=296  logdet=9.177087e+01
[FW-D] iter=297  logdet=9.177094e+01
[FW-D] iter=298  logdet=9.177102e+01
[FW-D] iter=299  logdet=9.177109e+01
  [fw-d] min_eig=1.4098e+00  heldout=0.6746  (2.4s)

============================================================
K = 50  (held-out = 670 frames)
  [random] 25 trials...
  [coverage] min_eig=1.0099e+00  heldout=1.8350  (0.0s)
  [a-optimal] min_eig=1.9930e+00  heldout=1.2851  (18.1s)
  [d-optimal] min_eig=1.7703e+00  heldout=0.7180  (17.8s)
  [greedy-e] min_eig=2.0078e+00  heldout=1.0279  (18.1s)
[FW] Building 720 candidate information matrices...
Building FIM:   0%|          | 0/720 [00:00<?, ?candidate/s]Building FIM:  98%|█████████▊| 704/720 [00:00<00:00, 5302.56candidate/s]Building FIM: 100%|██████████| 720/720 [00:00<00:00, 5406.59candidate/s]
[FW] Done. Starting Frank-Wolfe optimization (select_k=50)...
[FW] Pre-extracting dense blocks (intr_dim=9, num_poses=720)...
[FW] Block extraction done. Starting iterations...
[FW] iter=  0  min_eig=1.008934e+00
[FW] iter=  1  min_eig=2.357878e-03
[FW] iter=  2  min_eig=7.583716e-01
[FW] iter=  3  min_eig=9.079603e-01
[FW] iter=  4  min_eig=8.525965e-01
[FW] iter=  5  min_eig=7.215116e-01
[FW] iter=  6  min_eig=9.457855e-01
[FW] iter=  7  min_eig=9.382868e-01
[FW] iter=  8  min_eig=8.713914e-01
[FW] iter=  9  min_eig=9.402028e-01
[FW] iter= 10  min_eig=8.851493e-01
[FW] iter= 11  min_eig=9.182483e-01
[FW] iter= 12  min_eig=9.393874e-01
[FW] iter= 13  min_eig=9.124429e-01
[FW] iter= 14  min_eig=8.684599e-01
[FW] iter= 15  min_eig=1.026737e+00
[FW] iter= 16  min_eig=1.128218e+00
[FW] iter= 17  min_eig=1.231697e+00
[FW] iter= 18  min_eig=1.316388e+00
[FW] iter= 19  min_eig=1.388101e+00
[FW] iter= 20  min_eig=1.449453e+00
[FW] iter= 21  min_eig=1.502211e+00
[FW] iter= 22  min_eig=1.547934e+00
[FW] iter= 23  min_eig=1.588121e+00
[FW] iter= 24  min_eig=1.623445e+00
[FW] iter= 25  min_eig=1.654606e+00
[FW] iter= 26  min_eig=1.682285e+00
[FW] iter= 27  min_eig=1.706985e+00
[FW] iter= 28  min_eig=1.729131e+00
[FW] iter= 29  min_eig=1.749053e+00
[FW] iter= 30  min_eig=1.767086e+00
[FW] iter= 31  min_eig=1.783378e+00
[FW] iter= 32  min_eig=1.798138e+00
[FW] iter= 33  min_eig=1.811645e+00
[FW] iter= 34  min_eig=1.823952e+00
[FW] iter= 35  min_eig=1.835273e+00
[FW] iter= 36  min_eig=1.845637e+00
[FW] iter= 37  min_eig=1.855243e+00
[FW] iter= 38  min_eig=1.864070e+00
[FW] iter= 39  min_eig=1.872245e+00
[FW] iter= 40  min_eig=1.879822e+00
[FW] iter= 41  min_eig=1.886842e+00
[FW] iter= 42  min_eig=1.893392e+00
[FW] iter= 43  min_eig=1.899464e+00
[FW] iter= 44  min_eig=1.905170e+00
[FW] iter= 45  min_eig=1.910478e+00
[FW] iter= 46  min_eig=1.915453e+00
[FW] iter= 47  min_eig=1.920119e+00
[FW] iter= 48  min_eig=1.924486e+00
[FW] iter= 49  min_eig=1.928609e+00
[FW] iter= 50  min_eig=1.932481e+00
[FW] iter= 51  min_eig=1.936124e+00
[FW] iter= 52  min_eig=1.939563e+00
[FW] iter= 53  min_eig=1.942818e+00
[FW] iter= 54  min_eig=1.945886e+00
[FW] iter= 55  min_eig=1.948796e+00
[FW] iter= 56  min_eig=1.951544e+00
[FW] iter= 57  min_eig=1.954162e+00
[FW] iter= 58  min_eig=1.956639e+00
[FW] iter= 59  min_eig=1.958989e+00
[FW] iter= 60  min_eig=1.961233e+00
[FW] iter= 61  min_eig=1.963360e+00
[FW] iter= 62  min_eig=1.965392e+00
[FW] iter= 63  min_eig=1.967319e+00
[FW] iter= 64  min_eig=1.969169e+00
[FW] iter= 65  min_eig=1.970927e+00
[FW] iter= 66  min_eig=1.972610e+00
[FW] iter= 67  min_eig=1.974215e+00
[FW] iter= 68  min_eig=1.975752e+00
[FW] iter= 69  min_eig=1.977226e+00
[FW] iter= 70  min_eig=1.978629e+00
[FW] iter= 71  min_eig=1.979985e+00
[FW] iter= 72  min_eig=1.981278e+00
[FW] iter= 73  min_eig=1.982521e+00
[FW] iter= 74  min_eig=1.983713e+00
[FW] iter= 75  min_eig=1.984857e+00
[FW] iter= 76  min_eig=1.985960e+00
[FW] iter= 77  min_eig=1.987013e+00
[FW] iter= 78  min_eig=1.988036e+00
[FW] iter= 79  min_eig=1.989014e+00
[FW] iter= 80  min_eig=1.989959e+00
[FW] iter= 81  min_eig=1.990868e+00
[FW] iter= 82  min_eig=1.991743e+00
[FW] iter= 83  min_eig=1.992590e+00
[FW] iter= 84  min_eig=1.993400e+00
[FW] iter= 85  min_eig=1.994191e+00
[FW] iter= 86  min_eig=1.994949e+00
[FW] iter= 87  min_eig=1.995684e+00
[FW] iter= 88  min_eig=1.996393e+00
[FW] iter= 89  min_eig=1.997076e+00
[FW] iter= 90  min_eig=1.997741e+00
[FW] iter= 91  min_eig=1.998380e+00
[FW] iter= 92  min_eig=1.999002e+00
[FW] iter= 93  min_eig=1.999598e+00
[FW] iter= 94  min_eig=2.000184e+00
[FW] iter= 95  min_eig=2.000747e+00
[FW] iter= 96  min_eig=2.001291e+00
[FW] iter= 97  min_eig=2.001823e+00
[FW] iter= 98  min_eig=2.002333e+00
[FW] iter= 99  min_eig=2.002833e+00
[FW] iter=100  min_eig=2.003315e+00
[FW] iter=101  min_eig=2.003783e+00
[FW] iter=102  min_eig=2.004240e+00
[FW] iter=103  min_eig=2.004681e+00
[FW] iter=104  min_eig=2.005111e+00
[FW] iter=105  min_eig=2.005526e+00
[FW] iter=106  min_eig=2.005934e+00
[FW] iter=107  min_eig=2.006327e+00
[FW] iter=108  min_eig=2.006709e+00
[FW] iter=109  min_eig=2.007084e+00
[FW] iter=110  min_eig=2.007446e+00
[FW] iter=111  min_eig=2.007800e+00
[FW] iter=112  min_eig=2.008142e+00
[FW] iter=113  min_eig=2.008479e+00
[FW] iter=114  min_eig=2.008804e+00
[FW] iter=115  min_eig=2.009122e+00
[FW] iter=116  min_eig=2.009431e+00
[FW] iter=117  min_eig=2.009732e+00
[FW] iter=118  min_eig=2.010026e+00
[FW] iter=119  min_eig=2.010311e+00
[FW] iter=120  min_eig=2.010593e+00
[FW] iter=121  min_eig=2.010865e+00
[FW] iter=122  min_eig=2.011131e+00
[FW] iter=123  min_eig=2.011390e+00
[FW] iter=124  min_eig=2.011643e+00
[FW] iter=125  min_eig=2.011891e+00
[FW] iter=126  min_eig=2.012130e+00
[FW] iter=127  min_eig=2.012368e+00
[FW] iter=128  min_eig=2.012597e+00
[FW] iter=129  min_eig=2.012823e+00
[FW] iter=130  min_eig=2.013043e+00
[FW] iter=131  min_eig=2.013257e+00
[FW] iter=132  min_eig=2.013467e+00
[FW] iter=133  min_eig=2.013671e+00
[FW] iter=134  min_eig=2.013873e+00
[FW] iter=135  min_eig=2.014069e+00
[FW] iter=136  min_eig=2.014261e+00
[FW] iter=137  min_eig=2.014449e+00
[FW] iter=138  min_eig=2.014632e+00
[FW] iter=139  min_eig=2.014813e+00
[FW] iter=140  min_eig=2.014989e+00
[FW] iter=141  min_eig=2.015161e+00
[FW] iter=142  min_eig=2.015329e+00
[FW] iter=143  min_eig=2.015495e+00
[FW] iter=144  min_eig=2.015656e+00
[FW] iter=145  min_eig=2.015815e+00
[FW] iter=146  min_eig=2.015969e+00
[FW] iter=147  min_eig=2.016122e+00
[FW] iter=148  min_eig=2.016270e+00
[FW] iter=149  min_eig=2.016416e+00
[FW] iter=150  min_eig=2.016560e+00
[FW] iter=151  min_eig=2.016699e+00
[FW] iter=152  min_eig=2.016837e+00
[FW] iter=153  min_eig=2.016971e+00
[FW] iter=154  min_eig=2.017104e+00
[FW] iter=155  min_eig=2.017234e+00
[FW] iter=156  min_eig=2.017361e+00
[FW] iter=157  min_eig=2.017485e+00
[FW] iter=158  min_eig=2.017608e+00
[FW] iter=159  min_eig=2.017728e+00
[FW] iter=160  min_eig=2.017845e+00
[FW] iter=161  min_eig=2.017962e+00
[FW] iter=162  min_eig=2.018075e+00
[FW] iter=163  min_eig=2.018187e+00
[FW] iter=164  min_eig=2.018296e+00
[FW] iter=165  min_eig=2.018403e+00
[FW] iter=166  min_eig=2.018509e+00
[FW] iter=167  min_eig=2.018612e+00
[FW] iter=168  min_eig=2.018715e+00
[FW] iter=169  min_eig=2.018814e+00
[FW] iter=170  min_eig=2.018913e+00
[FW] iter=171  min_eig=2.019010e+00
[FW] iter=172  min_eig=2.019104e+00
[FW] iter=173  min_eig=2.019198e+00
[FW] iter=174  min_eig=2.019288e+00
[FW] iter=175  min_eig=2.019379e+00
[FW] iter=176  min_eig=2.019468e+00
[FW] iter=177  min_eig=2.019555e+00
[FW] iter=178  min_eig=2.019640e+00
[FW] iter=179  min_eig=2.019724e+00
[FW] iter=180  min_eig=2.019807e+00
[FW] iter=181  min_eig=2.019888e+00
[FW] iter=182  min_eig=2.019969e+00
[FW] iter=183  min_eig=2.020048e+00
[FW] iter=184  min_eig=2.020125e+00
[FW] iter=185  min_eig=2.020201e+00
[FW] iter=186  min_eig=2.020276e+00
[FW] iter=187  min_eig=2.020350e+00
[FW] iter=188  min_eig=2.020422e+00
[FW] iter=189  min_eig=2.020494e+00
[FW] iter=190  min_eig=2.020565e+00
[FW] iter=191  min_eig=2.020634e+00
[FW] iter=192  min_eig=2.020702e+00
[FW] iter=193  min_eig=2.020769e+00
[FW] iter=194  min_eig=2.020835e+00
[FW] iter=195  min_eig=2.020900e+00
[FW] iter=196  min_eig=2.020965e+00
[FW] iter=197  min_eig=2.021028e+00
[FW] iter=198  min_eig=2.021090e+00
[FW] iter=199  min_eig=2.021151e+00
[FW] iter=200  min_eig=2.021211e+00
[FW] iter=201  min_eig=2.021271e+00
[FW] iter=202  min_eig=2.021329e+00
[FW] iter=203  min_eig=2.021387e+00
[FW] iter=204  min_eig=2.021444e+00
[FW] iter=205  min_eig=2.021500e+00
[FW] iter=206  min_eig=2.021555e+00
[FW] iter=207  min_eig=2.021609e+00
[FW] iter=208  min_eig=2.021663e+00
[FW] iter=209  min_eig=2.021716e+00
[FW] iter=210  min_eig=2.021768e+00
[FW] iter=211  min_eig=2.021820e+00
[FW] iter=212  min_eig=2.021870e+00
[FW] iter=213  min_eig=2.021920e+00
[FW] iter=214  min_eig=2.021969e+00
[FW] iter=215  min_eig=2.022018e+00
[FW] iter=216  min_eig=2.022066e+00
[FW] iter=217  min_eig=2.022113e+00
[FW] iter=218  min_eig=2.022160e+00
[FW] iter=219  min_eig=2.022206e+00
[FW] iter=220  min_eig=2.022251e+00
[FW] iter=221  min_eig=2.022296e+00
[FW] iter=222  min_eig=2.022340e+00
[FW] iter=223  min_eig=2.022384e+00
[FW] iter=224  min_eig=2.022427e+00
[FW] iter=225  min_eig=2.022469e+00
[FW] iter=226  min_eig=2.022511e+00
[FW] iter=227  min_eig=2.022552e+00
[FW] iter=228  min_eig=2.022592e+00
[FW] iter=229  min_eig=2.022633e+00
[FW] iter=230  min_eig=2.022673e+00
[FW] iter=231  min_eig=2.022712e+00
[FW] iter=232  min_eig=2.022750e+00
[FW] iter=233  min_eig=2.022788e+00
[FW] iter=234  min_eig=2.022826e+00
[FW] iter=235  min_eig=2.022863e+00
[FW] iter=236  min_eig=2.022900e+00
[FW] iter=237  min_eig=2.022936e+00
[FW] iter=238  min_eig=2.022972e+00
[FW] iter=239  min_eig=2.023008e+00
[FW] iter=240  min_eig=2.023042e+00
[FW] iter=241  min_eig=2.023077e+00
[FW] iter=242  min_eig=2.023110e+00
[FW] iter=243  min_eig=2.023145e+00
[FW] iter=244  min_eig=2.023178e+00
[FW] iter=245  min_eig=2.023211e+00
[FW] iter=246  min_eig=2.023243e+00
[FW] iter=247  min_eig=2.023275e+00
[FW] iter=248  min_eig=2.023307e+00
[FW] iter=249  min_eig=2.023338e+00
[FW] iter=250  min_eig=2.023369e+00
[FW] iter=251  min_eig=2.023399e+00
[FW] iter=252  min_eig=2.023430e+00
[FW] iter=253  min_eig=2.023460e+00
[FW] iter=254  min_eig=2.023489e+00
[FW] iter=255  min_eig=2.023518e+00
[FW] iter=256  min_eig=2.023547e+00
[FW] iter=257  min_eig=2.023575e+00
[FW] iter=258  min_eig=2.023603e+00
[FW] iter=259  min_eig=2.023631e+00
[FW] iter=260  min_eig=2.023659e+00
[FW] iter=261  min_eig=2.023686e+00
[FW] iter=262  min_eig=2.023713e+00
[FW] iter=263  min_eig=2.023739e+00
[FW] iter=264  min_eig=2.023765e+00
[FW] iter=265  min_eig=2.023791e+00
[FW] iter=266  min_eig=2.023817e+00
[FW] iter=267  min_eig=2.023842e+00
[FW] iter=268  min_eig=2.023867e+00
[FW] iter=269  min_eig=2.023892e+00
[FW] iter=270  min_eig=2.023916e+00
[FW] iter=271  min_eig=2.023941e+00
[FW] iter=272  min_eig=2.023965e+00
[FW] iter=273  min_eig=2.023989e+00
[FW] iter=274  min_eig=2.024012e+00
[FW] iter=275  min_eig=2.024035e+00
[FW] iter=276  min_eig=2.024058e+00
[FW] iter=277  min_eig=2.024081e+00
[FW] iter=278  min_eig=2.024103e+00
[FW] iter=279  min_eig=2.024126e+00
[FW] iter=280  min_eig=2.024148e+00
[FW] iter=281  min_eig=2.024169e+00
[FW] iter=282  min_eig=2.024191e+00
[FW] iter=283  min_eig=2.024212e+00
[FW] iter=284  min_eig=2.024233e+00
[FW] iter=285  min_eig=2.024254e+00
[FW] iter=286  min_eig=2.024275e+00
[FW] iter=287  min_eig=2.024295e+00
[FW] iter=288  min_eig=2.024315e+00
[FW] iter=289  min_eig=2.024335e+00
[FW] iter=290  min_eig=2.024355e+00
[FW] iter=291  min_eig=2.024375e+00
[FW] iter=292  min_eig=2.024394e+00
[FW] iter=293  min_eig=2.024413e+00
[FW] iter=294  min_eig=2.024432e+00
[FW] iter=295  min_eig=2.024451e+00
[FW] iter=296  min_eig=2.024469e+00
[FW] iter=297  min_eig=2.024488e+00
[FW] iter=298  min_eig=2.024506e+00
[FW] iter=299  min_eig=2.024524e+00
  [fw-e] min_eig=2.0207e+00  heldout=1.0495  (2.2s)
[FW-A] Building 720 candidate information matrices...
Building FIM:   0%|          | 0/720 [00:00<?, ?candidate/s]Building FIM:  98%|█████████▊| 704/720 [00:00<00:00, 5101.33candidate/s]Building FIM: 100%|██████████| 720/720 [00:00<00:00, 5205.06candidate/s]
[FW-A] Done. Starting Frank-Wolfe A-optimal (select_k=50)...
[FW-A] Pre-extracting dense blocks (intr_dim=9, num_poses=720)...
[FW-A] Block extraction done. Starting iterations...
[FW-A] iter=  0  -trace(H^{-1})=-1.330291e+00
[FW-A] iter=  1  -trace(H^{-1})=-4.240950e+02
[FW-A] iter=  2  -trace(H^{-1})=-1.707959e+00
[FW-A] iter=  3  -trace(H^{-1})=-1.427783e+00
[FW-A] iter=  4  -trace(H^{-1})=-1.464517e+00
[FW-A] iter=  5  -trace(H^{-1})=-1.645022e+00
[FW-A] iter=  6  -trace(H^{-1})=-1.421424e+00
[FW-A] iter=  7  -trace(H^{-1})=-1.433872e+00
[FW-A] iter=  8  -trace(H^{-1})=-1.478464e+00
[FW-A] iter=  9  -trace(H^{-1})=-1.433847e+00
[FW-A] iter= 10  -trace(H^{-1})=-1.492705e+00
[FW-A] iter= 11  -trace(H^{-1})=-1.454552e+00
[FW-A] iter= 12  -trace(H^{-1})=-1.419706e+00
[FW-A] iter= 13  -trace(H^{-1})=-1.422197e+00
[FW-A] iter= 14  -trace(H^{-1})=-1.473263e+00
[FW-A] iter= 15  -trace(H^{-1})=-1.308409e+00
[FW-A] iter= 16  -trace(H^{-1})=-1.210857e+00
[FW-A] iter= 17  -trace(H^{-1})=-1.130977e+00
[FW-A] iter= 18  -trace(H^{-1})=-1.072503e+00
[FW-A] iter= 19  -trace(H^{-1})=-1.026483e+00
[FW-A] iter= 20  -trace(H^{-1})=-9.904336e-01
[FW-A] iter= 21  -trace(H^{-1})=-9.613470e-01
[FW-A] iter= 22  -trace(H^{-1})=-9.376610e-01
[FW-A] iter= 23  -trace(H^{-1})=-9.180720e-01
[FW-A] iter= 24  -trace(H^{-1})=-9.014245e-01
[FW-A] iter= 25  -trace(H^{-1})=-8.872874e-01
[FW-A] iter= 26  -trace(H^{-1})=-8.752172e-01
[FW-A] iter= 27  -trace(H^{-1})=-8.646130e-01
[FW-A] iter= 28  -trace(H^{-1})=-8.554011e-01
[FW-A] iter= 29  -trace(H^{-1})=-8.473301e-01
[FW-A] iter= 30  -trace(H^{-1})=-8.401247e-01
[FW-A] iter= 31  -trace(H^{-1})=-8.337262e-01
[FW-A] iter= 32  -trace(H^{-1})=-8.281117e-01
[FW-A] iter= 33  -trace(H^{-1})=-8.229095e-01
[FW-A] iter= 34  -trace(H^{-1})=-8.182469e-01
[FW-A] iter= 35  -trace(H^{-1})=-8.140400e-01
[FW-A] iter= 36  -trace(H^{-1})=-8.103050e-01
[FW-A] iter= 37  -trace(H^{-1})=-8.067788e-01
[FW-A] iter= 38  -trace(H^{-1})=-8.035682e-01
[FW-A] iter= 39  -trace(H^{-1})=-8.006441e-01
[FW-A] iter= 40  -trace(H^{-1})=-7.979626e-01
[FW-A] iter= 41  -trace(H^{-1})=-7.954762e-01
[FW-A] iter= 42  -trace(H^{-1})=-7.931818e-01
[FW-A] iter= 43  -trace(H^{-1})=-7.910583e-01
[FW-A] iter= 44  -trace(H^{-1})=-7.890974e-01
[FW-A] iter= 45  -trace(H^{-1})=-7.872586e-01
[FW-A] iter= 46  -trace(H^{-1})=-7.855543e-01
[FW-A] iter= 47  -trace(H^{-1})=-7.839968e-01
[FW-A] iter= 48  -trace(H^{-1})=-7.824894e-01
[FW-A] iter= 49  -trace(H^{-1})=-7.810870e-01
[FW-A] iter= 50  -trace(H^{-1})=-7.797814e-01
[FW-A] iter= 51  -trace(H^{-1})=-7.785527e-01
[FW-A] iter= 52  -trace(H^{-1})=-7.774044e-01
[FW-A] iter= 53  -trace(H^{-1})=-7.763102e-01
[FW-A] iter= 54  -trace(H^{-1})=-7.752883e-01
[FW-A] iter= 55  -trace(H^{-1})=-7.743223e-01
[FW-A] iter= 56  -trace(H^{-1})=-7.734068e-01
[FW-A] iter= 57  -trace(H^{-1})=-7.725420e-01
[FW-A] iter= 58  -trace(H^{-1})=-7.717263e-01
[FW-A] iter= 59  -trace(H^{-1})=-7.709560e-01
[FW-A] iter= 60  -trace(H^{-1})=-7.702158e-01
[FW-A] iter= 61  -trace(H^{-1})=-7.695178e-01
[FW-A] iter= 62  -trace(H^{-1})=-7.688544e-01
[FW-A] iter= 63  -trace(H^{-1})=-7.682234e-01
[FW-A] iter= 64  -trace(H^{-1})=-7.676182e-01
[FW-A] iter= 65  -trace(H^{-1})=-7.670449e-01
[FW-A] iter= 66  -trace(H^{-1})=-7.664987e-01
[FW-A] iter= 67  -trace(H^{-1})=-7.659771e-01
[FW-A] iter= 68  -trace(H^{-1})=-7.654764e-01
[FW-A] iter= 69  -trace(H^{-1})=-7.650000e-01
[FW-A] iter= 70  -trace(H^{-1})=-7.645456e-01
[FW-A] iter= 71  -trace(H^{-1})=-7.641099e-01
[FW-A] iter= 72  -trace(H^{-1})=-7.636909e-01
[FW-A] iter= 73  -trace(H^{-1})=-7.632891e-01
[FW-A] iter= 74  -trace(H^{-1})=-7.629069e-01
[FW-A] iter= 75  -trace(H^{-1})=-7.625421e-01
[FW-A] iter= 76  -trace(H^{-1})=-7.621858e-01
[FW-A] iter= 77  -trace(H^{-1})=-7.618458e-01
[FW-A] iter= 78  -trace(H^{-1})=-7.615198e-01
[FW-A] iter= 79  -trace(H^{-1})=-7.612065e-01
[FW-A] iter= 80  -trace(H^{-1})=-7.609023e-01
[FW-A] iter= 81  -trace(H^{-1})=-7.606120e-01
[FW-A] iter= 82  -trace(H^{-1})=-7.603318e-01
[FW-A] iter= 83  -trace(H^{-1})=-7.600624e-01
[FW-A] iter= 84  -trace(H^{-1})=-7.598007e-01
[FW-A] iter= 85  -trace(H^{-1})=-7.595497e-01
[FW-A] iter= 86  -trace(H^{-1})=-7.593083e-01
[FW-A] iter= 87  -trace(H^{-1})=-7.590748e-01
[FW-A] iter= 88  -trace(H^{-1})=-7.588484e-01
[FW-A] iter= 89  -trace(H^{-1})=-7.586298e-01
[FW-A] iter= 90  -trace(H^{-1})=-7.584205e-01
[FW-A] iter= 91  -trace(H^{-1})=-7.582186e-01
[FW-A] iter= 92  -trace(H^{-1})=-7.580203e-01
[FW-A] iter= 93  -trace(H^{-1})=-7.578296e-01
[FW-A] iter= 94  -trace(H^{-1})=-7.576459e-01
[FW-A] iter= 95  -trace(H^{-1})=-7.574669e-01
[FW-A] iter= 96  -trace(H^{-1})=-7.572928e-01
[FW-A] iter= 97  -trace(H^{-1})=-7.571276e-01
[FW-A] iter= 98  -trace(H^{-1})=-7.569633e-01
[FW-A] iter= 99  -trace(H^{-1})=-7.568054e-01
[FW-A] iter=100  -trace(H^{-1})=-7.566534e-01
[FW-A] iter=101  -trace(H^{-1})=-7.565035e-01
[FW-A] iter=102  -trace(H^{-1})=-7.563600e-01
[FW-A] iter=103  -trace(H^{-1})=-7.562201e-01
[FW-A] iter=104  -trace(H^{-1})=-7.560851e-01
[FW-A] iter=105  -trace(H^{-1})=-7.559522e-01
[FW-A] iter=106  -trace(H^{-1})=-7.558255e-01
[FW-A] iter=107  -trace(H^{-1})=-7.557004e-01
[FW-A] iter=108  -trace(H^{-1})=-7.555789e-01
[FW-A] iter=109  -trace(H^{-1})=-7.554628e-01
[FW-A] iter=110  -trace(H^{-1})=-7.553467e-01
[FW-A] iter=111  -trace(H^{-1})=-7.552363e-01
[FW-A] iter=112  -trace(H^{-1})=-7.551283e-01
[FW-A] iter=113  -trace(H^{-1})=-7.550217e-01
[FW-A] iter=114  -trace(H^{-1})=-7.549188e-01
[FW-A] iter=115  -trace(H^{-1})=-7.548193e-01
[FW-A] iter=116  -trace(H^{-1})=-7.547221e-01
[FW-A] iter=117  -trace(H^{-1})=-7.546264e-01
[FW-A] iter=118  -trace(H^{-1})=-7.545340e-01
[FW-A] iter=119  -trace(H^{-1})=-7.544440e-01
[FW-A] iter=120  -trace(H^{-1})=-7.543563e-01
[FW-A] iter=121  -trace(H^{-1})=-7.542700e-01
[FW-A] iter=122  -trace(H^{-1})=-7.541862e-01
[FW-A] iter=123  -trace(H^{-1})=-7.541051e-01
[FW-A] iter=124  -trace(H^{-1})=-7.540256e-01
[FW-A] iter=125  -trace(H^{-1})=-7.539477e-01
[FW-A] iter=126  -trace(H^{-1})=-7.538715e-01
[FW-A] iter=127  -trace(H^{-1})=-7.537983e-01
[FW-A] iter=128  -trace(H^{-1})=-7.537258e-01
[FW-A] iter=129  -trace(H^{-1})=-7.536546e-01
[FW-A] iter=130  -trace(H^{-1})=-7.535856e-01
[FW-A] iter=131  -trace(H^{-1})=-7.535187e-01
[FW-A] iter=132  -trace(H^{-1})=-7.534526e-01
[FW-A] iter=133  -trace(H^{-1})=-7.533878e-01
[FW-A] iter=134  -trace(H^{-1})=-7.533261e-01
[FW-A] iter=135  -trace(H^{-1})=-7.532638e-01
[FW-A] iter=136  -trace(H^{-1})=-7.532035e-01
[FW-A] iter=137  -trace(H^{-1})=-7.531451e-01
[FW-A] iter=138  -trace(H^{-1})=-7.530868e-01
[FW-A] iter=139  -trace(H^{-1})=-7.530306e-01
[FW-A] iter=140  -trace(H^{-1})=-7.529754e-01
[FW-A] iter=141  -trace(H^{-1})=-7.529218e-01
[FW-A] iter=142  -trace(H^{-1})=-7.528684e-01
[FW-A] iter=143  -trace(H^{-1})=-7.528167e-01
[FW-A] iter=144  -trace(H^{-1})=-7.527662e-01
[FW-A] iter=145  -trace(H^{-1})=-7.527169e-01
[FW-A] iter=146  -trace(H^{-1})=-7.526681e-01
[FW-A] iter=147  -trace(H^{-1})=-7.526202e-01
[FW-A] iter=148  -trace(H^{-1})=-7.525742e-01
[FW-A] iter=149  -trace(H^{-1})=-7.525286e-01
[FW-A] iter=150  -trace(H^{-1})=-7.524832e-01
[FW-A] iter=151  -trace(H^{-1})=-7.524393e-01
[FW-A] iter=152  -trace(H^{-1})=-7.523967e-01
[FW-A] iter=153  -trace(H^{-1})=-7.523545e-01
[FW-A] iter=154  -trace(H^{-1})=-7.523127e-01
[FW-A] iter=155  -trace(H^{-1})=-7.522733e-01
[FW-A] iter=156  -trace(H^{-1})=-7.522326e-01
[FW-A] iter=157  -trace(H^{-1})=-7.521937e-01
[FW-A] iter=158  -trace(H^{-1})=-7.521559e-01
[FW-A] iter=159  -trace(H^{-1})=-7.521176e-01
[FW-A] iter=160  -trace(H^{-1})=-7.520809e-01
[FW-A] iter=161  -trace(H^{-1})=-7.520447e-01
[FW-A] iter=162  -trace(H^{-1})=-7.520096e-01
[FW-A] iter=163  -trace(H^{-1})=-7.519743e-01
[FW-A] iter=164  -trace(H^{-1})=-7.519406e-01
[FW-A] iter=165  -trace(H^{-1})=-7.519069e-01
[FW-A] iter=166  -trace(H^{-1})=-7.518736e-01
[FW-A] iter=167  -trace(H^{-1})=-7.518411e-01
[FW-A] iter=168  -trace(H^{-1})=-7.518097e-01
[FW-A] iter=169  -trace(H^{-1})=-7.517783e-01
[FW-A] iter=170  -trace(H^{-1})=-7.517474e-01
[FW-A] iter=171  -trace(H^{-1})=-7.517180e-01
[FW-A] iter=172  -trace(H^{-1})=-7.516877e-01
[FW-A] iter=173  -trace(H^{-1})=-7.516587e-01
[FW-A] iter=174  -trace(H^{-1})=-7.516304e-01
[FW-A] iter=175  -trace(H^{-1})=-7.516021e-01
[FW-A] iter=176  -trace(H^{-1})=-7.515742e-01
[FW-A] iter=177  -trace(H^{-1})=-7.515471e-01
[FW-A] iter=178  -trace(H^{-1})=-7.515206e-01
[FW-A] iter=179  -trace(H^{-1})=-7.514941e-01
[FW-A] iter=180  -trace(H^{-1})=-7.514682e-01
[FW-A] iter=181  -trace(H^{-1})=-7.514430e-01
[FW-A] iter=182  -trace(H^{-1})=-7.514181e-01
[FW-A] iter=183  -trace(H^{-1})=-7.513932e-01
[FW-A] iter=184  -trace(H^{-1})=-7.513691e-01
[FW-A] iter=185  -trace(H^{-1})=-7.513454e-01
[FW-A] iter=186  -trace(H^{-1})=-7.513220e-01
[FW-A] iter=187  -trace(H^{-1})=-7.512988e-01
[FW-A] iter=188  -trace(H^{-1})=-7.512769e-01
[FW-A] iter=189  -trace(H^{-1})=-7.512540e-01
[FW-A] iter=190  -trace(H^{-1})=-7.512320e-01
[FW-A] iter=191  -trace(H^{-1})=-7.512108e-01
[FW-A] iter=192  -trace(H^{-1})=-7.511890e-01
[FW-A] iter=193  -trace(H^{-1})=-7.511684e-01
[FW-A] iter=194  -trace(H^{-1})=-7.511478e-01
[FW-A] iter=195  -trace(H^{-1})=-7.511273e-01
[FW-A] iter=196  -trace(H^{-1})=-7.511072e-01
[FW-A] iter=197  -trace(H^{-1})=-7.510878e-01
[FW-A] iter=198  -trace(H^{-1})=-7.510684e-01
[FW-A] iter=199  -trace(H^{-1})=-7.510491e-01
[FW-A] iter=200  -trace(H^{-1})=-7.510302e-01
[FW-A] iter=201  -trace(H^{-1})=-7.510119e-01
[FW-A] iter=202  -trace(H^{-1})=-7.509936e-01
[FW-A] iter=203  -trace(H^{-1})=-7.509754e-01
[FW-A] iter=204  -trace(H^{-1})=-7.509583e-01
[FW-A] iter=205  -trace(H^{-1})=-7.509404e-01
[FW-A] iter=206  -trace(H^{-1})=-7.509231e-01
[FW-A] iter=207  -trace(H^{-1})=-7.509062e-01
[FW-A] iter=208  -trace(H^{-1})=-7.508893e-01
[FW-A] iter=209  -trace(H^{-1})=-7.508729e-01
[FW-A] iter=210  -trace(H^{-1})=-7.508567e-01
[FW-A] iter=211  -trace(H^{-1})=-7.508408e-01
[FW-A] iter=212  -trace(H^{-1})=-7.508249e-01
[FW-A] iter=213  -trace(H^{-1})=-7.508093e-01
[FW-A] iter=214  -trace(H^{-1})=-7.507941e-01
[FW-A] iter=215  -trace(H^{-1})=-7.507790e-01
[FW-A] iter=216  -trace(H^{-1})=-7.507639e-01
[FW-A] iter=217  -trace(H^{-1})=-7.507492e-01
[FW-A] iter=218  -trace(H^{-1})=-7.507349e-01
[FW-A] iter=219  -trace(H^{-1})=-7.507206e-01
[FW-A] iter=220  -trace(H^{-1})=-7.507063e-01
[FW-A] iter=221  -trace(H^{-1})=-7.506923e-01
[FW-A] iter=222  -trace(H^{-1})=-7.506787e-01
[FW-A] iter=223  -trace(H^{-1})=-7.506652e-01
[FW-A] iter=224  -trace(H^{-1})=-7.506516e-01
[FW-A] iter=225  -trace(H^{-1})=-7.506390e-01
[FW-A] iter=226  -trace(H^{-1})=-7.506256e-01
[FW-A] iter=227  -trace(H^{-1})=-7.506127e-01
[FW-A] iter=228  -trace(H^{-1})=-7.506003e-01
[FW-A] iter=229  -trace(H^{-1})=-7.505875e-01
[FW-A] iter=230  -trace(H^{-1})=-7.505752e-01
[FW-A] iter=231  -trace(H^{-1})=-7.505629e-01
[FW-A] iter=232  -trace(H^{-1})=-7.505511e-01
[FW-A] iter=233  -trace(H^{-1})=-7.505390e-01
[FW-A] iter=234  -trace(H^{-1})=-7.505275e-01
[FW-A] iter=235  -trace(H^{-1})=-7.505159e-01
[FW-A] iter=236  -trace(H^{-1})=-7.505043e-01
[FW-A] iter=237  -trace(H^{-1})=-7.504930e-01
[FW-A] iter=238  -trace(H^{-1})=-7.504820e-01
[FW-A] iter=239  -trace(H^{-1})=-7.504709e-01
[FW-A] iter=240  -trace(H^{-1})=-7.504600e-01
[FW-A] iter=241  -trace(H^{-1})=-7.504496e-01
[FW-A] iter=242  -trace(H^{-1})=-7.504388e-01
[FW-A] iter=243  -trace(H^{-1})=-7.504282e-01
[FW-A] iter=244  -trace(H^{-1})=-7.504179e-01
[FW-A] iter=245  -trace(H^{-1})=-7.504075e-01
[FW-A] iter=246  -trace(H^{-1})=-7.503975e-01
[FW-A] iter=247  -trace(H^{-1})=-7.503875e-01
[FW-A] iter=248  -trace(H^{-1})=-7.503778e-01
[FW-A] iter=249  -trace(H^{-1})=-7.503679e-01
[FW-A] iter=250  -trace(H^{-1})=-7.503583e-01
[FW-A] iter=251  -trace(H^{-1})=-7.503489e-01
[FW-A] iter=252  -trace(H^{-1})=-7.503395e-01
[FW-A] iter=253  -trace(H^{-1})=-7.503302e-01
[FW-A] iter=254  -trace(H^{-1})=-7.503210e-01
[FW-A] iter=255  -trace(H^{-1})=-7.503121e-01
[FW-A] iter=256  -trace(H^{-1})=-7.503031e-01
[FW-A] iter=257  -trace(H^{-1})=-7.502941e-01
[FW-A] iter=258  -trace(H^{-1})=-7.502857e-01
[FW-A] iter=259  -trace(H^{-1})=-7.502767e-01
[FW-A] iter=260  -trace(H^{-1})=-7.502683e-01
[FW-A] iter=261  -trace(H^{-1})=-7.502600e-01
[FW-A] iter=262  -trace(H^{-1})=-7.502514e-01
[FW-A] iter=263  -trace(H^{-1})=-7.502432e-01
[FW-A] iter=264  -trace(H^{-1})=-7.502350e-01
[FW-A] iter=265  -trace(H^{-1})=-7.502271e-01
[FW-A] iter=266  -trace(H^{-1})=-7.502189e-01
[FW-A] iter=267  -trace(H^{-1})=-7.502112e-01
[FW-A] iter=268  -trace(H^{-1})=-7.502033e-01
[FW-A] iter=269  -trace(H^{-1})=-7.501956e-01
[FW-A] iter=270  -trace(H^{-1})=-7.501879e-01
[FW-A] iter=271  -trace(H^{-1})=-7.501805e-01
[FW-A] iter=272  -trace(H^{-1})=-7.501730e-01
[FW-A] iter=273  -trace(H^{-1})=-7.501655e-01
[FW-A] iter=274  -trace(H^{-1})=-7.501585e-01
[FW-A] iter=275  -trace(H^{-1})=-7.501510e-01
[FW-A] iter=276  -trace(H^{-1})=-7.501440e-01
[FW-A] iter=277  -trace(H^{-1})=-7.501370e-01
[FW-A] iter=278  -trace(H^{-1})=-7.501299e-01
[FW-A] iter=279  -trace(H^{-1})=-7.501229e-01
[FW-A] iter=280  -trace(H^{-1})=-7.501162e-01
[FW-A] iter=281  -trace(H^{-1})=-7.501095e-01
[FW-A] iter=282  -trace(H^{-1})=-7.501026e-01
[FW-A] iter=283  -trace(H^{-1})=-7.500961e-01
[FW-A] iter=284  -trace(H^{-1})=-7.500895e-01
[FW-A] iter=285  -trace(H^{-1})=-7.500831e-01
[FW-A] iter=286  -trace(H^{-1})=-7.500766e-01
[FW-A] iter=287  -trace(H^{-1})=-7.500702e-01
[FW-A] iter=288  -trace(H^{-1})=-7.500640e-01
[FW-A] iter=289  -trace(H^{-1})=-7.500578e-01
[FW-A] iter=290  -trace(H^{-1})=-7.500516e-01
[FW-A] iter=291  -trace(H^{-1})=-7.500455e-01
[FW-A] iter=292  -trace(H^{-1})=-7.500396e-01
[FW-A] iter=293  -trace(H^{-1})=-7.500336e-01
[FW-A] iter=294  -trace(H^{-1})=-7.500276e-01
[FW-A] iter=295  -trace(H^{-1})=-7.500217e-01
[FW-A] iter=296  -trace(H^{-1})=-7.500160e-01
[FW-A] iter=297  -trace(H^{-1})=-7.500103e-01
[FW-A] iter=298  -trace(H^{-1})=-7.500045e-01
[FW-A] iter=299  -trace(H^{-1})=-7.499992e-01
  [fw-a] min_eig=1.9875e+00  heldout=1.1506  (2.3s)
[FW-D] Building 720 candidate information matrices...
Building FIM:   0%|          | 0/720 [00:00<?, ?candidate/s]Building FIM:  62%|██████▏   | 448/720 [00:00<00:00, 4132.22candidate/s]Building FIM: 100%|██████████| 720/720 [00:00<00:00, 5139.17candidate/s]
[FW-D] Done. Starting Frank-Wolfe D-optimal (select_k=50)...
[FW-D] Pre-extracting dense blocks (intr_dim=9, num_poses=720)...
[FW-D] Block extraction done. Starting iterations...
[FW-D] iter=  0  logdet=9.056915e+01
[FW-D] iter=  1  logdet=9.197043e+01
[FW-D] iter=  2  logdet=9.099884e+01
[FW-D] iter=  3  logdet=9.059675e+01
[FW-D] iter=  4  logdet=9.052888e+01
[FW-D] iter=  5  logdet=9.022800e+01
[FW-D] iter=  6  logdet=9.051949e+01
[FW-D] iter=  7  logdet=9.055824e+01
[FW-D] iter=  8  logdet=9.057507e+01
[FW-D] iter=  9  logdet=9.069035e+01
[FW-D] iter= 10  logdet=9.052951e+01
[FW-D] iter= 11  logdet=9.041986e+01
[FW-D] iter= 12  logdet=9.037808e+01
[FW-D] iter= 13  logdet=9.033117e+01
[FW-D] iter= 14  logdet=9.006670e+01
[FW-D] iter= 15  logdet=9.044688e+01
[FW-D] iter= 16  logdet=9.094288e+01
[FW-D] iter= 17  logdet=9.131190e+01
[FW-D] iter= 18  logdet=9.160333e+01
[FW-D] iter= 19  logdet=9.183888e+01
[FW-D] iter= 20  logdet=9.203366e+01
[FW-D] iter= 21  logdet=9.219781e+01
[FW-D] iter= 22  logdet=9.233724e+01
[FW-D] iter= 23  logdet=9.245694e+01
[FW-D] iter= 24  logdet=9.256049e+01
[FW-D] iter= 25  logdet=9.265106e+01
[FW-D] iter= 26  logdet=9.273053e+01
[FW-D] iter= 27  logdet=9.280075e+01
[FW-D] iter= 28  logdet=9.286310e+01
[FW-D] iter= 29  logdet=9.291866e+01
[FW-D] iter= 30  logdet=9.296865e+01
[FW-D] iter= 31  logdet=9.301363e+01
[FW-D] iter= 32  logdet=9.305425e+01
[FW-D] iter= 33  logdet=9.309112e+01
[FW-D] iter= 34  logdet=9.312464e+01
[FW-D] iter= 35  logdet=9.315528e+01
[FW-D] iter= 36  logdet=9.318333e+01
[FW-D] iter= 37  logdet=9.320903e+01
[FW-D] iter= 38  logdet=9.323272e+01
[FW-D] iter= 39  logdet=9.325456e+01
[FW-D] iter= 40  logdet=9.327474e+01
[FW-D] iter= 41  logdet=9.329343e+01
[FW-D] iter= 42  logdet=9.331078e+01
[FW-D] iter= 43  logdet=9.332688e+01
[FW-D] iter= 44  logdet=9.334192e+01
[FW-D] iter= 45  logdet=9.335594e+01
[FW-D] iter= 46  logdet=9.336902e+01
[FW-D] iter= 47  logdet=9.338129e+01
[FW-D] iter= 48  logdet=9.339278e+01
[FW-D] iter= 49  logdet=9.340355e+01
[FW-D] iter= 50  logdet=9.341369e+01
[FW-D] iter= 51  logdet=9.342323e+01
[FW-D] iter= 52  logdet=9.343222e+01
[FW-D] iter= 53  logdet=9.344070e+01
[FW-D] iter= 54  logdet=9.344872e+01
[FW-D] iter= 55  logdet=9.345628e+01
[FW-D] iter= 56  logdet=9.346346e+01
[FW-D] iter= 57  logdet=9.347025e+01
[FW-D] iter= 58  logdet=9.347669e+01
[FW-D] iter= 59  logdet=9.348281e+01
[FW-D] iter= 60  logdet=9.348862e+01
[FW-D] iter= 61  logdet=9.349415e+01
[FW-D] iter= 62  logdet=9.349940e+01
[FW-D] iter= 63  logdet=9.350441e+01
[FW-D] iter= 64  logdet=9.350918e+01
[FW-D] iter= 65  logdet=9.351373e+01
[FW-D] iter= 66  logdet=9.351808e+01
[FW-D] iter= 67  logdet=9.352224e+01
[FW-D] iter= 68  logdet=9.352621e+01
[FW-D] iter= 69  logdet=9.353001e+01
[FW-D] iter= 70  logdet=9.353365e+01
[FW-D] iter= 71  logdet=9.353713e+01
[FW-D] iter= 72  logdet=9.354048e+01
[FW-D] iter= 73  logdet=9.354369e+01
[FW-D] iter= 74  logdet=9.354676e+01
[FW-D] iter= 75  logdet=9.354971e+01
[FW-D] iter= 76  logdet=9.355254e+01
[FW-D] iter= 77  logdet=9.355527e+01
[FW-D] iter= 78  logdet=9.355790e+01
[FW-D] iter= 79  logdet=9.356042e+01
[FW-D] iter= 80  logdet=9.356284e+01
[FW-D] iter= 81  logdet=9.356518e+01
[FW-D] iter= 82  logdet=9.356743e+01
[FW-D] iter= 83  logdet=9.356961e+01
[FW-D] iter= 84  logdet=9.357170e+01
[FW-D] iter= 85  logdet=9.357373e+01
[FW-D] iter= 86  logdet=9.357568e+01
[FW-D] iter= 87  logdet=9.357756e+01
[FW-D] iter= 88  logdet=9.357938e+01
[FW-D] iter= 89  logdet=9.358114e+01
[FW-D] iter= 90  logdet=9.358284e+01
[FW-D] iter= 91  logdet=9.358449e+01
[FW-D] iter= 92  logdet=9.358608e+01
[FW-D] iter= 93  logdet=9.358762e+01
[FW-D] iter= 94  logdet=9.358911e+01
[FW-D] iter= 95  logdet=9.359056e+01
[FW-D] iter= 96  logdet=9.359196e+01
[FW-D] iter= 97  logdet=9.359332e+01
[FW-D] iter= 98  logdet=9.359463e+01
[FW-D] iter= 99  logdet=9.359591e+01
[FW-D] iter=100  logdet=9.359715e+01
[FW-D] iter=101  logdet=9.359835e+01
[FW-D] iter=102  logdet=9.359951e+01
[FW-D] iter=103  logdet=9.360064e+01
[FW-D] iter=104  logdet=9.360174e+01
[FW-D] iter=105  logdet=9.360281e+01
[FW-D] iter=106  logdet=9.360385e+01
[FW-D] iter=107  logdet=9.360486e+01
[FW-D] iter=108  logdet=9.360584e+01
[FW-D] iter=109  logdet=9.360679e+01
[FW-D] iter=110  logdet=9.360773e+01
[FW-D] iter=111  logdet=9.360863e+01
[FW-D] iter=112  logdet=9.360951e+01
[FW-D] iter=113  logdet=9.361037e+01
[FW-D] iter=114  logdet=9.361120e+01
[FW-D] iter=115  logdet=9.361201e+01
[FW-D] iter=116  logdet=9.361280e+01
[FW-D] iter=117  logdet=9.361358e+01
[FW-D] iter=118  logdet=9.361433e+01
[FW-D] iter=119  logdet=9.361506e+01
[FW-D] iter=120  logdet=9.361578e+01
[FW-D] iter=121  logdet=9.361647e+01
[FW-D] iter=122  logdet=9.361715e+01
[FW-D] iter=123  logdet=9.361782e+01
[FW-D] iter=124  logdet=9.361846e+01
[FW-D] iter=125  logdet=9.361909e+01
[FW-D] iter=126  logdet=9.361971e+01
[FW-D] iter=127  logdet=9.362032e+01
[FW-D] iter=128  logdet=9.362090e+01
[FW-D] iter=129  logdet=9.362148e+01
[FW-D] iter=130  logdet=9.362204e+01
[FW-D] iter=131  logdet=9.362259e+01
[FW-D] iter=132  logdet=9.362312e+01
[FW-D] iter=133  logdet=9.362365e+01
[FW-D] iter=134  logdet=9.362416e+01
[FW-D] iter=135  logdet=9.362466e+01
[FW-D] iter=136  logdet=9.362516e+01
[FW-D] iter=137  logdet=9.362564e+01
[FW-D] iter=138  logdet=9.362610e+01
[FW-D] iter=139  logdet=9.362656e+01
[FW-D] iter=140  logdet=9.362701e+01
[FW-D] iter=141  logdet=9.362745e+01
[FW-D] iter=142  logdet=9.362788e+01
[FW-D] iter=143  logdet=9.362830e+01
[FW-D] iter=144  logdet=9.362872e+01
[FW-D] iter=145  logdet=9.362912e+01
[FW-D] iter=146  logdet=9.362952e+01
[FW-D] iter=147  logdet=9.362991e+01
[FW-D] iter=148  logdet=9.363029e+01
[FW-D] iter=149  logdet=9.363066e+01
[FW-D] iter=150  logdet=9.363102e+01
[FW-D] iter=151  logdet=9.363138e+01
[FW-D] iter=152  logdet=9.363173e+01
[FW-D] iter=153  logdet=9.363208e+01
[FW-D] iter=154  logdet=9.363241e+01
[FW-D] iter=155  logdet=9.363275e+01
[FW-D] iter=156  logdet=9.363307e+01
[FW-D] iter=157  logdet=9.363339e+01
[FW-D] iter=158  logdet=9.363370e+01
[FW-D] iter=159  logdet=9.363401e+01
[FW-D] iter=160  logdet=9.363431e+01
[FW-D] iter=161  logdet=9.363460e+01
[FW-D] iter=162  logdet=9.363489e+01
[FW-D] iter=163  logdet=9.363518e+01
[FW-D] iter=164  logdet=9.363546e+01
[FW-D] iter=165  logdet=9.363573e+01
[FW-D] iter=166  logdet=9.363600e+01
[FW-D] iter=167  logdet=9.363627e+01
[FW-D] iter=168  logdet=9.363653e+01
[FW-D] iter=169  logdet=9.363678e+01
[FW-D] iter=170  logdet=9.363703e+01
[FW-D] iter=171  logdet=9.363728e+01
[FW-D] iter=172  logdet=9.363752e+01
[FW-D] iter=173  logdet=9.363776e+01
[FW-D] iter=174  logdet=9.363799e+01
[FW-D] iter=175  logdet=9.363822e+01
[FW-D] iter=176  logdet=9.363845e+01
[FW-D] iter=177  logdet=9.363867e+01
[FW-D] iter=178  logdet=9.363889e+01
[FW-D] iter=179  logdet=9.363910e+01
[FW-D] iter=180  logdet=9.363931e+01
[FW-D] iter=181  logdet=9.363952e+01
[FW-D] iter=182  logdet=9.363973e+01
[FW-D] iter=183  logdet=9.363993e+01
[FW-D] iter=184  logdet=9.364012e+01
[FW-D] iter=185  logdet=9.364032e+01
[FW-D] iter=186  logdet=9.364051e+01
[FW-D] iter=187  logdet=9.364070e+01
[FW-D] iter=188  logdet=9.364088e+01
[FW-D] iter=189  logdet=9.364107e+01
[FW-D] iter=190  logdet=9.364124e+01
[FW-D] iter=191  logdet=9.364142e+01
[FW-D] iter=192  logdet=9.364160e+01
[FW-D] iter=193  logdet=9.364177e+01
[FW-D] iter=194  logdet=9.364194e+01
[FW-D] iter=195  logdet=9.364210e+01
[FW-D] iter=196  logdet=9.364226e+01
[FW-D] iter=197  logdet=9.364243e+01
[FW-D] iter=198  logdet=9.364258e+01
[FW-D] iter=199  logdet=9.364274e+01
[FW-D] iter=200  logdet=9.364289e+01
[FW-D] iter=201  logdet=9.364305e+01
[FW-D] iter=202  logdet=9.364319e+01
[FW-D] iter=203  logdet=9.364334e+01
[FW-D] iter=204  logdet=9.364349e+01
[FW-D] iter=205  logdet=9.364363e+01
[FW-D] iter=206  logdet=9.364377e+01
[FW-D] iter=207  logdet=9.364391e+01
[FW-D] iter=208  logdet=9.364405e+01
[FW-D] iter=209  logdet=9.364418e+01
[FW-D] iter=210  logdet=9.364431e+01
[FW-D] iter=211  logdet=9.364445e+01
[FW-D] iter=212  logdet=9.364457e+01
[FW-D] iter=213  logdet=9.364470e+01
[FW-D] iter=214  logdet=9.364483e+01
[FW-D] iter=215  logdet=9.364495e+01
[FW-D] iter=216  logdet=9.364507e+01
[FW-D] iter=217  logdet=9.364519e+01
[FW-D] iter=218  logdet=9.364531e+01
[FW-D] iter=219  logdet=9.364543e+01
[FW-D] iter=220  logdet=9.364554e+01
[FW-D] iter=221  logdet=9.364566e+01
[FW-D] iter=222  logdet=9.364577e+01
[FW-D] iter=223  logdet=9.364588e+01
[FW-D] iter=224  logdet=9.364599e+01
[FW-D] iter=225  logdet=9.364610e+01
[FW-D] iter=226  logdet=9.364621e+01
[FW-D] iter=227  logdet=9.364631e+01
[FW-D] iter=228  logdet=9.364641e+01
[FW-D] iter=229  logdet=9.364652e+01
[FW-D] iter=230  logdet=9.364662e+01
[FW-D] iter=231  logdet=9.364672e+01
[FW-D] iter=232  logdet=9.364682e+01
[FW-D] iter=233  logdet=9.364691e+01
[FW-D] iter=234  logdet=9.364701e+01
[FW-D] iter=235  logdet=9.364711e+01
[FW-D] iter=236  logdet=9.364720e+01
[FW-D] iter=237  logdet=9.364729e+01
[FW-D] iter=238  logdet=9.364738e+01
[FW-D] iter=239  logdet=9.364747e+01
[FW-D] iter=240  logdet=9.364756e+01
[FW-D] iter=241  logdet=9.364765e+01
[FW-D] iter=242  logdet=9.364774e+01
[FW-D] iter=243  logdet=9.364782e+01
[FW-D] iter=244  logdet=9.364791e+01
[FW-D] iter=245  logdet=9.364799e+01
[FW-D] iter=246  logdet=9.364807e+01
[FW-D] iter=247  logdet=9.364815e+01
[FW-D] iter=248  logdet=9.364823e+01
[FW-D] iter=249  logdet=9.364831e+01
[FW-D] iter=250  logdet=9.364839e+01
[FW-D] iter=251  logdet=9.364847e+01
[FW-D] iter=252  logdet=9.364855e+01
[FW-D] iter=253  logdet=9.364862e+01
[FW-D] iter=254  logdet=9.364870e+01
[FW-D] iter=255  logdet=9.364877e+01
[FW-D] iter=256  logdet=9.364885e+01
[FW-D] iter=257  logdet=9.364892e+01
[FW-D] iter=258  logdet=9.364899e+01
[FW-D] iter=259  logdet=9.364906e+01
[FW-D] iter=260  logdet=9.364913e+01
[FW-D] iter=261  logdet=9.364920e+01
[FW-D] iter=262  logdet=9.364927e+01
[FW-D] iter=263  logdet=9.364934e+01
[FW-D] iter=264  logdet=9.364940e+01
[FW-D] iter=265  logdet=9.364947e+01
[FW-D] iter=266  logdet=9.364954e+01
[FW-D] iter=267  logdet=9.364960e+01
[FW-D] iter=268  logdet=9.364966e+01
[FW-D] iter=269  logdet=9.364973e+01
[FW-D] iter=270  logdet=9.364979e+01
[FW-D] iter=271  logdet=9.364985e+01
[FW-D] iter=272  logdet=9.364991e+01
[FW-D] iter=273  logdet=9.364997e+01
[FW-D] iter=274  logdet=9.365003e+01
[FW-D] iter=275  logdet=9.365009e+01
[FW-D] iter=276  logdet=9.365015e+01
[FW-D] iter=277  logdet=9.365021e+01
[FW-D] iter=278  logdet=9.365026e+01
[FW-D] iter=279  logdet=9.365032e+01
[FW-D] iter=280  logdet=9.365038e+01
[FW-D] iter=281  logdet=9.365043e+01
[FW-D] iter=282  logdet=9.365049e+01
[FW-D] iter=283  logdet=9.365054e+01
[FW-D] iter=284  logdet=9.365060e+01
[FW-D] iter=285  logdet=9.365065e+01
[FW-D] iter=286  logdet=9.365070e+01
[FW-D] iter=287  logdet=9.365075e+01
[FW-D] iter=288  logdet=9.365081e+01
[FW-D] iter=289  logdet=9.365086e+01
[FW-D] iter=290  logdet=9.365091e+01
[FW-D] iter=291  logdet=9.365096e+01
[FW-D] iter=292  logdet=9.365101e+01
[FW-D] iter=293  logdet=9.365105e+01
[FW-D] iter=294  logdet=9.365110e+01
[FW-D] iter=295  logdet=9.365115e+01
[FW-D] iter=296  logdet=9.365120e+01
[FW-D] iter=297  logdet=9.365125e+01
[FW-D] iter=298  logdet=9.365129e+01
[FW-D] iter=299  logdet=9.365134e+01
  [fw-d] min_eig=1.7703e+00  heldout=0.7641  (2.2s)

--- K=5 (held-out=715) ---
Method                   min_eig        logdet  focal_err_px     pp_err_px      dist_err     train_rms   heldout_rms
--------------------------------------------------------------------------------------------------------------------
random                4.5827e-02    6.7971e+01    5.4568e+00    8.3379e+00    3.4270e-02    6.9570e-01    8.3393e+00
coverage              2.3507e-03    6.4372e+01    4.4988e+00    1.0267e+01    5.8746e-02    7.0575e-01    1.0082e+01
a-optimal             2.2175e-01    7.3047e+01    1.0279e+00    1.7920e+00    4.8134e-03    6.9540e-01    2.0093e+00
d-optimal             1.4190e-01    7.3567e+01    3.5161e-01    6.2756e-01    4.6057e-03    6.9887e-01    9.4348e-01
greedy-e              1.7113e-01    7.1708e+01    1.0873e+00    2.0586e+00    7.7488e-02    6.9436e-01    2.3791e+00
fw-e                  1.7724e-03    6.6694e+01    5.0697e+00    4.3102e+00    6.5919e-03    6.9367e-01    4.1194e+00
fw-a                  2.1795e-01    7.3391e+01    6.4027e-01    1.6644e+00    1.9930e-02    7.0686e-01    1.7437e+00
fw-d                  1.4190e-01    7.3567e+01    5.0435e-01    2.0992e+00    2.6849e-02    6.8580e-01    2.2876e+00

--- K=10 (held-out=710) ---
Method                   min_eig        logdet  focal_err_px     pp_err_px      dist_err     train_rms   heldout_rms
--------------------------------------------------------------------------------------------------------------------
random                1.1588e-01    7.4776e+01    2.1532e+00    4.2760e+00    2.9629e-02    6.9313e-01    4.4189e+00
coverage              6.5508e-02    7.4838e+01    1.0340e+00    3.5782e+00    3.7285e-02    6.9438e-01    3.6224e+00
a-optimal             4.3702e-01    7.9423e+01    4.6771e-01    1.4290e+00    3.4963e-02    7.0312e-01    1.6196e+00
d-optimal             3.7427e-01    7.9785e+01    5.6871e-01    1.2130e+00    4.4425e-03    6.9029e-01    1.3274e+00
greedy-e              4.1766e-01    7.8634e+01    4.6972e-01    1.6831e+00    1.6721e-02    6.9399e-01    1.9266e+00
fw-e                  4.3530e-01    7.8811e+01    9.0820e-01    7.9495e-01    2.2914e-02    6.9911e-01    9.8498e-01
fw-a                  4.0111e-01    7.9501e+01    1.9019e-01    1.2755e+00    4.3564e-02    7.0839e-01    1.4786e+00
fw-d                  3.6574e-01    7.9722e+01    3.1186e-01    7.8470e-01    9.1086e-03    6.9762e-01    1.0095e+00

--- K=15 (held-out=705) ---
Method                   min_eig        logdet  focal_err_px     pp_err_px      dist_err     train_rms   heldout_rms
--------------------------------------------------------------------------------------------------------------------
random                2.5398e-01    7.9282e+01    1.0259e+00    2.2322e+00    2.3330e-02    6.9863e-01    2.3552e+00
coverage              2.2011e-01    7.9543e+01    8.2680e-01    2.9781e+00    2.3916e-02    6.9415e-01    3.0904e+00
a-optimal             6.5212e-01    8.2912e+01    3.8401e-01    2.2586e-01    4.9738e-02    6.9591e-01    6.8093e-01
d-optimal             5.1451e-01    8.3347e+01    1.5317e-01    1.0322e+00    7.7158e-03    6.8411e-01    1.2417e+00
greedy-e              6.2861e-01    8.2399e+01    7.6670e-02    7.3059e-01    1.3953e-02    6.9700e-01    1.0094e+00
fw-e                  6.5116e-01    8.2528e+01    1.3834e-01    7.6768e-01    1.9858e-02    6.9538e-01    1.0033e+00
fw-a                  6.5366e-01    8.2934e+01    4.3077e-01    4.7035e-01    3.7223e-02    7.0144e-01    7.4343e-01
fw-d                  5.5747e-01    8.3327e+01    5.4253e-01    9.9027e-01    7.8281e-03    6.8898e-01    1.1857e+00

--- K=20 (held-out=700) ---
Method                   min_eig        logdet  focal_err_px     pp_err_px      dist_err     train_rms   heldout_rms
--------------------------------------------------------------------------------------------------------------------
random                3.5885e-01    8.2105e+01    7.5340e-01    1.7057e+00    2.4850e-02    6.9609e-01    1.8661e+00
coverage              3.0680e-01    8.1665e+01    2.7786e-01    1.5861e+00    2.9948e-02    7.0243e-01    1.7326e+00
a-optimal             8.5131e-01    8.5525e+01    3.2774e-01    6.2273e-01    3.1322e-02    6.9580e-01    8.9297e-01
d-optimal             6.9069e-01    8.5865e+01    2.0177e-01    1.0763e+00    4.4199e-03    6.9304e-01    1.2477e+00
greedy-e              8.4200e-01    8.5008e+01    1.4983e-01    5.2971e-01    3.4257e-03    6.9594e-01    8.2957e-01
fw-e                  8.7370e-01    8.4946e+01    2.0293e-01    6.4833e-01    1.1679e-02    6.9479e-01    9.0411e-01
fw-a                  8.6089e-01    8.5465e+01    3.6047e-01    4.8896e-01    3.1631e-02    6.9659e-01    8.1927e-01
fw-d                  7.2389e-01    8.5862e+01    3.9152e-01    1.2385e+00    1.3328e-02    6.9302e-01    1.3652e+00

--- K=30 (held-out=690) ---
Method                   min_eig        logdet  focal_err_px     pp_err_px      dist_err     train_rms   heldout_rms
--------------------------------------------------------------------------------------------------------------------
random                5.2778e-01    8.5736e+01    6.9335e-01    1.5556e+00    1.5401e-02    6.9475e-01    1.6861e+00
coverage              5.2458e-01    8.5489e+01    4.8990e-01    1.7703e+00    3.3047e-02    7.0154e-01    1.8498e+00
a-optimal             1.2541e+00    8.8924e+01    5.8104e-01    9.6347e-01    3.1225e-02    6.9349e-01    1.2118e+00
d-optimal             1.0742e+00    8.9355e+01    1.3543e-01    2.4652e-01    1.3445e-02    6.9476e-01    6.5817e-01
greedy-e              1.2456e+00    8.8387e+01    9.6431e-02    5.7004e-01    4.2182e-03    6.9790e-01    8.6598e-01
fw-e                  1.2703e+00    8.8462e+01    2.4222e-01    5.2830e-01    1.2723e-02    6.9846e-01    8.3577e-01
fw-a                  1.2541e+00    8.8924e+01    5.8104e-01    9.6347e-01    3.1225e-02    6.9349e-01    1.2118e+00
fw-d                  1.0773e+00    8.9350e+01    2.5416e-01    2.3592e-01    1.7223e-02    6.9399e-01    6.5350e-01

--- K=40 (held-out=680) ---
Method                   min_eig        logdet  focal_err_px     pp_err_px      dist_err     train_rms   heldout_rms
--------------------------------------------------------------------------------------------------------------------
random                7.6084e-01    8.8428e+01    5.3789e-01    1.1117e+00    1.7361e-02    6.9755e-01    1.3240e+00
coverage              8.4350e-01    8.8524e+01    6.6125e-01    1.5389e+00    3.3447e-02    6.9825e-01    1.6202e+00
a-optimal             1.6189e+00    9.1365e+01    4.2052e-01    1.1773e+00    3.0210e-02    6.9352e-01    1.3756e+00
d-optimal             1.4090e+00    9.1780e+01    1.1434e-01    2.1166e-01    2.5034e-02    6.8943e-01    6.6196e-01
greedy-e              1.6327e+00    9.1010e+01    3.1177e-01    6.9326e-01    5.9819e-03    6.9288e-01    9.5352e-01
fw-e                  1.6513e+00    9.1015e+01    5.2506e-01    5.5635e-01    2.0970e-02    6.9296e-01    8.5455e-01
fw-a                  1.6087e+00    9.1326e+01    3.6938e-01    9.9143e-01    3.1283e-02    6.9330e-01    1.2124e+00
fw-d                  1.4098e+00    9.1778e+01    9.9032e-02    2.4950e-01    2.1405e-02    6.9067e-01    6.7457e-01

--- K=50 (held-out=670) ---
Method                   min_eig        logdet  focal_err_px     pp_err_px      dist_err     train_rms   heldout_rms
--------------------------------------------------------------------------------------------------------------------
random                9.3918e-01    9.0466e+01    4.4706e-01    1.0337e+00    1.1857e-02    6.9637e-01    1.2390e+00
coverage              1.0099e+00    9.0261e+01    8.2781e-01    1.7787e+00    3.5702e-02    6.9626e-01    1.8350e+00
a-optimal             1.9930e+00    9.3228e+01    3.7587e-01    1.0679e+00    3.1978e-02    6.9259e-01    1.2851e+00
d-optimal             1.7703e+00    9.3657e+01    1.7673e-01    3.5204e-01    2.2463e-02    6.8942e-01    7.1804e-01
greedy-e              2.0078e+00    9.3015e+01    4.2253e-01    7.9418e-01    3.3298e-03    6.9288e-01    1.0279e+00
fw-e                  2.0207e+00    9.3021e+01    4.5643e-01    8.3502e-01    4.3762e-03    6.9232e-01    1.0495e+00
fw-a                  1.9875e+00    9.3180e+01    2.3412e-01    9.2008e-01    2.1724e-02    6.9362e-01    1.1506e+00
fw-d                  1.7703e+00    9.3657e+01    2.0075e-01    4.4848e-01    2.0614e-02    6.8976e-01    7.6409e-01

Saved: results/fresh_ksweep_20260427/aprilgrid_sigma05_20260427_052023/k_sweep_calib_metrics.json
