
=== K-Sweep: Full Calibration Metrics (held-out = N-K) ===
  problem        : results/k20/datasets/aprilgrid_zero/all_candidate_problem.npz
  total N        : 720
  K values       : [5, 10, 15, 20, 30, 40, 50]
  random trials  : 25
  held-out       : all N-K unselected frames per method

============================================================
K = 5  (held-out = 715 frames)
  [random] 25 trials...
  [coverage] min_eig=2.3494e-03  heldout=7.5295  (0.0s)
  [a-optimal] min_eig=4.5060e+02  heldout=0.0142  (3.1s)
  [d-optimal] min_eig=3.6299e+02  heldout=0.0340  (2.8s)
  [greedy-e] min_eig=4.2811e+02  heldout=0.0689  (2.1s)
[FW] Building 720 candidate information matrices...
Building FIM:   0%|          | 0/720 [00:00<?, ?candidate/s]Building FIM:   4%|▍         | 32/720 [00:00<00:04, 137.72candidate/s]Building FIM:  18%|█▊        | 128/720 [00:00<00:02, 275.66candidate/s]Building FIM:  27%|██▋       | 192/720 [00:00<00:01, 341.59candidate/s]Building FIM:  36%|███▌      | 256/720 [00:00<00:01, 397.83candidate/s]Building FIM:  80%|████████  | 576/720 [00:00<00:00, 1046.69candidate/s]Building FIM: 100%|██████████| 720/720 [00:00<00:00, 826.50candidate/s] 
[FW] Done. Starting Frank-Wolfe optimization (select_k=5)...
[FW] Pre-extracting dense blocks (intr_dim=9, num_poses=720)...
[FW] Block extraction done. Starting iterations...
[FW] iter=  0  min_eig=2.516746e+02
[FW] iter=  1  min_eig=2.353656e-03
[FW] iter=  2  min_eig=2.344210e-03
[FW] iter=  3  min_eig=2.148434e+02
[FW] iter=  4  min_eig=1.826771e+02
[FW] iter=  5  min_eig=1.434634e+02
[FW] iter=  6  min_eig=1.274493e+02
[FW] iter=  7  min_eig=1.188566e+02
[FW] iter=  8  min_eig=1.119474e+02
[FW] iter=  9  min_eig=9.610677e+01
[FW] iter= 10  min_eig=8.812858e+01
[FW] iter= 11  min_eig=7.950788e+01
[FW] iter= 12  min_eig=7.218277e+01
[FW] iter= 13  min_eig=6.392172e+01
[FW] iter= 14  min_eig=5.693564e+01
[FW] iter= 15  min_eig=5.177532e+01
[FW] iter= 16  min_eig=4.702308e+01
[FW] iter= 17  min_eig=4.331311e+01
[FW] iter= 18  min_eig=4.029406e+01
[FW] iter= 19  min_eig=4.813781e+01
[FW] iter= 20  min_eig=4.471780e+01
[FW] iter= 21  min_eig=4.272640e+01
[FW] iter= 22  min_eig=9.635254e+01
[FW] iter= 23  min_eig=8.859220e+01
[FW] iter= 24  min_eig=8.402501e+01
[FW] iter= 25  min_eig=8.343790e+01
[FW] iter= 26  min_eig=8.061271e+01
[FW] iter= 27  min_eig=7.997663e+01
[FW] iter= 28  min_eig=7.716914e+01
[FW] iter= 29  min_eig=7.656708e+01
[FW] iter= 30  min_eig=7.443367e+01
[FW] iter= 31  min_eig=9.800527e+01
[FW] iter= 32  min_eig=1.015533e+02
[FW] iter= 33  min_eig=1.141073e+02
[FW] iter= 34  min_eig=1.151209e+02
[FW] iter= 35  min_eig=1.121529e+02
[FW] iter= 36  min_eig=1.115546e+02
[FW] iter= 37  min_eig=1.085187e+02
[FW] iter= 38  min_eig=1.052484e+02
[FW] iter= 39  min_eig=1.058612e+02
[FW] iter= 40  min_eig=1.097473e+02
[FW] iter= 41  min_eig=1.136580e+02
[FW] iter= 42  min_eig=1.519784e+02
[FW] iter= 43  min_eig=1.491396e+02
[FW] iter= 44  min_eig=1.488854e+02
[FW] iter= 45  min_eig=1.883096e+02
[FW] iter= 46  min_eig=1.966192e+02
[FW] iter= 47  min_eig=1.976189e+02
[FW] iter= 48  min_eig=2.050946e+02
[FW] iter= 49  min_eig=2.286135e+02
[FW] iter= 50  min_eig=2.351472e+02
[FW] iter= 51  min_eig=2.471420e+02
[FW] iter= 52  min_eig=2.434083e+02
[FW] iter= 53  min_eig=2.451284e+02
[FW] iter= 54  min_eig=2.452535e+02
[FW] iter= 55  min_eig=2.501615e+02
[FW] iter= 56  min_eig=2.580392e+02
[FW] iter= 57  min_eig=2.569000e+02
[FW] iter= 58  min_eig=2.549580e+02
[FW] iter= 59  min_eig=2.594119e+02
[FW] iter= 60  min_eig=2.629722e+02
[FW] iter= 61  min_eig=2.577487e+02
[FW] iter= 62  min_eig=2.542584e+02
[FW] iter= 63  min_eig=2.475411e+02
[FW] iter= 64  min_eig=2.402106e+02
[FW] iter= 65  min_eig=2.401408e+02
[FW] iter= 66  min_eig=2.378527e+02
[FW] iter= 67  min_eig=2.397065e+02
[FW] iter= 68  min_eig=2.392481e+02
[FW] iter= 69  min_eig=2.449171e+02
[FW] iter= 70  min_eig=2.440538e+02
[FW] iter= 71  min_eig=2.424655e+02
[FW] iter= 72  min_eig=2.412429e+02
[FW] iter= 73  min_eig=2.470234e+02
[FW] iter= 74  min_eig=2.501287e+02
[FW] iter= 75  min_eig=2.564506e+02
[FW] iter= 76  min_eig=2.555884e+02
[FW] iter= 77  min_eig=2.519166e+02
[FW] iter= 78  min_eig=2.543866e+02
[FW] iter= 79  min_eig=2.623862e+02
[FW] iter= 80  min_eig=2.635635e+02
[FW] iter= 81  min_eig=2.653794e+02
[FW] iter= 82  min_eig=2.668532e+02
[FW] iter= 83  min_eig=2.665379e+02
[FW] iter= 84  min_eig=2.682410e+02
[FW] iter= 85  min_eig=2.666936e+02
[FW] iter= 86  min_eig=2.690488e+02
[FW] iter= 87  min_eig=2.714043e+02
[FW] iter= 88  min_eig=2.709179e+02
[FW] iter= 89  min_eig=2.689764e+02
[FW] iter= 90  min_eig=2.673459e+02
[FW] iter= 91  min_eig=2.658265e+02
[FW] iter= 92  min_eig=2.658832e+02
[FW] iter= 93  min_eig=2.618440e+02
[FW] iter= 94  min_eig=2.671968e+02
[FW] iter= 95  min_eig=2.665025e+02
[FW] iter= 96  min_eig=2.617327e+02
[FW] iter= 97  min_eig=2.592657e+02
[FW] iter= 98  min_eig=2.547633e+02
[FW] iter= 99  min_eig=2.583175e+02
[FW] iter=100  min_eig=2.561750e+02
[FW] iter=101  min_eig=2.584003e+02
[FW] iter=102  min_eig=2.591524e+02
[FW] iter=103  min_eig=2.632417e+02
[FW] iter=104  min_eig=2.669930e+02
[FW] iter=105  min_eig=2.694040e+02
[FW] iter=106  min_eig=2.661716e+02
[FW] iter=107  min_eig=2.680329e+02
[FW] iter=108  min_eig=2.683256e+02
[FW] iter=109  min_eig=2.695897e+02
[FW] iter=110  min_eig=2.722740e+02
[FW] iter=111  min_eig=2.746972e+02
[FW] iter=112  min_eig=2.731732e+02
[FW] iter=113  min_eig=2.746170e+02
[FW] iter=114  min_eig=2.783712e+02
[FW] iter=115  min_eig=2.766437e+02
[FW] iter=116  min_eig=2.758519e+02
[FW] iter=117  min_eig=2.775148e+02
[FW] iter=118  min_eig=2.746026e+02
[FW] iter=119  min_eig=2.717642e+02
[FW] iter=120  min_eig=2.720052e+02
[FW] iter=121  min_eig=2.689239e+02
[FW] iter=122  min_eig=2.649261e+02
[FW] iter=123  min_eig=2.609714e+02
[FW] iter=124  min_eig=2.570710e+02
[FW] iter=125  min_eig=2.545424e+02
[FW] iter=126  min_eig=2.551685e+02
[FW] iter=127  min_eig=2.554485e+02
[FW] iter=128  min_eig=2.579918e+02
[FW] iter=129  min_eig=2.592764e+02
[FW] iter=130  min_eig=2.600895e+02
[FW] iter=131  min_eig=2.612220e+02
[FW] iter=132  min_eig=2.615608e+02
[FW] iter=133  min_eig=2.616678e+02
[FW] iter=134  min_eig=2.615401e+02
[FW] iter=135  min_eig=2.593534e+02
[FW] iter=136  min_eig=2.559390e+02
[FW] iter=137  min_eig=2.525448e+02
[FW] iter=138  min_eig=2.492079e+02
[FW] iter=139  min_eig=2.459249e+02
[FW] iter=140  min_eig=2.452349e+02
[FW] iter=141  min_eig=2.450923e+02
[FW] iter=142  min_eig=2.446622e+02
[FW] iter=143  min_eig=2.434231e+02
[FW] iter=144  min_eig=2.420737e+02
[FW] iter=145  min_eig=2.521215e+02
[FW] iter=146  min_eig=2.596858e+02
[FW] iter=147  min_eig=2.653578e+02
[FW] iter=148  min_eig=2.695629e+02
[FW] iter=149  min_eig=2.739636e+02
[FW] iter=150  min_eig=2.780681e+02
[FW] iter=151  min_eig=2.818339e+02
[FW] iter=152  min_eig=2.860238e+02
[FW] iter=153  min_eig=2.898056e+02
[FW] iter=154  min_eig=2.937346e+02
[FW] iter=155  min_eig=2.973742e+02
[FW] iter=156  min_eig=3.011764e+02
[FW] iter=157  min_eig=3.047926e+02
[FW] iter=158  min_eig=3.082500e+02
[FW] iter=159  min_eig=3.118028e+02
[FW] iter=160  min_eig=3.152168e+02
[FW] iter=161  min_eig=3.184901e+02
[FW] iter=162  min_eig=3.217879e+02
[FW] iter=163  min_eig=3.250112e+02
[FW] iter=164  min_eig=3.280414e+02
[FW] iter=165  min_eig=3.312273e+02
[FW] iter=166  min_eig=3.341760e+02
[FW] iter=167  min_eig=3.370886e+02
[FW] iter=168  min_eig=3.400982e+02
[FW] iter=169  min_eig=3.429909e+02
[FW] iter=170  min_eig=3.457124e+02
[FW] iter=171  min_eig=3.485653e+02
[FW] iter=172  min_eig=3.513119e+02
[FW] iter=173  min_eig=3.539560e+02
[FW] iter=174  min_eig=3.564964e+02
[FW] iter=175  min_eig=3.591373e+02
[FW] iter=176  min_eig=3.616544e+02
[FW] iter=177  min_eig=3.640586e+02
[FW] iter=178  min_eig=3.665804e+02
[FW] iter=179  min_eig=3.690128e+02
[FW] iter=180  min_eig=3.713457e+02
[FW] iter=181  min_eig=3.735814e+02
[FW] iter=182  min_eig=3.759347e+02
[FW] iter=183  min_eig=3.781886e+02
[FW] iter=184  min_eig=3.804062e+02
[FW] iter=185  min_eig=3.824828e+02
[FW] iter=186  min_eig=3.846840e+02
[FW] iter=187  min_eig=3.866665e+02
[FW] iter=188  min_eig=3.888156e+02
[FW] iter=189  min_eig=3.908911e+02
[FW] iter=190  min_eig=3.929020e+02
[FW] iter=191  min_eig=3.948072e+02
[FW] iter=192  min_eig=3.968023e+02
[FW] iter=193  min_eig=3.987161e+02
[FW] iter=194  min_eig=4.005327e+02
[FW] iter=195  min_eig=4.024333e+02
[FW] iter=196  min_eig=4.042625e+02
[FW] iter=197  min_eig=4.059918e+02
[FW] iter=198  min_eig=4.077227e+02
[FW] iter=199  min_eig=4.095126e+02
[FW] iter=200  min_eig=4.112390e+02
[FW] iter=201  min_eig=4.128463e+02
[FW] iter=202  min_eig=4.145639e+02
[FW] iter=203  min_eig=4.162112e+02
[FW] iter=204  min_eig=4.177335e+02
[FW] iter=205  min_eig=4.193818e+02
[FW] iter=206  min_eig=4.209397e+02
[FW] iter=207  min_eig=4.224247e+02
[FW] iter=208  min_eig=4.238918e+02
[FW] iter=209  min_eig=4.254520e+02
[FW] iter=210  min_eig=4.269483e+02
[FW] iter=211  min_eig=4.283276e+02
[FW] iter=212  min_eig=4.298082e+02
[FW] iter=213  min_eig=4.311378e+02
[FW] iter=214  min_eig=4.325852e+02
[FW] iter=215  min_eig=4.339824e+02
[FW] iter=216  min_eig=4.352741e+02
[FW] iter=217  min_eig=4.366516e+02
[FW] iter=218  min_eig=4.378741e+02
[FW] iter=219  min_eig=4.392302e+02
[FW] iter=220  min_eig=4.405377e+02
[FW] iter=221  min_eig=4.417488e+02
[FW] iter=222  min_eig=4.430328e+02
[FW] iter=223  min_eig=4.441582e+02
[FW] iter=224  min_eig=4.454305e+02
[FW] iter=225  min_eig=4.466563e+02
[FW] iter=226  min_eig=4.477938e+02
[FW] iter=227  min_eig=4.489924e+02
[FW] iter=228  min_eig=4.501254e+02
[FW] iter=229  min_eig=4.512263e+02
[FW] iter=230  min_eig=4.523695e+02
[FW] iter=231  min_eig=4.534686e+02
[FW] iter=232  min_eig=4.545088e+02
[FW] iter=233  min_eig=4.556264e+02
[FW] iter=234  min_eig=4.567025e+02
[FW] iter=235  min_eig=4.576960e+02
[FW] iter=236  min_eig=4.586904e+02
[FW] iter=237  min_eig=4.597669e+02
[FW] iter=238  min_eig=4.607985e+02
[FW] iter=239  min_eig=4.617962e+02
[FW] iter=240  min_eig=4.627125e+02
[FW] iter=241  min_eig=4.637297e+02
[FW] iter=242  min_eig=4.647112e+02
[FW] iter=243  min_eig=4.656584e+02
[FW] iter=244  min_eig=4.665248e+02
[FW] iter=245  min_eig=4.674911e+02
[FW] iter=246  min_eig=4.684262e+02
[FW] iter=247  min_eig=4.693180e+02
[FW] iter=248  min_eig=4.701864e+02
[FW] iter=249  min_eig=4.710873e+02
[FW] iter=250  min_eig=4.719236e+02
[FW] iter=251  min_eig=4.728093e+02
[FW] iter=252  min_eig=4.736196e+02
[FW] iter=253  min_eig=4.744434e+02
[FW] iter=254  min_eig=4.752985e+02
[FW] iter=255  min_eig=4.761274e+02
[FW] iter=256  min_eig=4.769385e+02
[FW] iter=257  min_eig=4.777256e+02
[FW] iter=258  min_eig=4.784938e+02
[FW] iter=259  min_eig=4.792922e+02
[FW] iter=260  min_eig=4.800604e+02
[FW] iter=261  min_eig=4.807817e+02
[FW] iter=262  min_eig=4.815691e+02
[FW] iter=263  min_eig=4.823264e+02
[FW] iter=264  min_eig=4.830255e+02
[FW] iter=265  min_eig=4.837188e+02
[FW] iter=266  min_eig=4.844821e+02
[FW] iter=267  min_eig=4.852126e+02
[FW] iter=268  min_eig=4.859189e+02
[FW] iter=269  min_eig=4.865596e+02
[FW] iter=270  min_eig=4.872729e+02
[FW] iter=271  min_eig=4.879780e+02
[FW] iter=272  min_eig=4.886522e+02
[FW] iter=273  min_eig=4.892928e+02
[FW] iter=274  min_eig=4.899743e+02
[FW] iter=275  min_eig=4.906293e+02
[FW] iter=276  min_eig=4.912109e+02
[FW] iter=277  min_eig=4.918849e+02
[FW] iter=278  min_eig=4.925325e+02
[FW] iter=279  min_eig=4.931345e+02
[FW] iter=280  min_eig=4.937718e+02
[FW] iter=281  min_eig=4.943505e+02
[FW] iter=282  min_eig=4.949471e+02
[FW] iter=283  min_eig=4.955648e+02
[FW] iter=284  min_eig=4.961642e+02
[FW] iter=285  min_eig=4.967351e+02
[FW] iter=286  min_eig=4.972883e+02
[FW] iter=287  min_eig=4.978860e+02
[FW] iter=288  min_eig=4.984646e+02
[FW] iter=289  min_eig=4.990217e+02
[FW] iter=290  min_eig=4.995414e+02
[FW] iter=291  min_eig=5.001170e+02
[FW] iter=292  min_eig=5.006700e+02
[FW] iter=293  min_eig=5.011812e+02
[FW] iter=294  min_eig=5.016830e+02
[FW] iter=295  min_eig=5.022447e+02
[FW] iter=296  min_eig=5.027811e+02
[FW] iter=297  min_eig=5.032985e+02
[FW] iter=298  min_eig=5.037631e+02
[FW] iter=299  min_eig=5.042683e+02
  [fw-e] min_eig=1.8072e-03  heldout=23.7029  (5.3s)
[FW-A] Building 720 candidate information matrices...
Building FIM:   0%|          | 0/720 [00:00<?, ?candidate/s]Building FIM:  18%|█▊        | 128/720 [00:00<00:00, 1177.33candidate/s]Building FIM:  44%|████▍     | 320/720 [00:00<00:00, 1252.82candidate/s]Building FIM: 100%|██████████| 720/720 [00:00<00:00, 2253.97candidate/s]
[FW-A] Done. Starting Frank-Wolfe A-optimal (select_k=5)...
[FW-A] Pre-extracting dense blocks (intr_dim=9, num_poses=720)...
[FW-A] Block extraction done. Starting iterations...
[FW-A] iter=  0  -trace(H^{-1})=-5.329751e-03
[FW-A] iter=  1  -trace(H^{-1})=-4.250115e+02
[FW-A] iter=  2  -trace(H^{-1})=-4.254501e+02
[FW-A] iter=  3  -trace(H^{-1})=-5.839334e-03
[FW-A] iter=  4  -trace(H^{-1})=-6.963801e-03
[FW-A] iter=  5  -trace(H^{-1})=-8.033818e-03
[FW-A] iter=  6  -trace(H^{-1})=-1.011609e-02
[FW-A] iter=  7  -trace(H^{-1})=-9.813917e-03
[FW-A] iter=  8  -trace(H^{-1})=-1.030711e-02
[FW-A] iter=  9  -trace(H^{-1})=-1.056147e-02
[FW-A] iter= 10  -trace(H^{-1})=-1.054033e-02
[FW-A] iter= 11  -trace(H^{-1})=-1.138417e-02
[FW-A] iter= 12  -trace(H^{-1})=-1.193896e-02
[FW-A] iter= 13  -trace(H^{-1})=-1.286514e-02
[FW-A] iter= 14  -trace(H^{-1})=-1.367808e-02
[FW-A] iter= 15  -trace(H^{-1})=-1.473393e-02
[FW-A] iter= 16  -trace(H^{-1})=-1.576039e-02
[FW-A] iter= 17  -trace(H^{-1})=-1.676353e-02
[FW-A] iter= 18  -trace(H^{-1})=-1.623844e-02
[FW-A] iter= 19  -trace(H^{-1})=-1.727572e-02
[FW-A] iter= 20  -trace(H^{-1})=-1.828445e-02
[FW-A] iter= 21  -trace(H^{-1})=-1.132560e-02
[FW-A] iter= 22  -trace(H^{-1})=-1.200180e-02
[FW-A] iter= 23  -trace(H^{-1})=-1.266761e-02
[FW-A] iter= 24  -trace(H^{-1})=-1.296523e-02
[FW-A] iter= 25  -trace(H^{-1})=-1.309237e-02
[FW-A] iter= 26  -trace(H^{-1})=-1.333749e-02
[FW-A] iter= 27  -trace(H^{-1})=-1.363735e-02
[FW-A] iter= 28  -trace(H^{-1})=-1.407885e-02
[FW-A] iter= 29  -trace(H^{-1})=-1.417960e-02
[FW-A] iter= 30  -trace(H^{-1})=-1.455812e-02
[FW-A] iter= 31  -trace(H^{-1})=-1.161600e-02
[FW-A] iter= 32  -trace(H^{-1})=-1.128108e-02
[FW-A] iter= 33  -trace(H^{-1})=-1.021662e-02
[FW-A] iter= 34  -trace(H^{-1})=-1.012836e-02
[FW-A] iter= 35  -trace(H^{-1})=-1.036632e-02
[FW-A] iter= 36  -trace(H^{-1})=-1.040108e-02
[FW-A] iter= 37  -trace(H^{-1})=-1.052895e-02
[FW-A] iter= 38  -trace(H^{-1})=-1.081812e-02
[FW-A] iter= 39  -trace(H^{-1})=-1.081078e-02
[FW-A] iter= 40  -trace(H^{-1})=-1.039518e-02
[FW-A] iter= 41  -trace(H^{-1})=-1.013367e-02
[FW-A] iter= 42  -trace(H^{-1})=-7.918076e-03
[FW-A] iter= 43  -trace(H^{-1})=-8.100066e-03
[FW-A] iter= 44  -trace(H^{-1})=-8.061464e-03
[FW-A] iter= 45  -trace(H^{-1})=-6.949954e-03
[FW-A] iter= 46  -trace(H^{-1})=-6.414856e-03
[FW-A] iter= 47  -trace(H^{-1})=-6.462161e-03
[FW-A] iter= 48  -trace(H^{-1})=-6.111808e-03
[FW-A] iter= 49  -trace(H^{-1})=-5.878041e-03
[FW-A] iter= 50  -trace(H^{-1})=-5.677198e-03
[FW-A] iter= 51  -trace(H^{-1})=-5.364253e-03
[FW-A] iter= 52  -trace(H^{-1})=-5.424508e-03
[FW-A] iter= 53  -trace(H^{-1})=-5.517059e-03
[FW-A] iter= 54  -trace(H^{-1})=-5.362411e-03
[FW-A] iter= 55  -trace(H^{-1})=-5.318633e-03
[FW-A] iter= 56  -trace(H^{-1})=-5.240375e-03
[FW-A] iter= 57  -trace(H^{-1})=-5.127593e-03
[FW-A] iter= 58  -trace(H^{-1})=-5.150694e-03
[FW-A] iter= 59  -trace(H^{-1})=-5.197439e-03
[FW-A] iter= 60  -trace(H^{-1})=-5.109016e-03
[FW-A] iter= 61  -trace(H^{-1})=-5.159775e-03
[FW-A] iter= 62  -trace(H^{-1})=-5.206600e-03
[FW-A] iter= 63  -trace(H^{-1})=-5.289124e-03
[FW-A] iter= 64  -trace(H^{-1})=-5.404121e-03
[FW-A] iter= 65  -trace(H^{-1})=-5.436111e-03
[FW-A] iter= 66  -trace(H^{-1})=-5.471889e-03
[FW-A] iter= 67  -trace(H^{-1})=-5.438055e-03
[FW-A] iter= 68  -trace(H^{-1})=-5.443028e-03
[FW-A] iter= 69  -trace(H^{-1})=-5.368914e-03
[FW-A] iter= 70  -trace(H^{-1})=-5.376382e-03
[FW-A] iter= 71  -trace(H^{-1})=-5.412560e-03
[FW-A] iter= 72  -trace(H^{-1})=-5.410057e-03
[FW-A] iter= 73  -trace(H^{-1})=-5.324712e-03
[FW-A] iter= 74  -trace(H^{-1})=-5.244315e-03
[FW-A] iter= 75  -trace(H^{-1})=-5.197506e-03
[FW-A] iter= 76  -trace(H^{-1})=-5.179763e-03
[FW-A] iter= 77  -trace(H^{-1})=-5.220527e-03
[FW-A] iter= 78  -trace(H^{-1})=-5.192993e-03
[FW-A] iter= 79  -trace(H^{-1})=-5.105580e-03
[FW-A] iter= 80  -trace(H^{-1})=-5.029691e-03
[FW-A] iter= 81  -trace(H^{-1})=-5.081879e-03
[FW-A] iter= 82  -trace(H^{-1})=-4.995229e-03
[FW-A] iter= 83  -trace(H^{-1})=-4.966833e-03
[FW-A] iter= 84  -trace(H^{-1})=-4.964324e-03
[FW-A] iter= 85  -trace(H^{-1})=-5.002856e-03
[FW-A] iter= 86  -trace(H^{-1})=-4.976564e-03
[FW-A] iter= 87  -trace(H^{-1})=-4.942783e-03
[FW-A] iter= 88  -trace(H^{-1})=-4.939952e-03
[FW-A] iter= 89  -trace(H^{-1})=-4.910361e-03
[FW-A] iter= 90  -trace(H^{-1})=-4.982801e-03
[FW-A] iter= 91  -trace(H^{-1})=-5.003402e-03
[FW-A] iter= 92  -trace(H^{-1})=-5.012122e-03
[FW-A] iter= 93  -trace(H^{-1})=-5.036456e-03
[FW-A] iter= 94  -trace(H^{-1})=-5.033896e-03
[FW-A] iter= 95  -trace(H^{-1})=-5.057204e-03
[FW-A] iter= 96  -trace(H^{-1})=-5.114477e-03
[FW-A] iter= 97  -trace(H^{-1})=-5.157588e-03
[FW-A] iter= 98  -trace(H^{-1})=-5.211492e-03
[FW-A] iter= 99  -trace(H^{-1})=-5.191512e-03
[FW-A] iter=100  -trace(H^{-1})=-5.226687e-03
[FW-A] iter=101  -trace(H^{-1})=-5.199525e-03
[FW-A] iter=102  -trace(H^{-1})=-5.191136e-03
[FW-A] iter=103  -trace(H^{-1})=-5.120836e-03
[FW-A] iter=104  -trace(H^{-1})=-5.023479e-03
[FW-A] iter=105  -trace(H^{-1})=-5.029460e-03
[FW-A] iter=106  -trace(H^{-1})=-5.085623e-03
[FW-A] iter=107  -trace(H^{-1})=-5.050371e-03
[FW-A] iter=108  -trace(H^{-1})=-5.054314e-03
[FW-A] iter=109  -trace(H^{-1})=-5.045915e-03
[FW-A] iter=110  -trace(H^{-1})=-4.959939e-03
[FW-A] iter=111  -trace(H^{-1})=-4.945731e-03
[FW-A] iter=112  -trace(H^{-1})=-4.969757e-03
[FW-A] iter=113  -trace(H^{-1})=-4.946439e-03
[FW-A] iter=114  -trace(H^{-1})=-4.933584e-03
[FW-A] iter=115  -trace(H^{-1})=-4.907894e-03
[FW-A] iter=116  -trace(H^{-1})=-4.937256e-03
[FW-A] iter=117  -trace(H^{-1})=-4.918764e-03
[FW-A] iter=118  -trace(H^{-1})=-4.964792e-03
[FW-A] iter=119  -trace(H^{-1})=-5.007458e-03
[FW-A] iter=120  -trace(H^{-1})=-5.042553e-03
[FW-A] iter=121  -trace(H^{-1})=-5.054303e-03
[FW-A] iter=122  -trace(H^{-1})=-5.107477e-03
[FW-A] iter=123  -trace(H^{-1})=-5.162669e-03
[FW-A] iter=124  -trace(H^{-1})=-5.220298e-03
[FW-A] iter=125  -trace(H^{-1})=-5.263702e-03
[FW-A] iter=126  -trace(H^{-1})=-5.257501e-03
[FW-A] iter=127  -trace(H^{-1})=-5.255036e-03
[FW-A] iter=128  -trace(H^{-1})=-5.202022e-03
[FW-A] iter=129  -trace(H^{-1})=-5.177347e-03
[FW-A] iter=130  -trace(H^{-1})=-5.162065e-03
[FW-A] iter=131  -trace(H^{-1})=-5.136799e-03
[FW-A] iter=132  -trace(H^{-1})=-5.129715e-03
[FW-A] iter=133  -trace(H^{-1})=-5.135955e-03
[FW-A] iter=134  -trace(H^{-1})=-5.139026e-03
[FW-A] iter=135  -trace(H^{-1})=-5.171847e-03
[FW-A] iter=136  -trace(H^{-1})=-5.226159e-03
[FW-A] iter=137  -trace(H^{-1})=-5.283915e-03
[FW-A] iter=138  -trace(H^{-1})=-5.343201e-03
[FW-A] iter=139  -trace(H^{-1})=-5.404574e-03
[FW-A] iter=140  -trace(H^{-1})=-5.416667e-03
[FW-A] iter=141  -trace(H^{-1})=-5.418336e-03
[FW-A] iter=142  -trace(H^{-1})=-5.425889e-03
[FW-A] iter=143  -trace(H^{-1})=-5.450294e-03
[FW-A] iter=144  -trace(H^{-1})=-5.478529e-03
[FW-A] iter=145  -trace(H^{-1})=-5.313304e-03
[FW-A] iter=146  -trace(H^{-1})=-5.195866e-03
[FW-A] iter=147  -trace(H^{-1})=-5.111451e-03
[FW-A] iter=148  -trace(H^{-1})=-5.037537e-03
[FW-A] iter=149  -trace(H^{-1})=-4.972695e-03
[FW-A] iter=150  -trace(H^{-1})=-4.911742e-03
[FW-A] iter=151  -trace(H^{-1})=-4.854805e-03
[FW-A] iter=152  -trace(H^{-1})=-4.798520e-03
[FW-A] iter=153  -trace(H^{-1})=-4.745136e-03
[FW-A] iter=154  -trace(H^{-1})=-4.696232e-03
[FW-A] iter=155  -trace(H^{-1})=-4.646454e-03
[FW-A] iter=156  -trace(H^{-1})=-4.599469e-03
[FW-A] iter=157  -trace(H^{-1})=-4.555282e-03
[FW-A] iter=158  -trace(H^{-1})=-4.513198e-03
[FW-A] iter=159  -trace(H^{-1})=-4.471477e-03
[FW-A] iter=160  -trace(H^{-1})=-4.432147e-03
[FW-A] iter=161  -trace(H^{-1})=-4.395496e-03
[FW-A] iter=162  -trace(H^{-1})=-4.358182e-03
[FW-A] iter=163  -trace(H^{-1})=-4.323058e-03
[FW-A] iter=164  -trace(H^{-1})=-4.290068e-03
[FW-A] iter=165  -trace(H^{-1})=-4.256914e-03
[FW-A] iter=166  -trace(H^{-1})=-4.225525e-03
[FW-A] iter=167  -trace(H^{-1})=-4.196260e-03
[FW-A] iter=168  -trace(H^{-1})=-4.166234e-03
[FW-A] iter=169  -trace(H^{-1})=-4.137770e-03
[FW-A] iter=170  -trace(H^{-1})=-4.111050e-03
[FW-A] iter=171  -trace(H^{-1})=-4.084068e-03
[FW-A] iter=172  -trace(H^{-1})=-4.058455e-03
[FW-A] iter=173  -trace(H^{-1})=-4.034572e-03
[FW-A] iter=174  -trace(H^{-1})=-4.009907e-03
[FW-A] iter=175  -trace(H^{-1})=-3.986460e-03
[FW-A] iter=176  -trace(H^{-1})=-3.964443e-03
[FW-A] iter=177  -trace(H^{-1})=-3.942087e-03
[FW-A] iter=178  -trace(H^{-1})=-3.920813e-03
[FW-A] iter=179  -trace(H^{-1})=-3.900970e-03
[FW-A] iter=180  -trace(H^{-1})=-3.880369e-03
[FW-A] iter=181  -trace(H^{-1})=-3.860743e-03
[FW-A] iter=182  -trace(H^{-1})=-3.842305e-03
[FW-A] iter=183  -trace(H^{-1})=-3.823500e-03
[FW-A] iter=184  -trace(H^{-1})=-3.805570e-03
[FW-A] iter=185  -trace(H^{-1})=-3.788837e-03
[FW-A] iter=186  -trace(H^{-1})=-3.771392e-03
[FW-A] iter=187  -trace(H^{-1})=-3.754743e-03
[FW-A] iter=188  -trace(H^{-1})=-3.738675e-03
[FW-A] iter=189  -trace(H^{-1})=-3.723201e-03
[FW-A] iter=190  -trace(H^{-1})=-3.707692e-03
[FW-A] iter=191  -trace(H^{-1})=-3.692875e-03
[FW-A] iter=192  -trace(H^{-1})=-3.678761e-03
[FW-A] iter=193  -trace(H^{-1})=-3.664274e-03
[FW-A] iter=194  -trace(H^{-1})=-3.650425e-03
[FW-A] iter=195  -trace(H^{-1})=-3.637120e-03
[FW-A] iter=196  -trace(H^{-1})=-3.623741e-03
[FW-A] iter=197  -trace(H^{-1})=-3.610944e-03
[FW-A] iter=198  -trace(H^{-1})=-3.598747e-03
[FW-A] iter=199  -trace(H^{-1})=-3.586215e-03
[FW-A] iter=200  -trace(H^{-1})=-3.574217e-03
[FW-A] iter=201  -trace(H^{-1})=-3.562599e-03
[FW-A] iter=202  -trace(H^{-1})=-3.550989e-03
[FW-A] iter=203  -trace(H^{-1})=-3.539781e-03
[FW-A] iter=204  -trace(H^{-1})=-3.528970e-03
[FW-A] iter=205  -trace(H^{-1})=-3.518035e-03
[FW-A] iter=206  -trace(H^{-1})=-3.507836e-03
[FW-A] iter=207  -trace(H^{-1})=-3.497528e-03
[FW-A] iter=208  -trace(H^{-1})=-3.487394e-03
[FW-A] iter=209  -trace(H^{-1})=-3.477670e-03
[FW-A] iter=210  -trace(H^{-1})=-3.467811e-03
[FW-A] iter=211  -trace(H^{-1})=-3.458409e-03
[FW-A] iter=212  -trace(H^{-1})=-3.449319e-03
[FW-A] iter=213  -trace(H^{-1})=-3.440020e-03
[FW-A] iter=214  -trace(H^{-1})=-3.431296e-03
[FW-A] iter=215  -trace(H^{-1})=-3.422575e-03
[FW-A] iter=216  -trace(H^{-1})=-3.413952e-03
[FW-A] iter=217  -trace(H^{-1})=-3.405620e-03
[FW-A] iter=218  -trace(H^{-1})=-3.397207e-03
[FW-A] iter=219  -trace(H^{-1})=-3.389194e-03
[FW-A] iter=220  -trace(H^{-1})=-3.381428e-03
[FW-A] iter=221  -trace(H^{-1})=-3.373411e-03
[FW-A] iter=222  -trace(H^{-1})=-3.365757e-03
[FW-A] iter=223  -trace(H^{-1})=-3.358465e-03
[FW-A] iter=224  -trace(H^{-1})=-3.350866e-03
[FW-A] iter=225  -trace(H^{-1})=-3.343608e-03
[FW-A] iter=226  -trace(H^{-1})=-3.336508e-03
[FW-A] iter=227  -trace(H^{-1})=-3.329407e-03
[FW-A] iter=228  -trace(H^{-1})=-3.322705e-03
[FW-A] iter=229  -trace(H^{-1})=-3.315752e-03
[FW-A] iter=230  -trace(H^{-1})=-3.309111e-03
[FW-A] iter=231  -trace(H^{-1})=-3.302618e-03
[FW-A] iter=232  -trace(H^{-1})=-3.296109e-03
[FW-A] iter=233  -trace(H^{-1})=-3.289797e-03
[FW-A] iter=234  -trace(H^{-1})=-3.283671e-03
[FW-A] iter=235  -trace(H^{-1})=-3.277454e-03
[FW-A] iter=236  -trace(H^{-1})=-3.271524e-03
[FW-A] iter=237  -trace(H^{-1})=-3.265777e-03
[FW-A] iter=238  -trace(H^{-1})=-3.259811e-03
[FW-A] iter=239  -trace(H^{-1})=-3.254110e-03
[FW-A] iter=240  -trace(H^{-1})=-3.248681e-03
[FW-A] iter=241  -trace(H^{-1})=-3.242991e-03
[FW-A] iter=242  -trace(H^{-1})=-3.237552e-03
[FW-A] iter=243  -trace(H^{-1})=-3.232229e-03
[FW-A] iter=244  -trace(H^{-1})=-3.226882e-03
[FW-A] iter=245  -trace(H^{-1})=-3.221845e-03
[FW-A] iter=246  -trace(H^{-1})=-3.216587e-03
[FW-A] iter=247  -trace(H^{-1})=-3.211561e-03
[FW-A] iter=248  -trace(H^{-1})=-3.206647e-03
[FW-A] iter=249  -trace(H^{-1})=-3.201700e-03
[FW-A] iter=250  -trace(H^{-1})=-3.196901e-03
[FW-A] iter=251  -trace(H^{-1})=-3.192241e-03
[FW-A] iter=252  -trace(H^{-1})=-3.187490e-03
[FW-A] iter=253  -trace(H^{-1})=-3.182954e-03
[FW-A] iter=254  -trace(H^{-1})=-3.178560e-03
[FW-A] iter=255  -trace(H^{-1})=-3.173976e-03
[FW-A] iter=256  -trace(H^{-1})=-3.169594e-03
[FW-A] iter=257  -trace(H^{-1})=-3.165425e-03
[FW-A] iter=258  -trace(H^{-1})=-3.161030e-03
[FW-A] iter=259  -trace(H^{-1})=-3.156829e-03
[FW-A] iter=260  -trace(H^{-1})=-3.152719e-03
[FW-A] iter=261  -trace(H^{-1})=-3.148573e-03
[FW-A] iter=262  -trace(H^{-1})=-3.144675e-03
[FW-A] iter=263  -trace(H^{-1})=-3.140583e-03
[FW-A] iter=264  -trace(H^{-1})=-3.136671e-03
[FW-A] iter=265  -trace(H^{-1})=-3.132847e-03
[FW-A] iter=266  -trace(H^{-1})=-3.128983e-03
[FW-A] iter=267  -trace(H^{-1})=-3.125234e-03
[FW-A] iter=268  -trace(H^{-1})=-3.121594e-03
[FW-A] iter=269  -trace(H^{-1})=-3.117866e-03
[FW-A] iter=270  -trace(H^{-1})=-3.114305e-03
[FW-A] iter=271  -trace(H^{-1})=-3.110860e-03
[FW-A] iter=272  -trace(H^{-1})=-3.107246e-03
[FW-A] iter=273  -trace(H^{-1})=-3.103793e-03
[FW-A] iter=274  -trace(H^{-1})=-3.100512e-03
[FW-A] iter=275  -trace(H^{-1})=-3.097034e-03
[FW-A] iter=276  -trace(H^{-1})=-3.093710e-03
[FW-A] iter=277  -trace(H^{-1})=-3.090459e-03
[FW-A] iter=278  -trace(H^{-1})=-3.087169e-03
[FW-A] iter=279  -trace(H^{-1})=-3.084082e-03
[FW-A] iter=280  -trace(H^{-1})=-3.080823e-03
[FW-A] iter=281  -trace(H^{-1})=-3.077709e-03
[FW-A] iter=282  -trace(H^{-1})=-3.074666e-03
[FW-A] iter=283  -trace(H^{-1})=-3.071580e-03
[FW-A] iter=284  -trace(H^{-1})=-3.068588e-03
[FW-A] iter=285  -trace(H^{-1})=-3.065682e-03
[FW-A] iter=286  -trace(H^{-1})=-3.062694e-03
[FW-A] iter=287  -trace(H^{-1})=-3.059839e-03
[FW-A] iter=288  -trace(H^{-1})=-3.057080e-03
[FW-A] iter=289  -trace(H^{-1})=-3.054173e-03
[FW-A] iter=290  -trace(H^{-1})=-3.051396e-03
[FW-A] iter=291  -trace(H^{-1})=-3.048761e-03
[FW-A] iter=292  -trace(H^{-1})=-3.045954e-03
[FW-A] iter=293  -trace(H^{-1})=-3.043278e-03
[FW-A] iter=294  -trace(H^{-1})=-3.040773e-03
[FW-A] iter=295  -trace(H^{-1})=-3.038068e-03
[FW-A] iter=296  -trace(H^{-1})=-3.035466e-03
[FW-A] iter=297  -trace(H^{-1})=-3.032960e-03
[FW-A] iter=298  -trace(H^{-1})=-3.030376e-03
[FW-A] iter=299  -trace(H^{-1})=-3.027876e-03
  [fw-a] min_eig=5.3895e+02  heldout=0.0259  (4.2s)
[FW-D] Building 720 candidate information matrices...
Building FIM:   0%|          | 0/720 [00:00<?, ?candidate/s]Building FIM:  44%|████▍     | 320/720 [00:00<00:00, 3116.93candidate/s]Building FIM: 100%|██████████| 720/720 [00:00<00:00, 3946.45candidate/s]
[FW-D] Done. Starting Frank-Wolfe D-optimal (select_k=5)...
[FW-D] Pre-extracting dense blocks (intr_dim=9, num_poses=720)...
[FW-D] Block extraction done. Starting iterations...
[FW-D] iter=  0  logdet=1.402629e+02
[FW-D] iter=  1  logdet=1.151238e+02
[FW-D] iter=  2  logdet=1.285181e+02
[FW-D] iter=  3  logdet=1.273832e+02
[FW-D] iter=  4  logdet=1.351759e+02
[FW-D] iter=  5  logdet=1.343424e+02
[FW-D] iter=  6  logdet=1.338012e+02
[FW-D] iter=  7  logdet=1.332838e+02
[FW-D] iter=  8  logdet=1.327576e+02
[FW-D] iter=  9  logdet=1.323141e+02
[FW-D] iter= 10  logdet=1.337739e+02
[FW-D] iter= 11  logdet=1.334586e+02
[FW-D] iter= 12  logdet=1.332662e+02
[FW-D] iter= 13  logdet=1.341041e+02
[FW-D] iter= 14  logdet=1.345092e+02
[FW-D] iter= 15  logdet=1.346529e+02
[FW-D] iter= 16  logdet=1.346710e+02
[FW-D] iter= 17  logdet=1.346092e+02
[FW-D] iter= 18  logdet=1.346997e+02
[FW-D] iter= 19  logdet=1.363282e+02
[FW-D] iter= 20  logdet=1.362655e+02
[FW-D] iter= 21  logdet=1.382336e+02
[FW-D] iter= 22  logdet=1.383223e+02
[FW-D] iter= 23  logdet=1.383738e+02
[FW-D] iter= 24  logdet=1.383824e+02
[FW-D] iter= 25  logdet=1.383301e+02
[FW-D] iter= 26  logdet=1.383790e+02
[FW-D] iter= 27  logdet=1.383373e+02
[FW-D] iter= 28  logdet=1.383597e+02
[FW-D] iter= 29  logdet=1.384203e+02
[FW-D] iter= 30  logdet=1.387815e+02
[FW-D] iter= 31  logdet=1.392198e+02
[FW-D] iter= 32  logdet=1.393217e+02
[FW-D] iter= 33  logdet=1.392570e+02
[FW-D] iter= 34  logdet=1.391957e+02
[FW-D] iter= 35  logdet=1.391638e+02
[FW-D] iter= 36  logdet=1.391326e+02
[FW-D] iter= 37  logdet=1.390793e+02
[FW-D] iter= 38  logdet=1.390080e+02
[FW-D] iter= 39  logdet=1.390115e+02
[FW-D] iter= 40  logdet=1.394094e+02
[FW-D] iter= 41  logdet=1.396658e+02
[FW-D] iter= 42  logdet=1.396085e+02
[FW-D] iter= 43  logdet=1.395827e+02
[FW-D] iter= 44  logdet=1.398657e+02
[FW-D] iter= 45  logdet=1.400381e+02
[FW-D] iter= 46  logdet=1.400237e+02
[FW-D] iter= 47  logdet=1.400908e+02
[FW-D] iter= 48  logdet=1.402300e+02
[FW-D] iter= 49  logdet=1.403369e+02
[FW-D] iter= 50  logdet=1.403345e+02
[FW-D] iter= 51  logdet=1.403728e+02
[FW-D] iter= 52  logdet=1.404786e+02
[FW-D] iter= 53  logdet=1.404627e+02
[FW-D] iter= 54  logdet=1.404967e+02
[FW-D] iter= 55  logdet=1.405582e+02
[FW-D] iter= 56  logdet=1.405375e+02
[FW-D] iter= 57  logdet=1.405624e+02
[FW-D] iter= 58  logdet=1.406267e+02
[FW-D] iter= 59  logdet=1.406648e+02
[FW-D] iter= 60  logdet=1.406173e+02
[FW-D] iter= 61  logdet=1.405930e+02
[FW-D] iter= 62  logdet=1.405649e+02
[FW-D] iter= 63  logdet=1.405377e+02
[FW-D] iter= 64  logdet=1.404922e+02
[FW-D] iter= 65  logdet=1.405090e+02
[FW-D] iter= 66  logdet=1.405436e+02
[FW-D] iter= 67  logdet=1.406236e+02
[FW-D] iter= 68  logdet=1.406072e+02
[FW-D] iter= 69  logdet=1.406016e+02
[FW-D] iter= 70  logdet=1.405618e+02
[FW-D] iter= 71  logdet=1.405879e+02
[FW-D] iter= 72  logdet=1.405706e+02
[FW-D] iter= 73  logdet=1.406366e+02
[FW-D] iter= 74  logdet=1.406926e+02
[FW-D] iter= 75  logdet=1.407293e+02
[FW-D] iter= 76  logdet=1.407100e+02
[FW-D] iter= 77  logdet=1.407127e+02
[FW-D] iter= 78  logdet=1.406876e+02
[FW-D] iter= 79  logdet=1.407253e+02
[FW-D] iter= 80  logdet=1.407526e+02
[FW-D] iter= 81  logdet=1.407209e+02
[FW-D] iter= 82  logdet=1.407608e+02
[FW-D] iter= 83  logdet=1.407786e+02
[FW-D] iter= 84  logdet=1.407558e+02
[FW-D] iter= 85  logdet=1.407479e+02
[FW-D] iter= 86  logdet=1.407901e+02
[FW-D] iter= 87  logdet=1.407642e+02
[FW-D] iter= 88  logdet=1.407752e+02
[FW-D] iter= 89  logdet=1.407453e+02
[FW-D] iter= 90  logdet=1.407189e+02
[FW-D] iter= 91  logdet=1.407180e+02
[FW-D] iter= 92  logdet=1.406942e+02
[FW-D] iter= 93  logdet=1.406819e+02
[FW-D] iter= 94  logdet=1.407828e+02
[FW-D] iter= 95  logdet=1.407514e+02
[FW-D] iter= 96  logdet=1.407153e+02
[FW-D] iter= 97  logdet=1.406853e+02
[FW-D] iter= 98  logdet=1.406553e+02
[FW-D] iter= 99  logdet=1.406262e+02
[FW-D] iter=100  logdet=1.406270e+02
[FW-D] iter=101  logdet=1.406169e+02
[FW-D] iter=102  logdet=1.405983e+02
[FW-D] iter=103  logdet=1.406502e+02
[FW-D] iter=104  logdet=1.406050e+02
[FW-D] iter=105  logdet=1.406122e+02
[FW-D] iter=106  logdet=1.405750e+02
[FW-D] iter=107  logdet=1.405387e+02
[FW-D] iter=108  logdet=1.405304e+02
[FW-D] iter=109  logdet=1.404962e+02
[FW-D] iter=110  logdet=1.405321e+02
[FW-D] iter=111  logdet=1.405460e+02
[FW-D] iter=112  logdet=1.405117e+02
[FW-D] iter=113  logdet=1.404996e+02
[FW-D] iter=114  logdet=1.404987e+02
[FW-D] iter=115  logdet=1.404837e+02
[FW-D] iter=116  logdet=1.404555e+02
[FW-D] iter=117  logdet=1.404422e+02
[FW-D] iter=118  logdet=1.403998e+02
[FW-D] iter=119  logdet=1.403816e+02
[FW-D] iter=120  logdet=1.403817e+02
[FW-D] iter=121  logdet=1.403551e+02
[FW-D] iter=122  logdet=1.403308e+02
[FW-D] iter=123  logdet=1.403269e+02
[FW-D] iter=124  logdet=1.402988e+02
[FW-D] iter=125  logdet=1.402502e+02
[FW-D] iter=126  logdet=1.402784e+02
[FW-D] iter=127  logdet=1.402460e+02
[FW-D] iter=128  logdet=1.402774e+02
[FW-D] iter=129  logdet=1.402948e+02
[FW-D] iter=130  logdet=1.403079e+02
[FW-D] iter=131  logdet=1.403103e+02
[FW-D] iter=132  logdet=1.402913e+02
[FW-D] iter=133  logdet=1.402539e+02
[FW-D] iter=134  logdet=1.402207e+02
[FW-D] iter=135  logdet=1.402144e+02
[FW-D] iter=136  logdet=1.401810e+02
[FW-D] iter=137  logdet=1.401288e+02
[FW-D] iter=138  logdet=1.400720e+02
[FW-D] iter=139  logdet=1.400083e+02
[FW-D] iter=140  logdet=1.399772e+02
[FW-D] iter=141  logdet=1.399529e+02
[FW-D] iter=142  logdet=1.399244e+02
[FW-D] iter=143  logdet=1.398738e+02
[FW-D] iter=144  logdet=1.398107e+02
[FW-D] iter=145  logdet=1.399593e+02
[FW-D] iter=146  logdet=1.400851e+02
[FW-D] iter=147  logdet=1.401936e+02
[FW-D] iter=148  logdet=1.402883e+02
[FW-D] iter=149  logdet=1.403759e+02
[FW-D] iter=150  logdet=1.404586e+02
[FW-D] iter=151  logdet=1.405367e+02
[FW-D] iter=152  logdet=1.406108e+02
[FW-D] iter=153  logdet=1.406811e+02
[FW-D] iter=154  logdet=1.407479e+02
[FW-D] iter=155  logdet=1.408115e+02
[FW-D] iter=156  logdet=1.408724e+02
[FW-D] iter=157  logdet=1.409309e+02
[FW-D] iter=158  logdet=1.409868e+02
[FW-D] iter=159  logdet=1.410407e+02
[FW-D] iter=160  logdet=1.410924e+02
[FW-D] iter=161  logdet=1.411421e+02
[FW-D] iter=162  logdet=1.411900e+02
[FW-D] iter=163  logdet=1.412359e+02
[FW-D] iter=164  logdet=1.412803e+02
[FW-D] iter=165  logdet=1.413232e+02
[FW-D] iter=166  logdet=1.413649e+02
[FW-D] iter=167  logdet=1.414054e+02
[FW-D] iter=168  logdet=1.414448e+02
[FW-D] iter=169  logdet=1.414831e+02
[FW-D] iter=170  logdet=1.415203e+02
[FW-D] iter=171  logdet=1.415566e+02
[FW-D] iter=172  logdet=1.415919e+02
[FW-D] iter=173  logdet=1.416263e+02
[FW-D] iter=174  logdet=1.416598e+02
[FW-D] iter=175  logdet=1.416924e+02
[FW-D] iter=176  logdet=1.417242e+02
[FW-D] iter=177  logdet=1.417553e+02
[FW-D] iter=178  logdet=1.417857e+02
[FW-D] iter=179  logdet=1.418154e+02
[FW-D] iter=180  logdet=1.418444e+02
[FW-D] iter=181  logdet=1.418729e+02
[FW-D] iter=182  logdet=1.419007e+02
[FW-D] iter=183  logdet=1.419280e+02
[FW-D] iter=184  logdet=1.419547e+02
[FW-D] iter=185  logdet=1.419808e+02
[FW-D] iter=186  logdet=1.420065e+02
[FW-D] iter=187  logdet=1.420316e+02
[FW-D] iter=188  logdet=1.420562e+02
[FW-D] iter=189  logdet=1.420805e+02
[FW-D] iter=190  logdet=1.421042e+02
[FW-D] iter=191  logdet=1.421272e+02
[FW-D] iter=192  logdet=1.421502e+02
[FW-D] iter=193  logdet=1.421727e+02
[FW-D] iter=194  logdet=1.421947e+02
[FW-D] iter=195  logdet=1.422163e+02
[FW-D] iter=196  logdet=1.422375e+02
[FW-D] iter=197  logdet=1.422582e+02
[FW-D] iter=198  logdet=1.422787e+02
[FW-D] iter=199  logdet=1.422988e+02
[FW-D] iter=200  logdet=1.423185e+02
[FW-D] iter=201  logdet=1.423377e+02
[FW-D] iter=202  logdet=1.423568e+02
[FW-D] iter=203  logdet=1.423755e+02
[FW-D] iter=204  logdet=1.423939e+02
[FW-D] iter=205  logdet=1.424120e+02
[FW-D] iter=206  logdet=1.424297e+02
[FW-D] iter=207  logdet=1.424471e+02
[FW-D] iter=208  logdet=1.424643e+02
[FW-D] iter=209  logdet=1.424811e+02
[FW-D] iter=210  logdet=1.424977e+02
[FW-D] iter=211  logdet=1.425141e+02
[FW-D] iter=212  logdet=1.425301e+02
[FW-D] iter=213  logdet=1.425459e+02
[FW-D] iter=214  logdet=1.425614e+02
[FW-D] iter=215  logdet=1.425767e+02
[FW-D] iter=216  logdet=1.425918e+02
[FW-D] iter=217  logdet=1.426066e+02
[FW-D] iter=218  logdet=1.426211e+02
[FW-D] iter=219  logdet=1.426355e+02
[FW-D] iter=220  logdet=1.426496e+02
[FW-D] iter=221  logdet=1.426634e+02
[FW-D] iter=222  logdet=1.426771e+02
[FW-D] iter=223  logdet=1.426905e+02
[FW-D] iter=224  logdet=1.427039e+02
[FW-D] iter=225  logdet=1.427170e+02
[FW-D] iter=226  logdet=1.427298e+02
[FW-D] iter=227  logdet=1.427425e+02
[FW-D] iter=228  logdet=1.427550e+02
[FW-D] iter=229  logdet=1.427673e+02
[FW-D] iter=230  logdet=1.427795e+02
[FW-D] iter=231  logdet=1.427914e+02
[FW-D] iter=232  logdet=1.428031e+02
[FW-D] iter=233  logdet=1.428148e+02
[FW-D] iter=234  logdet=1.428262e+02
[FW-D] iter=235  logdet=1.428375e+02
[FW-D] iter=236  logdet=1.428486e+02
[FW-D] iter=237  logdet=1.428596e+02
[FW-D] iter=238  logdet=1.428704e+02
[FW-D] iter=239  logdet=1.428811e+02
[FW-D] iter=240  logdet=1.428915e+02
[FW-D] iter=241  logdet=1.429019e+02
[FW-D] iter=242  logdet=1.429121e+02
[FW-D] iter=243  logdet=1.429222e+02
[FW-D] iter=244  logdet=1.429322e+02
[FW-D] iter=245  logdet=1.429419e+02
[FW-D] iter=246  logdet=1.429516e+02
[FW-D] iter=247  logdet=1.429612e+02
[FW-D] iter=248  logdet=1.429706e+02
[FW-D] iter=249  logdet=1.429799e+02
[FW-D] iter=250  logdet=1.429891e+02
[FW-D] iter=251  logdet=1.429981e+02
[FW-D] iter=252  logdet=1.430070e+02
[FW-D] iter=253  logdet=1.430158e+02
[FW-D] iter=254  logdet=1.430245e+02
[FW-D] iter=255  logdet=1.430331e+02
[FW-D] iter=256  logdet=1.430416e+02
[FW-D] iter=257  logdet=1.430500e+02
[FW-D] iter=258  logdet=1.430582e+02
[FW-D] iter=259  logdet=1.430664e+02
[FW-D] iter=260  logdet=1.430744e+02
[FW-D] iter=261  logdet=1.430824e+02
[FW-D] iter=262  logdet=1.430902e+02
[FW-D] iter=263  logdet=1.430980e+02
[FW-D] iter=264  logdet=1.431056e+02
[FW-D] iter=265  logdet=1.431132e+02
[FW-D] iter=266  logdet=1.431207e+02
[FW-D] iter=267  logdet=1.431281e+02
[FW-D] iter=268  logdet=1.431353e+02
[FW-D] iter=269  logdet=1.431426e+02
[FW-D] iter=270  logdet=1.431497e+02
[FW-D] iter=271  logdet=1.431567e+02
[FW-D] iter=272  logdet=1.431637e+02
[FW-D] iter=273  logdet=1.431705e+02
[FW-D] iter=274  logdet=1.431773e+02
[FW-D] iter=275  logdet=1.431840e+02
[FW-D] iter=276  logdet=1.431906e+02
[FW-D] iter=277  logdet=1.431972e+02
[FW-D] iter=278  logdet=1.432036e+02
[FW-D] iter=279  logdet=1.432101e+02
[FW-D] iter=280  logdet=1.432164e+02
[FW-D] iter=281  logdet=1.432227e+02
[FW-D] iter=282  logdet=1.432288e+02
[FW-D] iter=283  logdet=1.432349e+02
[FW-D] iter=284  logdet=1.432410e+02
[FW-D] iter=285  logdet=1.432470e+02
[FW-D] iter=286  logdet=1.432528e+02
[FW-D] iter=287  logdet=1.432587e+02
[FW-D] iter=288  logdet=1.432645e+02
[FW-D] iter=289  logdet=1.432702e+02
[FW-D] iter=290  logdet=1.432758e+02
[FW-D] iter=291  logdet=1.432814e+02
[FW-D] iter=292  logdet=1.432869e+02
[FW-D] iter=293  logdet=1.432924e+02
[FW-D] iter=294  logdet=1.432978e+02
[FW-D] iter=295  logdet=1.433031e+02
[FW-D] iter=296  logdet=1.433084e+02
[FW-D] iter=297  logdet=1.433136e+02
[FW-D] iter=298  logdet=1.433188e+02
[FW-D] iter=299  logdet=1.433239e+02
  [fw-d] min_eig=3.4887e+02  heldout=0.0191  (4.3s)

============================================================
K = 10  (held-out = 710 frames)
  [random] 25 trials...
  [coverage] min_eig=1.5803e+02  heldout=0.0732  (0.0s)
  [a-optimal] min_eig=1.0076e+03  heldout=0.0188  (2.0s)
  [d-optimal] min_eig=8.3439e+02  heldout=0.0193  (1.9s)
  [greedy-e] min_eig=1.0362e+03  heldout=0.0417  (2.1s)
[FW] Building 720 candidate information matrices...
Building FIM:   0%|          | 0/720 [00:00<?, ?candidate/s]Building FIM:  62%|██████▏   | 448/720 [00:00<00:00, 3834.64candidate/s]Building FIM: 100%|██████████| 720/720 [00:00<00:00, 4241.50candidate/s]
[FW] Done. Starting Frank-Wolfe optimization (select_k=10)...
[FW] Pre-extracting dense blocks (intr_dim=9, num_poses=720)...
[FW] Block extraction done. Starting iterations...
[FW] iter=  0  min_eig=5.033472e+02
[FW] iter=  1  min_eig=2.309787e-03
[FW] iter=  2  min_eig=3.553231e+02
[FW] iter=  3  min_eig=3.297501e+02
[FW] iter=  4  min_eig=2.926605e+02
[FW] iter=  5  min_eig=2.944870e+02
[FW] iter=  6  min_eig=2.951642e+02
[FW] iter=  7  min_eig=2.697821e+02
[FW] iter=  8  min_eig=2.389684e+02
[FW] iter=  9  min_eig=2.088644e+02
[FW] iter= 10  min_eig=1.864327e+02
[FW] iter= 11  min_eig=2.366123e+02
[FW] iter= 12  min_eig=2.057202e+02
[FW] iter= 13  min_eig=1.982754e+02
[FW] iter= 14  min_eig=1.887860e+02
[FW] iter= 15  min_eig=1.798192e+02
[FW] iter= 16  min_eig=2.134691e+02
[FW] iter= 17  min_eig=2.341795e+02
[FW] iter= 18  min_eig=2.350706e+02
[FW] iter= 19  min_eig=2.271725e+02
[FW] iter= 20  min_eig=2.217406e+02
[FW] iter= 21  min_eig=2.352805e+02
[FW] iter= 22  min_eig=3.068956e+02
[FW] iter= 23  min_eig=3.793200e+02
[FW] iter= 24  min_eig=3.968668e+02
[FW] iter= 25  min_eig=4.562900e+02
[FW] iter= 26  min_eig=4.931872e+02
[FW] iter= 27  min_eig=4.897115e+02
[FW] iter= 28  min_eig=4.958394e+02
[FW] iter= 29  min_eig=5.121619e+02
[FW] iter= 30  min_eig=5.175965e+02
[FW] iter= 31  min_eig=5.147950e+02
[FW] iter= 32  min_eig=4.949573e+02
[FW] iter= 33  min_eig=4.799013e+02
[FW] iter= 34  min_eig=4.787889e+02
[FW] iter= 35  min_eig=4.873351e+02
[FW] iter= 36  min_eig=4.845500e+02
[FW] iter= 37  min_eig=4.937285e+02
[FW] iter= 38  min_eig=5.123316e+02
[FW] iter= 39  min_eig=5.036563e+02
[FW] iter= 40  min_eig=5.240394e+02
[FW] iter= 41  min_eig=5.302650e+02
[FW] iter= 42  min_eig=5.328862e+02
[FW] iter= 43  min_eig=5.332073e+02
[FW] iter= 44  min_eig=5.360987e+02
[FW] iter= 45  min_eig=5.311834e+02
[FW] iter= 46  min_eig=5.248583e+02
[FW] iter= 47  min_eig=5.201332e+02
[FW] iter= 48  min_eig=5.114454e+02
[FW] iter= 49  min_eig=5.009779e+02
[FW] iter= 50  min_eig=5.009505e+02
[FW] iter= 51  min_eig=5.018631e+02
[FW] iter= 52  min_eig=5.187438e+02
[FW] iter= 53  min_eig=5.175438e+02
[FW] iter= 54  min_eig=5.219266e+02
[FW] iter= 55  min_eig=5.305563e+02
[FW] iter= 56  min_eig=5.329572e+02
[FW] iter= 57  min_eig=5.444815e+02
[FW] iter= 58  min_eig=5.398305e+02
[FW] iter= 59  min_eig=5.374371e+02
[FW] iter= 60  min_eig=5.320264e+02
[FW] iter= 61  min_eig=5.180579e+02
[FW] iter= 62  min_eig=5.026343e+02
[FW] iter= 63  min_eig=4.986567e+02
[FW] iter= 64  min_eig=5.047760e+02
[FW] iter= 65  min_eig=5.104492e+02
[FW] iter= 66  min_eig=5.128362e+02
[FW] iter= 67  min_eig=5.128432e+02
[FW] iter= 68  min_eig=5.018781e+02
[FW] iter= 69  min_eig=4.886573e+02
[FW] iter= 70  min_eig=4.810221e+02
[FW] iter= 71  min_eig=4.803128e+02
[FW] iter= 72  min_eig=4.755051e+02
[FW] iter= 73  min_eig=5.106999e+02
[FW] iter= 74  min_eig=5.311100e+02
[FW] iter= 75  min_eig=5.479515e+02
[FW] iter= 76  min_eig=5.638714e+02
[FW] iter= 77  min_eig=5.792311e+02
[FW] iter= 78  min_eig=5.937801e+02
[FW] iter= 79  min_eig=6.076162e+02
[FW] iter= 80  min_eig=6.210354e+02
[FW] iter= 81  min_eig=6.338379e+02
[FW] iter= 82  min_eig=6.462583e+02
[FW] iter= 83  min_eig=6.581295e+02
[FW] iter= 84  min_eig=6.696498e+02
[FW] iter= 85  min_eig=6.806785e+02
[FW] iter= 86  min_eig=6.913857e+02
[FW] iter= 87  min_eig=7.016503e+02
[FW] iter= 88  min_eig=7.116268e+02
[FW] iter= 89  min_eig=7.211641e+02
[FW] iter= 90  min_eig=7.304261e+02
[FW] iter= 91  min_eig=7.391908e+02
[FW] iter= 92  min_eig=7.479642e+02
[FW] iter= 93  min_eig=7.562966e+02
[FW] iter= 94  min_eig=7.644796e+02
[FW] iter= 95  min_eig=7.722853e+02
[FW] iter= 96  min_eig=7.799535e+02
[FW] iter= 97  min_eig=7.872764e+02
[FW] iter= 98  min_eig=7.944727e+02
[FW] iter= 99  min_eig=8.013519e+02
[FW] iter=100  min_eig=8.080758e+02
[FW] iter=101  min_eig=8.146231e+02
[FW] iter=102  min_eig=8.208800e+02
[FW] iter=103  min_eig=8.270890e+02
[FW] iter=104  min_eig=8.329856e+02
[FW] iter=105  min_eig=8.388383e+02
[FW] iter=106  min_eig=8.444014e+02
[FW] iter=107  min_eig=8.499250e+02
[FW] iter=108  min_eig=8.551799e+02
[FW] iter=109  min_eig=8.603608e+02
[FW] iter=110  min_eig=8.654115e+02
[FW] iter=111  min_eig=8.702279e+02
[FW] iter=112  min_eig=8.750570e+02
[FW] iter=113  min_eig=8.796182e+02
[FW] iter=114  min_eig=8.841924e+02
[FW] iter=115  min_eig=8.885853e+02
[FW] iter=116  min_eig=8.928535e+02
[FW] iter=117  min_eig=8.970296e+02
[FW] iter=118  min_eig=9.010726e+02
[FW] iter=119  min_eig=9.050461e+02
[FW] iter=120  min_eig=9.088892e+02
[FW] iter=121  min_eig=9.126101e+02
[FW] iter=122  min_eig=9.162841e+02
[FW] iter=123  min_eig=9.198351e+02
[FW] iter=124  min_eig=9.233076e+02
[FW] iter=125  min_eig=9.267223e+02
[FW] iter=126  min_eig=9.300401e+02
[FW] iter=127  min_eig=9.332989e+02
[FW] iter=128  min_eig=9.364612e+02
[FW] iter=129  min_eig=9.395688e+02
[FW] iter=130  min_eig=9.425852e+02
[FW] iter=131  min_eig=9.455503e+02
[FW] iter=132  min_eig=9.484301e+02
[FW] iter=133  min_eig=9.512452e+02
[FW] iter=134  min_eig=9.539759e+02
[FW] iter=135  min_eig=9.566893e+02
[FW] iter=136  min_eig=9.593081e+02
[FW] iter=137  min_eig=9.619134e+02
[FW] iter=138  min_eig=9.644185e+02
[FW] iter=139  min_eig=9.669114e+02
[FW] iter=140  min_eig=9.693090e+02
[FW] iter=141  min_eig=9.716959e+02
[FW] iter=142  min_eig=9.739924e+02
[FW] iter=143  min_eig=9.762647e+02
[FW] iter=144  min_eig=9.784965e+02
[FW] iter=145  min_eig=9.806430e+02
[FW] iter=146  min_eig=9.828032e+02
[FW] iter=147  min_eig=9.848620e+02
[FW] iter=148  min_eig=9.869348e+02
[FW] iter=149  min_eig=9.889102e+02
[FW] iter=150  min_eig=9.909006e+02
[FW] iter=151  min_eig=9.927975e+02
[FW] iter=152  min_eig=9.946947e+02
[FW] iter=153  min_eig=9.965543e+02
[FW] iter=154  min_eig=9.983337e+02
[FW] iter=155  min_eig=1.000147e+03
[FW] iter=156  min_eig=1.001858e+03
[FW] iter=157  min_eig=1.003601e+03
[FW] iter=158  min_eig=1.005247e+03
[FW] iter=159  min_eig=1.006925e+03
[FW] iter=160  min_eig=1.008548e+03
[FW] iter=161  min_eig=1.010095e+03
[FW] iter=162  min_eig=1.011691e+03
[FW] iter=163  min_eig=1.013181e+03
[FW] iter=164  min_eig=1.014719e+03
[FW] iter=165  min_eig=1.016190e+03
[FW] iter=166  min_eig=1.017637e+03
[FW] iter=167  min_eig=1.019058e+03
[FW] iter=168  min_eig=1.020450e+03
[FW] iter=169  min_eig=1.021825e+03
[FW] iter=170  min_eig=1.023136e+03
[FW] iter=171  min_eig=1.024493e+03
[FW] iter=172  min_eig=1.025758e+03
[FW] iter=173  min_eig=1.027069e+03
[FW] iter=174  min_eig=1.028321e+03
[FW] iter=175  min_eig=1.029530e+03
[FW] iter=176  min_eig=1.030768e+03
[FW] iter=177  min_eig=1.031936e+03
[FW] iter=178  min_eig=1.033132e+03
[FW] iter=179  min_eig=1.034261e+03
[FW] iter=180  min_eig=1.035417e+03
[FW] iter=181  min_eig=1.036508e+03
[FW] iter=182  min_eig=1.037626e+03
[FW] iter=183  min_eig=1.038682e+03
[FW] iter=184  min_eig=1.039763e+03
[FW] iter=185  min_eig=1.040774e+03
[FW] iter=186  min_eig=1.041810e+03
[FW] iter=187  min_eig=1.042815e+03
[FW] iter=188  min_eig=1.043818e+03
[FW] iter=189  min_eig=1.044791e+03
[FW] iter=190  min_eig=1.045762e+03
[FW] iter=191  min_eig=1.046704e+03
[FW] iter=192  min_eig=1.047644e+03
[FW] iter=193  min_eig=1.048557e+03
[FW] iter=194  min_eig=1.049468e+03
[FW] iter=195  min_eig=1.050353e+03
[FW] iter=196  min_eig=1.051235e+03
[FW] iter=197  min_eig=1.052093e+03
[FW] iter=198  min_eig=1.052948e+03
[FW] iter=199  min_eig=1.053781e+03
[FW] iter=200  min_eig=1.054610e+03
[FW] iter=201  min_eig=1.055418e+03
[FW] iter=202  min_eig=1.056222e+03
[FW] iter=203  min_eig=1.056994e+03
[FW] iter=204  min_eig=1.057767e+03
[FW] iter=205  min_eig=1.058541e+03
[FW] iter=206  min_eig=1.059291e+03
[FW] iter=207  min_eig=1.060043e+03
[FW] iter=208  min_eig=1.060770e+03
[FW] iter=209  min_eig=1.061500e+03
[FW] iter=210  min_eig=1.062207e+03
[FW] iter=211  min_eig=1.062916e+03
[FW] iter=212  min_eig=1.063603e+03
[FW] iter=213  min_eig=1.064291e+03
[FW] iter=214  min_eig=1.064959e+03
[FW] iter=215  min_eig=1.065628e+03
[FW] iter=216  min_eig=1.066277e+03
[FW] iter=217  min_eig=1.066928e+03
[FW] iter=218  min_eig=1.067558e+03
[FW] iter=219  min_eig=1.068191e+03
[FW] iter=220  min_eig=1.068804e+03
[FW] iter=221  min_eig=1.069420e+03
[FW] iter=222  min_eig=1.070016e+03
[FW] iter=223  min_eig=1.070608e+03
[FW] iter=224  min_eig=1.071200e+03
[FW] iter=225  min_eig=1.071768e+03
[FW] iter=226  min_eig=1.072350e+03
[FW] iter=227  min_eig=1.072903e+03
[FW] iter=228  min_eig=1.073469e+03
[FW] iter=229  min_eig=1.074007e+03
[FW] iter=230  min_eig=1.074559e+03
[FW] iter=231  min_eig=1.075083e+03
[FW] iter=232  min_eig=1.075620e+03
[FW] iter=233  min_eig=1.076130e+03
[FW] iter=234  min_eig=1.076648e+03
[FW] iter=235  min_eig=1.077160e+03
[FW] iter=236  min_eig=1.077647e+03
[FW] iter=237  min_eig=1.078156e+03
[FW] iter=238  min_eig=1.078631e+03
[FW] iter=239  min_eig=1.079127e+03
[FW] iter=240  min_eig=1.079590e+03
[FW] iter=241  min_eig=1.080074e+03
[FW] iter=242  min_eig=1.080541e+03
[FW] iter=243  min_eig=1.080984e+03
[FW] iter=244  min_eig=1.081454e+03
[FW] iter=245  min_eig=1.081885e+03
[FW] iter=246  min_eig=1.082344e+03
[FW] iter=247  min_eig=1.082781e+03
[FW] iter=248  min_eig=1.083212e+03
[FW] iter=249  min_eig=1.083640e+03
[FW] iter=250  min_eig=1.084060e+03
[FW] iter=251  min_eig=1.084478e+03
[FW] iter=252  min_eig=1.084874e+03
[FW] iter=253  min_eig=1.085297e+03
[FW] iter=254  min_eig=1.085683e+03
[FW] iter=255  min_eig=1.086095e+03
[FW] iter=256  min_eig=1.086487e+03
[FW] iter=257  min_eig=1.086863e+03
[FW] iter=258  min_eig=1.087259e+03
[FW] iter=259  min_eig=1.087627e+03
[FW] iter=260  min_eig=1.088013e+03
[FW] iter=261  min_eig=1.088372e+03
[FW] iter=262  min_eig=1.088749e+03
[FW] iter=263  min_eig=1.089100e+03
[FW] iter=264  min_eig=1.089469e+03
[FW] iter=265  min_eig=1.089812e+03
[FW] iter=266  min_eig=1.090172e+03
[FW] iter=267  min_eig=1.090502e+03
[FW] iter=268  min_eig=1.090849e+03
[FW] iter=269  min_eig=1.091185e+03
[FW] iter=270  min_eig=1.091524e+03
[FW] iter=271  min_eig=1.091852e+03
[FW] iter=272  min_eig=1.092183e+03
[FW] iter=273  min_eig=1.092504e+03
[FW] iter=274  min_eig=1.092828e+03
[FW] iter=275  min_eig=1.093141e+03
[FW] iter=276  min_eig=1.093458e+03
[FW] iter=277  min_eig=1.093765e+03
[FW] iter=278  min_eig=1.094074e+03
[FW] iter=279  min_eig=1.094375e+03
[FW] iter=280  min_eig=1.094677e+03
[FW] iter=281  min_eig=1.094971e+03
[FW] iter=282  min_eig=1.095267e+03
[FW] iter=283  min_eig=1.095555e+03
[FW] iter=284  min_eig=1.095844e+03
[FW] iter=285  min_eig=1.096126e+03
[FW] iter=286  min_eig=1.096409e+03
[FW] iter=287  min_eig=1.096682e+03
[FW] iter=288  min_eig=1.096955e+03
[FW] iter=289  min_eig=1.097231e+03
[FW] iter=290  min_eig=1.097499e+03
[FW] iter=291  min_eig=1.097769e+03
[FW] iter=292  min_eig=1.098031e+03
[FW] iter=293  min_eig=1.098296e+03
[FW] iter=294  min_eig=1.098552e+03
[FW] iter=295  min_eig=1.098812e+03
[FW] iter=296  min_eig=1.099063e+03
[FW] iter=297  min_eig=1.099317e+03
[FW] iter=298  min_eig=1.099563e+03
[FW] iter=299  min_eig=1.099812e+03
  [fw-e] min_eig=1.0823e+03  heldout=0.0201  (2.4s)
[FW-A] Building 720 candidate information matrices...
Building FIM:   0%|          | 0/720 [00:00<?, ?candidate/s]Building FIM:  62%|██████▏   | 448/720 [00:00<00:00, 3813.55candidate/s]Building FIM: 100%|██████████| 720/720 [00:00<00:00, 4311.21candidate/s]
[FW-A] Done. Starting Frank-Wolfe A-optimal (select_k=10)...
[FW-A] Pre-extracting dense blocks (intr_dim=9, num_poses=720)...
[FW-A] Block extraction done. Starting iterations...
[FW-A] iter=  0  -trace(H^{-1})=-2.664886e-03
[FW-A] iter=  1  -trace(H^{-1})=-4.253337e+02
[FW-A] iter=  2  -trace(H^{-1})=-3.618587e-03
[FW-A] iter=  3  -trace(H^{-1})=-4.088137e-03
[FW-A] iter=  4  -trace(H^{-1})=-4.721348e-03
[FW-A] iter=  5  -trace(H^{-1})=-4.506898e-03
[FW-A] iter=  6  -trace(H^{-1})=-4.716747e-03
[FW-A] iter=  7  -trace(H^{-1})=-5.045028e-03
[FW-A] iter=  8  -trace(H^{-1})=-5.547048e-03
[FW-A] iter=  9  -trace(H^{-1})=-6.198376e-03
[FW-A] iter= 10  -trace(H^{-1})=-6.655731e-03
[FW-A] iter= 11  -trace(H^{-1})=-5.340053e-03
[FW-A] iter= 12  -trace(H^{-1})=-5.803491e-03
[FW-A] iter= 13  -trace(H^{-1})=-5.977622e-03
[FW-A] iter= 14  -trace(H^{-1})=-6.266254e-03
[FW-A] iter= 15  -trace(H^{-1})=-6.517608e-03
[FW-A] iter= 16  -trace(H^{-1})=-5.575559e-03
[FW-A] iter= 17  -trace(H^{-1})=-4.997101e-03
[FW-A] iter= 18  -trace(H^{-1})=-5.072744e-03
[FW-A] iter= 19  -trace(H^{-1})=-5.210783e-03
[FW-A] iter= 20  -trace(H^{-1})=-5.323565e-03
[FW-A] iter= 21  -trace(H^{-1})=-5.032813e-03
[FW-A] iter= 22  -trace(H^{-1})=-4.012062e-03
[FW-A] iter= 23  -trace(H^{-1})=-3.363812e-03
[FW-A] iter= 24  -trace(H^{-1})=-3.248691e-03
[FW-A] iter= 25  -trace(H^{-1})=-2.897257e-03
[FW-A] iter= 26  -trace(H^{-1})=-2.707915e-03
[FW-A] iter= 27  -trace(H^{-1})=-2.768326e-03
[FW-A] iter= 28  -trace(H^{-1})=-2.674535e-03
[FW-A] iter= 29  -trace(H^{-1})=-2.577635e-03
[FW-A] iter= 30  -trace(H^{-1})=-2.629589e-03
[FW-A] iter= 31  -trace(H^{-1})=-2.593602e-03
[FW-A] iter= 32  -trace(H^{-1})=-2.672184e-03
[FW-A] iter= 33  -trace(H^{-1})=-2.731097e-03
[FW-A] iter= 34  -trace(H^{-1})=-2.730462e-03
[FW-A] iter= 35  -trace(H^{-1})=-2.698626e-03
[FW-A] iter= 36  -trace(H^{-1})=-2.719311e-03
[FW-A] iter= 37  -trace(H^{-1})=-2.674533e-03
[FW-A] iter= 38  -trace(H^{-1})=-2.587903e-03
[FW-A] iter= 39  -trace(H^{-1})=-2.623944e-03
[FW-A] iter= 40  -trace(H^{-1})=-2.561168e-03
[FW-A] iter= 41  -trace(H^{-1})=-2.519561e-03
[FW-A] iter= 42  -trace(H^{-1})=-2.503411e-03
[FW-A] iter= 43  -trace(H^{-1})=-2.518753e-03
[FW-A] iter= 44  -trace(H^{-1})=-2.508024e-03
[FW-A] iter= 45  -trace(H^{-1})=-2.527004e-03
[FW-A] iter= 46  -trace(H^{-1})=-2.540410e-03
[FW-A] iter= 47  -trace(H^{-1})=-2.559039e-03
[FW-A] iter= 48  -trace(H^{-1})=-2.594189e-03
[FW-A] iter= 49  -trace(H^{-1})=-2.645117e-03
[FW-A] iter= 50  -trace(H^{-1})=-2.645482e-03
[FW-A] iter= 51  -trace(H^{-1})=-2.642709e-03
[FW-A] iter= 52  -trace(H^{-1})=-2.570514e-03
[FW-A] iter= 53  -trace(H^{-1})=-2.585227e-03
[FW-A] iter= 54  -trace(H^{-1})=-2.570528e-03
[FW-A] iter= 55  -trace(H^{-1})=-2.538883e-03
[FW-A] iter= 56  -trace(H^{-1})=-2.528650e-03
[FW-A] iter= 57  -trace(H^{-1})=-2.509151e-03
[FW-A] iter= 58  -trace(H^{-1})=-2.507844e-03
[FW-A] iter= 59  -trace(H^{-1})=-2.522229e-03
[FW-A] iter= 60  -trace(H^{-1})=-2.562230e-03
[FW-A] iter= 61  -trace(H^{-1})=-2.595913e-03
[FW-A] iter= 62  -trace(H^{-1})=-2.653300e-03
[FW-A] iter= 63  -trace(H^{-1})=-2.672288e-03
[FW-A] iter= 64  -trace(H^{-1})=-2.645530e-03
[FW-A] iter= 65  -trace(H^{-1})=-2.626312e-03
[FW-A] iter= 66  -trace(H^{-1})=-2.610768e-03
[FW-A] iter= 67  -trace(H^{-1})=-2.615573e-03
[FW-A] iter= 68  -trace(H^{-1})=-2.659841e-03
[FW-A] iter= 69  -trace(H^{-1})=-2.719278e-03
[FW-A] iter= 70  -trace(H^{-1})=-2.757077e-03
[FW-A] iter= 71  -trace(H^{-1})=-2.762659e-03
[FW-A] iter= 72  -trace(H^{-1})=-2.789960e-03
[FW-A] iter= 73  -trace(H^{-1})=-2.633977e-03
[FW-A] iter= 74  -trace(H^{-1})=-2.552870e-03
[FW-A] iter= 75  -trace(H^{-1})=-2.485462e-03
[FW-A] iter= 76  -trace(H^{-1})=-2.425532e-03
[FW-A] iter= 77  -trace(H^{-1})=-2.372048e-03
[FW-A] iter= 78  -trace(H^{-1})=-2.323596e-03
[FW-A] iter= 79  -trace(H^{-1})=-2.279409e-03
[FW-A] iter= 80  -trace(H^{-1})=-2.239041e-03
[FW-A] iter= 81  -trace(H^{-1})=-2.201235e-03
[FW-A] iter= 82  -trace(H^{-1})=-2.166554e-03
[FW-A] iter= 83  -trace(H^{-1})=-2.133978e-03
[FW-A] iter= 84  -trace(H^{-1})=-2.103871e-03
[FW-A] iter= 85  -trace(H^{-1})=-2.075524e-03
[FW-A] iter= 86  -trace(H^{-1})=-2.049151e-03
[FW-A] iter= 87  -trace(H^{-1})=-2.024274e-03
[FW-A] iter= 88  -trace(H^{-1})=-2.001370e-03
[FW-A] iter= 89  -trace(H^{-1})=-1.979106e-03
[FW-A] iter= 90  -trace(H^{-1})=-1.958298e-03
[FW-A] iter= 91  -trace(H^{-1})=-1.938726e-03
[FW-A] iter= 92  -trace(H^{-1})=-1.920473e-03
[FW-A] iter= 93  -trace(H^{-1})=-1.902739e-03
[FW-A] iter= 94  -trace(H^{-1})=-1.885993e-03
[FW-A] iter= 95  -trace(H^{-1})=-1.870230e-03
[FW-A] iter= 96  -trace(H^{-1})=-1.855380e-03
[FW-A] iter= 97  -trace(H^{-1})=-1.840954e-03
[FW-A] iter= 98  -trace(H^{-1})=-1.827208e-03
[FW-A] iter= 99  -trace(H^{-1})=-1.814156e-03
[FW-A] iter=100  -trace(H^{-1})=-1.801742e-03
[FW-A] iter=101  -trace(H^{-1})=-1.790049e-03
[FW-A] iter=102  -trace(H^{-1})=-1.778570e-03
[FW-A] iter=103  -trace(H^{-1})=-1.767641e-03
[FW-A] iter=104  -trace(H^{-1})=-1.757258e-03
[FW-A] iter=105  -trace(H^{-1})=-1.747401e-03
[FW-A] iter=106  -trace(H^{-1})=-1.737736e-03
[FW-A] iter=107  -trace(H^{-1})=-1.728462e-03
[FW-A] iter=108  -trace(H^{-1})=-1.719592e-03
[FW-A] iter=109  -trace(H^{-1})=-1.711090e-03
[FW-A] iter=110  -trace(H^{-1})=-1.703043e-03
[FW-A] iter=111  -trace(H^{-1})=-1.695073e-03
[FW-A] iter=112  -trace(H^{-1})=-1.687442e-03
[FW-A] iter=113  -trace(H^{-1})=-1.680148e-03
[FW-A] iter=114  -trace(H^{-1})=-1.673197e-03
[FW-A] iter=115  -trace(H^{-1})=-1.666325e-03
[FW-A] iter=116  -trace(H^{-1})=-1.659700e-03
[FW-A] iter=117  -trace(H^{-1})=-1.653345e-03
[FW-A] iter=118  -trace(H^{-1})=-1.647147e-03
[FW-A] iter=119  -trace(H^{-1})=-1.641185e-03
[FW-A] iter=120  -trace(H^{-1})=-1.635441e-03
[FW-A] iter=121  -trace(H^{-1})=-1.629920e-03
[FW-A] iter=122  -trace(H^{-1})=-1.624473e-03
[FW-A] iter=123  -trace(H^{-1})=-1.619218e-03
[FW-A] iter=124  -trace(H^{-1})=-1.614143e-03
[FW-A] iter=125  -trace(H^{-1})=-1.609229e-03
[FW-A] iter=126  -trace(H^{-1})=-1.604447e-03
[FW-A] iter=127  -trace(H^{-1})=-1.599787e-03
[FW-A] iter=128  -trace(H^{-1})=-1.595288e-03
[FW-A] iter=129  -trace(H^{-1})=-1.590920e-03
[FW-A] iter=130  -trace(H^{-1})=-1.586759e-03
[FW-A] iter=131  -trace(H^{-1})=-1.582586e-03
[FW-A] iter=132  -trace(H^{-1})=-1.578568e-03
[FW-A] iter=133  -trace(H^{-1})=-1.574658e-03
[FW-A] iter=134  -trace(H^{-1})=-1.570853e-03
[FW-A] iter=135  -trace(H^{-1})=-1.567184e-03
[FW-A] iter=136  -trace(H^{-1})=-1.563645e-03
[FW-A] iter=137  -trace(H^{-1})=-1.560126e-03
[FW-A] iter=138  -trace(H^{-1})=-1.556702e-03
[FW-A] iter=139  -trace(H^{-1})=-1.553394e-03
[FW-A] iter=140  -trace(H^{-1})=-1.550140e-03
[FW-A] iter=141  -trace(H^{-1})=-1.546989e-03
[FW-A] iter=142  -trace(H^{-1})=-1.543931e-03
[FW-A] iter=143  -trace(H^{-1})=-1.540986e-03
[FW-A] iter=144  -trace(H^{-1})=-1.538042e-03
[FW-A] iter=145  -trace(H^{-1})=-1.535184e-03
[FW-A] iter=146  -trace(H^{-1})=-1.532407e-03
[FW-A] iter=147  -trace(H^{-1})=-1.529703e-03
[FW-A] iter=148  -trace(H^{-1})=-1.527052e-03
[FW-A] iter=149  -trace(H^{-1})=-1.524452e-03
[FW-A] iter=150  -trace(H^{-1})=-1.521928e-03
[FW-A] iter=151  -trace(H^{-1})=-1.519463e-03
[FW-A] iter=152  -trace(H^{-1})=-1.517057e-03
[FW-A] iter=153  -trace(H^{-1})=-1.514699e-03
[FW-A] iter=154  -trace(H^{-1})=-1.512410e-03
[FW-A] iter=155  -trace(H^{-1})=-1.510153e-03
[FW-A] iter=156  -trace(H^{-1})=-1.507945e-03
[FW-A] iter=157  -trace(H^{-1})=-1.505807e-03
[FW-A] iter=158  -trace(H^{-1})=-1.503746e-03
[FW-A] iter=159  -trace(H^{-1})=-1.501671e-03
[FW-A] iter=160  -trace(H^{-1})=-1.499642e-03
[FW-A] iter=161  -trace(H^{-1})=-1.497675e-03
[FW-A] iter=162  -trace(H^{-1})=-1.495730e-03
[FW-A] iter=163  -trace(H^{-1})=-1.493838e-03
[FW-A] iter=164  -trace(H^{-1})=-1.491995e-03
[FW-A] iter=165  -trace(H^{-1})=-1.490223e-03
[FW-A] iter=166  -trace(H^{-1})=-1.488430e-03
[FW-A] iter=167  -trace(H^{-1})=-1.486684e-03
[FW-A] iter=168  -trace(H^{-1})=-1.484980e-03
[FW-A] iter=169  -trace(H^{-1})=-1.483301e-03
[FW-A] iter=170  -trace(H^{-1})=-1.481667e-03
[FW-A] iter=171  -trace(H^{-1})=-1.480066e-03
[FW-A] iter=172  -trace(H^{-1})=-1.478530e-03
[FW-A] iter=173  -trace(H^{-1})=-1.476968e-03
[FW-A] iter=174  -trace(H^{-1})=-1.475453e-03
[FW-A] iter=175  -trace(H^{-1})=-1.473967e-03
[FW-A] iter=176  -trace(H^{-1})=-1.472507e-03
[FW-A] iter=177  -trace(H^{-1})=-1.471091e-03
[FW-A] iter=178  -trace(H^{-1})=-1.469714e-03
[FW-A] iter=179  -trace(H^{-1})=-1.468331e-03
[FW-A] iter=180  -trace(H^{-1})=-1.466973e-03
[FW-A] iter=181  -trace(H^{-1})=-1.465654e-03
[FW-A] iter=182  -trace(H^{-1})=-1.464355e-03
[FW-A] iter=183  -trace(H^{-1})=-1.463081e-03
[FW-A] iter=184  -trace(H^{-1})=-1.461815e-03
[FW-A] iter=185  -trace(H^{-1})=-1.460582e-03
[FW-A] iter=186  -trace(H^{-1})=-1.459377e-03
[FW-A] iter=187  -trace(H^{-1})=-1.458188e-03
[FW-A] iter=188  -trace(H^{-1})=-1.457024e-03
[FW-A] iter=189  -trace(H^{-1})=-1.455881e-03
[FW-A] iter=190  -trace(H^{-1})=-1.454754e-03
[FW-A] iter=191  -trace(H^{-1})=-1.453639e-03
[FW-A] iter=192  -trace(H^{-1})=-1.452551e-03
[FW-A] iter=193  -trace(H^{-1})=-1.451483e-03
[FW-A] iter=194  -trace(H^{-1})=-1.450464e-03
[FW-A] iter=195  -trace(H^{-1})=-1.449415e-03
[FW-A] iter=196  -trace(H^{-1})=-1.448395e-03
[FW-A] iter=197  -trace(H^{-1})=-1.447393e-03
[FW-A] Converged at iter 197  -trace(H^{-1})=-1.447393e-03  gap=9.88e-05
  [fw-a] min_eig=1.0987e+03  heldout=0.0240  (2.0s)
[FW-D] Building 720 candidate information matrices...
Building FIM:   0%|          | 0/720 [00:00<?, ?candidate/s]Building FIM:  62%|██████▏   | 448/720 [00:00<00:00, 4115.38candidate/s]Building FIM: 100%|██████████| 720/720 [00:00<00:00, 4917.49candidate/s]
[FW-D] Done. Starting Frank-Wolfe D-optimal (select_k=10)...
[FW-D] Pre-extracting dense blocks (intr_dim=9, num_poses=720)...
[FW-D] Block extraction done. Starting iterations...
[FW-D] iter=  0  logdet=1.465012e+02
[FW-D] iter=  1  logdet=1.374068e+02
[FW-D] iter=  2  logdet=1.477311e+02
[FW-D] iter=  3  logdet=1.461938e+02
[FW-D] iter=  4  logdet=1.448750e+02
[FW-D] iter=  5  logdet=1.448589e+02
[FW-D] iter=  6  logdet=1.445451e+02
[FW-D] iter=  7  logdet=1.441304e+02
[FW-D] iter=  8  logdet=1.443200e+02
[FW-D] iter=  9  logdet=1.441603e+02
[FW-D] iter= 10  logdet=1.448557e+02
[FW-D] iter= 11  logdet=1.448192e+02
[FW-D] iter= 12  logdet=1.449226e+02
[FW-D] iter= 13  logdet=1.449601e+02
[FW-D] iter= 14  logdet=1.449453e+02
[FW-D] iter= 15  logdet=1.451342e+02
[FW-D] iter= 16  logdet=1.454722e+02
[FW-D] iter= 17  logdet=1.455809e+02
[FW-D] iter= 18  logdet=1.454926e+02
[FW-D] iter= 19  logdet=1.454119e+02
[FW-D] iter= 20  logdet=1.453346e+02
[FW-D] iter= 21  logdet=1.459421e+02
[FW-D] iter= 22  logdet=1.458618e+02
[FW-D] iter= 23  logdet=1.462964e+02
[FW-D] iter= 24  logdet=1.463461e+02
[FW-D] iter= 25  logdet=1.465808e+02
[FW-D] iter= 26  logdet=1.466141e+02
[FW-D] iter= 27  logdet=1.467067e+02
[FW-D] iter= 28  logdet=1.467996e+02
[FW-D] iter= 29  logdet=1.468024e+02
[FW-D] iter= 30  logdet=1.469054e+02
[FW-D] iter= 31  logdet=1.468338e+02
[FW-D] iter= 32  logdet=1.467820e+02
[FW-D] iter= 33  logdet=1.467505e+02
[FW-D] iter= 34  logdet=1.467560e+02
[FW-D] iter= 35  logdet=1.467203e+02
[FW-D] iter= 36  logdet=1.467131e+02
[FW-D] iter= 37  logdet=1.468067e+02
[FW-D] iter= 38  logdet=1.468784e+02
[FW-D] iter= 39  logdet=1.468696e+02
[FW-D] iter= 40  logdet=1.469139e+02
[FW-D] iter= 41  logdet=1.469042e+02
[FW-D] iter= 42  logdet=1.469450e+02
[FW-D] iter= 43  logdet=1.469512e+02
[FW-D] iter= 44  logdet=1.469592e+02
[FW-D] iter= 45  logdet=1.469309e+02
[FW-D] iter= 46  logdet=1.468819e+02
[FW-D] iter= 47  logdet=1.468982e+02
[FW-D] iter= 48  logdet=1.468342e+02
[FW-D] iter= 49  logdet=1.467779e+02
[FW-D] iter= 50  logdet=1.467484e+02
[FW-D] iter= 51  logdet=1.467220e+02
[FW-D] iter= 52  logdet=1.467661e+02
[FW-D] iter= 53  logdet=1.467105e+02
[FW-D] iter= 54  logdet=1.466712e+02
[FW-D] iter= 55  logdet=1.466833e+02
[FW-D] iter= 56  logdet=1.466667e+02
[FW-D] iter= 57  logdet=1.466627e+02
[FW-D] iter= 58  logdet=1.466190e+02
[FW-D] iter= 59  logdet=1.465647e+02
[FW-D] iter= 60  logdet=1.465498e+02
[FW-D] iter= 61  logdet=1.465012e+02
[FW-D] iter= 62  logdet=1.464724e+02
[FW-D] iter= 63  logdet=1.464536e+02
[FW-D] iter= 64  logdet=1.464576e+02
[FW-D] iter= 65  logdet=1.464963e+02
[FW-D] iter= 66  logdet=1.464860e+02
[FW-D] iter= 67  logdet=1.464176e+02
[FW-D] iter= 68  logdet=1.463804e+02
[FW-D] iter= 69  logdet=1.462730e+02
[FW-D] iter= 70  logdet=1.461809e+02
[FW-D] iter= 71  logdet=1.461329e+02
[FW-D] iter= 72  logdet=1.460225e+02
[FW-D] iter= 73  logdet=1.462561e+02
[FW-D] iter= 74  logdet=1.464453e+02
[FW-D] iter= 75  logdet=1.466077e+02
[FW-D] iter= 76  logdet=1.467545e+02
[FW-D] iter= 77  logdet=1.468872e+02
[FW-D] iter= 78  logdet=1.470079e+02
[FW-D] iter= 79  logdet=1.471180e+02
[FW-D] iter= 80  logdet=1.472192e+02
[FW-D] iter= 81  logdet=1.473123e+02
[FW-D] iter= 82  logdet=1.474000e+02
[FW-D] iter= 83  logdet=1.474828e+02
[FW-D] iter= 84  logdet=1.475616e+02
[FW-D] iter= 85  logdet=1.476360e+02
[FW-D] iter= 86  logdet=1.477069e+02
[FW-D] iter= 87  logdet=1.477745e+02
[FW-D] iter= 88  logdet=1.478393e+02
[FW-D] iter= 89  logdet=1.479014e+02
[FW-D] iter= 90  logdet=1.479608e+02
[FW-D] iter= 91  logdet=1.480178e+02
[FW-D] iter= 92  logdet=1.480724e+02
[FW-D] iter= 93  logdet=1.481246e+02
[FW-D] iter= 94  logdet=1.481749e+02
[FW-D] iter= 95  logdet=1.482234e+02
[FW-D] iter= 96  logdet=1.482700e+02
[FW-D] iter= 97  logdet=1.483146e+02
[FW-D] iter= 98  logdet=1.483579e+02
[FW-D] iter= 99  logdet=1.483996e+02
[FW-D] iter=100  logdet=1.484398e+02
[FW-D] iter=101  logdet=1.484785e+02
[FW-D] iter=102  logdet=1.485160e+02
[FW-D] iter=103  logdet=1.485522e+02
[FW-D] iter=104  logdet=1.485871e+02
[FW-D] iter=105  logdet=1.486208e+02
[FW-D] iter=106  logdet=1.486533e+02
[FW-D] iter=107  logdet=1.486850e+02
[FW-D] iter=108  logdet=1.487157e+02
[FW-D] iter=109  logdet=1.487454e+02
[FW-D] iter=110  logdet=1.487742e+02
[FW-D] iter=111  logdet=1.488020e+02
[FW-D] iter=112  logdet=1.488291e+02
[FW-D] iter=113  logdet=1.488554e+02
[FW-D] iter=114  logdet=1.488808e+02
[FW-D] iter=115  logdet=1.489054e+02
[FW-D] iter=116  logdet=1.489295e+02
[FW-D] iter=117  logdet=1.489529e+02
[FW-D] iter=118  logdet=1.489755e+02
[FW-D] iter=119  logdet=1.489976e+02
[FW-D] iter=120  logdet=1.490191e+02
[FW-D] iter=121  logdet=1.490399e+02
[FW-D] iter=122  logdet=1.490602e+02
[FW-D] iter=123  logdet=1.490799e+02
[FW-D] iter=124  logdet=1.490991e+02
[FW-D] iter=125  logdet=1.491178e+02
[FW-D] iter=126  logdet=1.491361e+02
[FW-D] iter=127  logdet=1.491538e+02
[FW-D] iter=128  logdet=1.491712e+02
[FW-D] iter=129  logdet=1.491881e+02
[FW-D] iter=130  logdet=1.492045e+02
[FW-D] iter=131  logdet=1.492206e+02
[FW-D] iter=132  logdet=1.492362e+02
[FW-D] iter=133  logdet=1.492514e+02
[FW-D] iter=134  logdet=1.492663e+02
[FW-D] iter=135  logdet=1.492809e+02
[FW-D] iter=136  logdet=1.492951e+02
[FW-D] iter=137  logdet=1.493089e+02
[FW-D] iter=138  logdet=1.493225e+02
[FW-D] iter=139  logdet=1.493357e+02
[FW-D] iter=140  logdet=1.493487e+02
[FW-D] iter=141  logdet=1.493612e+02
[FW-D] iter=142  logdet=1.493735e+02
[FW-D] iter=143  logdet=1.493856e+02
[FW-D] iter=144  logdet=1.493974e+02
[FW-D] iter=145  logdet=1.494090e+02
[FW-D] iter=146  logdet=1.494203e+02
[FW-D] iter=147  logdet=1.494313e+02
[FW-D] iter=148  logdet=1.494421e+02
[FW-D] iter=149  logdet=1.494527e+02
[FW-D] iter=150  logdet=1.494630e+02
[FW-D] iter=151  logdet=1.494731e+02
[FW-D] iter=152  logdet=1.494831e+02
[FW-D] iter=153  logdet=1.494928e+02
[FW-D] iter=154  logdet=1.495023e+02
[FW-D] iter=155  logdet=1.495117e+02
[FW-D] iter=156  logdet=1.495208e+02
[FW-D] iter=157  logdet=1.495297e+02
[FW-D] iter=158  logdet=1.495384e+02
[FW-D] iter=159  logdet=1.495470e+02
[FW-D] iter=160  logdet=1.495555e+02
[FW-D] iter=161  logdet=1.495638e+02
[FW-D] iter=162  logdet=1.495719e+02
[FW-D] iter=163  logdet=1.495798e+02
[FW-D] iter=164  logdet=1.495876e+02
[FW-D] iter=165  logdet=1.495953e+02
[FW-D] iter=166  logdet=1.496028e+02
[FW-D] iter=167  logdet=1.496100e+02
[FW-D] iter=168  logdet=1.496173e+02
[FW-D] iter=169  logdet=1.496244e+02
[FW-D] iter=170  logdet=1.496313e+02
[FW-D] iter=171  logdet=1.496382e+02
[FW-D] iter=172  logdet=1.496449e+02
[FW-D] iter=173  logdet=1.496515e+02
[FW-D] iter=174  logdet=1.496580e+02
[FW-D] iter=175  logdet=1.496643e+02
[FW-D] iter=176  logdet=1.496705e+02
[FW-D] iter=177  logdet=1.496766e+02
[FW-D] iter=178  logdet=1.496826e+02
[FW-D] iter=179  logdet=1.496886e+02
[FW-D] iter=180  logdet=1.496944e+02
[FW-D] iter=181  logdet=1.497001e+02
[FW-D] iter=182  logdet=1.497057e+02
[FW-D] iter=183  logdet=1.497112e+02
[FW-D] iter=184  logdet=1.497167e+02
[FW-D] iter=185  logdet=1.497220e+02
[FW-D] iter=186  logdet=1.497272e+02
[FW-D] iter=187  logdet=1.497324e+02
[FW-D] iter=188  logdet=1.497375e+02
[FW-D] iter=189  logdet=1.497424e+02
[FW-D] iter=190  logdet=1.497474e+02
[FW-D] iter=191  logdet=1.497522e+02
[FW-D] iter=192  logdet=1.497569e+02
[FW-D] iter=193  logdet=1.497616e+02
[FW-D] iter=194  logdet=1.497662e+02
[FW-D] iter=195  logdet=1.497707e+02
[FW-D] iter=196  logdet=1.497752e+02
[FW-D] iter=197  logdet=1.497796e+02
[FW-D] iter=198  logdet=1.497839e+02
[FW-D] iter=199  logdet=1.497881e+02
[FW-D] iter=200  logdet=1.497923e+02
[FW-D] iter=201  logdet=1.497964e+02
[FW-D] iter=202  logdet=1.498005e+02
[FW-D] iter=203  logdet=1.498045e+02
[FW-D] iter=204  logdet=1.498084e+02
[FW-D] iter=205  logdet=1.498123e+02
[FW-D] iter=206  logdet=1.498161e+02
[FW-D] iter=207  logdet=1.498199e+02
[FW-D] iter=208  logdet=1.498236e+02
[FW-D] iter=209  logdet=1.498272e+02
[FW-D] iter=210  logdet=1.498308e+02
[FW-D] iter=211  logdet=1.498344e+02
[FW-D] iter=212  logdet=1.498379e+02
[FW-D] iter=213  logdet=1.498413e+02
[FW-D] iter=214  logdet=1.498447e+02
[FW-D] iter=215  logdet=1.498481e+02
[FW-D] iter=216  logdet=1.498513e+02
[FW-D] iter=217  logdet=1.498546e+02
[FW-D] iter=218  logdet=1.498578e+02
[FW-D] iter=219  logdet=1.498609e+02
[FW-D] iter=220  logdet=1.498641e+02
[FW-D] iter=221  logdet=1.498671e+02
[FW-D] iter=222  logdet=1.498702e+02
[FW-D] iter=223  logdet=1.498732e+02
[FW-D] iter=224  logdet=1.498761e+02
[FW-D] iter=225  logdet=1.498790e+02
[FW-D] iter=226  logdet=1.498818e+02
[FW-D] iter=227  logdet=1.498847e+02
[FW-D] iter=228  logdet=1.498875e+02
[FW-D] iter=229  logdet=1.498902e+02
[FW-D] iter=230  logdet=1.498930e+02
[FW-D] iter=231  logdet=1.498956e+02
[FW-D] iter=232  logdet=1.498983e+02
[FW-D] iter=233  logdet=1.499009e+02
[FW-D] iter=234  logdet=1.499035e+02
[FW-D] iter=235  logdet=1.499060e+02
[FW-D] iter=236  logdet=1.499085e+02
[FW-D] iter=237  logdet=1.499110e+02
[FW-D] iter=238  logdet=1.499134e+02
[FW-D] iter=239  logdet=1.499158e+02
[FW-D] iter=240  logdet=1.499182e+02
[FW-D] iter=241  logdet=1.499206e+02
[FW-D] iter=242  logdet=1.499229e+02
[FW-D] iter=243  logdet=1.499252e+02
[FW-D] iter=244  logdet=1.499274e+02
[FW-D] iter=245  logdet=1.499297e+02
[FW-D] iter=246  logdet=1.499319e+02
[FW-D] iter=247  logdet=1.499341e+02
[FW-D] iter=248  logdet=1.499362e+02
[FW-D] iter=249  logdet=1.499384e+02
[FW-D] iter=250  logdet=1.499405e+02
[FW-D] iter=251  logdet=1.499425e+02
[FW-D] iter=252  logdet=1.499446e+02
[FW-D] iter=253  logdet=1.499466e+02
[FW-D] iter=254  logdet=1.499486e+02
[FW-D] iter=255  logdet=1.499506e+02
[FW-D] iter=256  logdet=1.499525e+02
[FW-D] iter=257  logdet=1.499545e+02
[FW-D] iter=258  logdet=1.499564e+02
[FW-D] iter=259  logdet=1.499583e+02
[FW-D] iter=260  logdet=1.499601e+02
[FW-D] iter=261  logdet=1.499620e+02
[FW-D] iter=262  logdet=1.499638e+02
[FW-D] iter=263  logdet=1.499656e+02
[FW-D] iter=264  logdet=1.499674e+02
[FW-D] iter=265  logdet=1.499691e+02
[FW-D] iter=266  logdet=1.499709e+02
[FW-D] iter=267  logdet=1.499726e+02
[FW-D] iter=268  logdet=1.499743e+02
[FW-D] iter=269  logdet=1.499760e+02
[FW-D] iter=270  logdet=1.499776e+02
[FW-D] iter=271  logdet=1.499793e+02
[FW-D] iter=272  logdet=1.499809e+02
[FW-D] iter=273  logdet=1.499825e+02
[FW-D] iter=274  logdet=1.499841e+02
[FW-D] iter=275  logdet=1.499857e+02
[FW-D] iter=276  logdet=1.499872e+02
[FW-D] iter=277  logdet=1.499887e+02
[FW-D] iter=278  logdet=1.499903e+02
[FW-D] iter=279  logdet=1.499918e+02
[FW-D] iter=280  logdet=1.499932e+02
[FW-D] iter=281  logdet=1.499947e+02
[FW-D] iter=282  logdet=1.499962e+02
[FW-D] iter=283  logdet=1.499976e+02
[FW-D] iter=284  logdet=1.499990e+02
[FW-D] iter=285  logdet=1.500004e+02
[FW-D] iter=286  logdet=1.500018e+02
[FW-D] iter=287  logdet=1.500032e+02
[FW-D] iter=288  logdet=1.500046e+02
[FW-D] iter=289  logdet=1.500059e+02
[FW-D] iter=290  logdet=1.500073e+02
[FW-D] iter=291  logdet=1.500086e+02
[FW-D] iter=292  logdet=1.500099e+02
[FW-D] iter=293  logdet=1.500112e+02
[FW-D] iter=294  logdet=1.500124e+02
[FW-D] iter=295  logdet=1.500137e+02
[FW-D] iter=296  logdet=1.500150e+02
[FW-D] iter=297  logdet=1.500162e+02
[FW-D] iter=298  logdet=1.500174e+02
[FW-D] iter=299  logdet=1.500187e+02
  [fw-d] min_eig=9.0845e+02  heldout=0.0203  (2.5s)

============================================================
K = 15  (held-out = 705 frames)
  [random] 25 trials...
  [coverage] min_eig=5.4454e+02  heldout=0.0617  (0.0s)
  [a-optimal] min_eig=1.5663e+03  heldout=0.0207  (3.0s)
  [d-optimal] min_eig=1.2786e+03  heldout=0.0268  (3.0s)
  [greedy-e] min_eig=1.5629e+03  heldout=0.0206  (3.2s)
[FW] Building 720 candidate information matrices...
Building FIM:   0%|          | 0/720 [00:00<?, ?candidate/s]Building FIM:  98%|█████████▊| 704/720 [00:00<00:00, 4806.18candidate/s]Building FIM: 100%|██████████| 720/720 [00:00<00:00, 4900.46candidate/s]
[FW] Done. Starting Frank-Wolfe optimization (select_k=15)...
[FW] Pre-extracting dense blocks (intr_dim=9, num_poses=720)...
[FW] Block extraction done. Starting iterations...
[FW] iter=  0  min_eig=7.550190e+02
[FW] iter=  1  min_eig=2.328383e-03
[FW] iter=  2  min_eig=4.975493e+02
[FW] iter=  3  min_eig=4.357395e+02
[FW] iter=  4  min_eig=4.680909e+02
[FW] iter=  5  min_eig=4.566131e+02
[FW] iter=  6  min_eig=3.898752e+02
[FW] iter=  7  min_eig=3.272890e+02
[FW] iter=  8  min_eig=3.573236e+02
[FW] iter=  9  min_eig=3.234338e+02
[FW] iter= 10  min_eig=3.009934e+02
[FW] iter= 11  min_eig=3.341174e+02
[FW] iter= 12  min_eig=3.695275e+02
[FW] iter= 13  min_eig=3.485972e+02
[FW] iter= 14  min_eig=3.496725e+02
[FW] iter= 15  min_eig=4.663332e+02
[FW] iter= 16  min_eig=5.933403e+02
[FW] iter= 17  min_eig=6.882075e+02
[FW] iter= 18  min_eig=7.328934e+02
[FW] iter= 19  min_eig=7.362442e+02
[FW] iter= 20  min_eig=7.470508e+02
[FW] iter= 21  min_eig=7.467085e+02
[FW] iter= 22  min_eig=7.030225e+02
[FW] iter= 23  min_eig=7.041715e+02
[FW] iter= 24  min_eig=7.136411e+02
[FW] iter= 25  min_eig=7.379416e+02
[FW] iter= 26  min_eig=7.410303e+02
[FW] iter= 27  min_eig=7.793443e+02
[FW] iter= 28  min_eig=7.876637e+02
[FW] iter= 29  min_eig=7.853017e+02
[FW] iter= 30  min_eig=7.824113e+02
[FW] iter= 31  min_eig=7.750612e+02
[FW] iter= 32  min_eig=7.590355e+02
[FW] iter= 33  min_eig=7.397918e+02
[FW] iter= 34  min_eig=7.387864e+02
[FW] iter= 35  min_eig=7.733794e+02
[FW] iter= 36  min_eig=7.690197e+02
[FW] iter= 37  min_eig=7.901645e+02
[FW] iter= 38  min_eig=8.031524e+02
[FW] iter= 39  min_eig=8.013963e+02
[FW] iter= 40  min_eig=7.841749e+02
[FW] iter= 41  min_eig=7.523463e+02
[FW] iter= 42  min_eig=7.352613e+02
[FW] iter= 43  min_eig=7.479606e+02
[FW] iter= 44  min_eig=7.554622e+02
[FW] iter= 45  min_eig=7.493030e+02
[FW] iter= 46  min_eig=7.201086e+02
[FW] iter= 47  min_eig=7.086034e+02
[FW] iter= 48  min_eig=7.004134e+02
[FW] iter= 49  min_eig=7.747772e+02
[FW] iter= 50  min_eig=8.074598e+02
[FW] iter= 51  min_eig=8.412764e+02
[FW] iter= 52  min_eig=8.731225e+02
[FW] iter= 53  min_eig=9.024387e+02
[FW] iter= 54  min_eig=9.303850e+02
[FW] iter= 55  min_eig=9.561320e+02
[FW] iter= 56  min_eig=9.819695e+02
[FW] iter= 57  min_eig=1.006099e+03
[FW] iter= 58  min_eig=1.028781e+03
[FW] iter= 59  min_eig=1.049832e+03
[FW] iter= 60  min_eig=1.070543e+03
[FW] iter= 61  min_eig=1.090081e+03
[FW] iter= 62  min_eig=1.108541e+03
[FW] iter= 63  min_eig=1.125837e+03
[FW] iter= 64  min_eig=1.142799e+03
[FW] iter= 65  min_eig=1.158671e+03
[FW] iter= 66  min_eig=1.173999e+03
[FW] iter= 67  min_eig=1.188344e+03
[FW] iter= 68  min_eig=1.202453e+03
[FW] iter= 69  min_eig=1.215804e+03
[FW] iter= 70  min_eig=1.228417e+03
[FW] iter= 71  min_eig=1.240661e+03
[FW] iter= 72  min_eig=1.252195e+03
[FW] iter= 73  min_eig=1.263571e+03
[FW] iter= 74  min_eig=1.274395e+03
[FW] iter= 75  min_eig=1.284740e+03
[FW] iter= 76  min_eig=1.294651e+03
[FW] iter= 77  min_eig=1.304214e+03
[FW] iter= 78  min_eig=1.313151e+03
[FW] iter= 79  min_eig=1.322134e+03
[FW] iter= 80  min_eig=1.330704e+03
[FW] iter= 81  min_eig=1.338888e+03
[FW] iter= 82  min_eig=1.346612e+03
[FW] iter= 83  min_eig=1.354325e+03
[FW] iter= 84  min_eig=1.361704e+03
[FW] iter= 85  min_eig=1.368668e+03
[FW] iter= 86  min_eig=1.375360e+03
[FW] iter= 87  min_eig=1.382080e+03
[FW] iter= 88  min_eig=1.388497e+03
[FW] iter= 89  min_eig=1.394640e+03
[FW] iter= 90  min_eig=1.400481e+03
[FW] iter= 91  min_eig=1.406330e+03
[FW] iter= 92  min_eig=1.411927e+03
[FW] iter= 93  min_eig=1.417247e+03
[FW] iter= 94  min_eig=1.422523e+03
[FW] iter= 95  min_eig=1.427589e+03
[FW] iter= 96  min_eig=1.432343e+03
[FW] iter= 97  min_eig=1.437174e+03
[FW] iter= 98  min_eig=1.441822e+03
[FW] iter= 99  min_eig=1.446285e+03
[FW] iter=100  min_eig=1.450517e+03
[FW] iter=101  min_eig=1.454799e+03
[FW] iter=102  min_eig=1.458910e+03
[FW] iter=103  min_eig=1.462861e+03
[FW] iter=104  min_eig=1.466651e+03
[FW] iter=105  min_eig=1.470446e+03
[FW] iter=106  min_eig=1.474093e+03
[FW] iter=107  min_eig=1.477509e+03
[FW] iter=108  min_eig=1.481020e+03
[FW] iter=109  min_eig=1.484395e+03
[FW] iter=110  min_eig=1.487642e+03
[FW] iter=111  min_eig=1.490711e+03
[FW] iter=112  min_eig=1.493852e+03
[FW] iter=113  min_eig=1.496872e+03
[FW] iter=114  min_eig=1.499780e+03
[FW] iter=115  min_eig=1.502560e+03
[FW] iter=116  min_eig=1.505375e+03
[FW] iter=117  min_eig=1.508090e+03
[FW] iter=118  min_eig=1.510681e+03
[FW] iter=119  min_eig=1.513284e+03
[FW] iter=120  min_eig=1.515790e+03
[FW] iter=121  min_eig=1.518149e+03
[FW] iter=122  min_eig=1.520583e+03
[FW] iter=123  min_eig=1.522929e+03
[FW] iter=124  min_eig=1.525189e+03
[FW] iter=125  min_eig=1.527354e+03
[FW] iter=126  min_eig=1.529553e+03
[FW] iter=127  min_eig=1.531673e+03
[FW] iter=128  min_eig=1.533694e+03
[FW] iter=129  min_eig=1.535735e+03
[FW] iter=130  min_eig=1.537703e+03
[FW] iter=131  min_eig=1.539545e+03
[FW] iter=132  min_eig=1.541466e+03
[FW] iter=133  min_eig=1.543323e+03
[FW] iter=134  min_eig=1.545115e+03
[FW] iter=135  min_eig=1.546814e+03
[FW] iter=136  min_eig=1.548572e+03
[FW] iter=137  min_eig=1.550267e+03
[FW] iter=138  min_eig=1.551902e+03
[FW] iter=139  min_eig=1.553477e+03
[FW] iter=140  min_eig=1.555080e+03
[FW] iter=141  min_eig=1.556626e+03
[FW] iter=142  min_eig=1.558068e+03
[FW] iter=143  min_eig=1.559587e+03
[FW] iter=144  min_eig=1.561051e+03
[FW] iter=145  min_eig=1.562464e+03
[FW] iter=146  min_eig=1.563810e+03
[FW] iter=147  min_eig=1.565200e+03
[FW] iter=148  min_eig=1.566540e+03
[FW] iter=149  min_eig=1.567814e+03
[FW] iter=150  min_eig=1.569114e+03
[FW] iter=151  min_eig=1.570371e+03
[FW] iter=152  min_eig=1.571535e+03
[FW] iter=153  min_eig=1.572773e+03
[FW] iter=154  min_eig=1.573973e+03
[FW] iter=155  min_eig=1.575131e+03
[FW] iter=156  min_eig=1.576220e+03
[FW] iter=157  min_eig=1.577367e+03
[FW] iter=158  min_eig=1.578475e+03
[FW] iter=159  min_eig=1.579544e+03
[FW] iter=160  min_eig=1.580568e+03
[FW] iter=161  min_eig=1.581626e+03
[FW] iter=162  min_eig=1.582647e+03
[FW] iter=163  min_eig=1.583619e+03
[FW] iter=164  min_eig=1.584615e+03
[FW] iter=165  min_eig=1.585576e+03
[FW] iter=166  min_eig=1.586468e+03
[FW] iter=167  min_eig=1.587421e+03
[FW] iter=168  min_eig=1.588345e+03
[FW] iter=169  min_eig=1.589237e+03
[FW] iter=170  min_eig=1.590077e+03
[FW] iter=171  min_eig=1.590965e+03
[FW] iter=172  min_eig=1.591823e+03
[FW] iter=173  min_eig=1.592652e+03
[FW] iter=174  min_eig=1.593449e+03
[FW] iter=175  min_eig=1.594273e+03
[FW] iter=176  min_eig=1.595068e+03
[FW] iter=177  min_eig=1.595802e+03
[FW] iter=178  min_eig=1.596594e+03
[FW] iter=179  min_eig=1.597359e+03
[FW] iter=180  min_eig=1.598097e+03
[FW] iter=181  min_eig=1.598796e+03
[FW] iter=182  min_eig=1.599533e+03
[FW] iter=183  min_eig=1.600243e+03
[FW] iter=184  min_eig=1.600936e+03
[FW] iter=185  min_eig=1.601596e+03
[FW] iter=186  min_eig=1.602281e+03
[FW] iter=187  min_eig=1.602942e+03
[FW] iter=188  min_eig=1.603557e+03
[FW] iter=189  min_eig=1.604218e+03
[FW] iter=190  min_eig=1.604856e+03
[FW] iter=191  min_eig=1.605472e+03
[FW] iter=192  min_eig=1.606053e+03
[FW] iter=193  min_eig=1.606669e+03
[FW] iter=194  min_eig=1.607266e+03
[FW] iter=195  min_eig=1.607830e+03
[FW] iter=196  min_eig=1.608418e+03
[FW] iter=197  min_eig=1.608984e+03
[FW] iter=198  min_eig=1.609507e+03
[FW] iter=199  min_eig=1.610075e+03
[FW] iter=200  min_eig=1.610624e+03
[FW] iter=201  min_eig=1.611153e+03
[FW] iter=202  min_eig=1.611655e+03
[FW] iter=203  min_eig=1.612186e+03
[FW] iter=204  min_eig=1.612699e+03
[FW] iter=205  min_eig=1.613183e+03
[FW] iter=206  min_eig=1.613688e+03
[FW] iter=207  min_eig=1.614176e+03
[FW] iter=208  min_eig=1.614646e+03
[FW] iter=209  min_eig=1.615128e+03
[FW] iter=210  min_eig=1.615592e+03
[FW] iter=211  min_eig=1.616030e+03
[FW] iter=212  min_eig=1.616498e+03
[FW] iter=213  min_eig=1.616949e+03
[FW] iter=214  min_eig=1.617384e+03
[FW] iter=215  min_eig=1.617808e+03
[FW] iter=216  min_eig=1.618246e+03
[FW] iter=217  min_eig=1.618670e+03
[FW] iter=218  min_eig=1.619060e+03
[FW] iter=219  min_eig=1.619487e+03
[FW] iter=220  min_eig=1.619899e+03
[FW] iter=221  min_eig=1.620297e+03
[FW] iter=222  min_eig=1.620675e+03
[FW] iter=223  min_eig=1.621076e+03
[FW] iter=224  min_eig=1.621464e+03
[FW] iter=225  min_eig=1.621830e+03
[FW] iter=226  min_eig=1.622211e+03
[FW] iter=227  min_eig=1.622581e+03
[FW] iter=228  min_eig=1.622938e+03
[FW] iter=229  min_eig=1.623304e+03
[FW] iter=230  min_eig=1.623657e+03
[FW] iter=231  min_eig=1.623991e+03
[FW] iter=232  min_eig=1.624348e+03
[FW] iter=233  min_eig=1.624693e+03
[FW] iter=234  min_eig=1.625016e+03
[FW] iter=235  min_eig=1.625357e+03
[FW] iter=236  min_eig=1.625687e+03
[FW] iter=237  min_eig=1.626003e+03
[FW] iter=238  min_eig=1.626327e+03
[FW] iter=239  min_eig=1.626642e+03
[FW] iter=240  min_eig=1.626934e+03
[FW] iter=241  min_eig=1.627255e+03
[FW] iter=242  min_eig=1.627565e+03
[FW] iter=243  min_eig=1.627862e+03
[FW] iter=244  min_eig=1.628148e+03
[FW] iter=245  min_eig=1.628451e+03
[FW] iter=246  min_eig=1.628742e+03
[FW] iter=247  min_eig=1.629019e+03
[FW] iter=248  min_eig=1.629308e+03
[FW] iter=249  min_eig=1.629588e+03
[FW] iter=250  min_eig=1.629846e+03
[FW] iter=251  min_eig=1.630131e+03
[FW] iter=252  min_eig=1.630405e+03
[FW] iter=253  min_eig=1.630668e+03
[FW] iter=254  min_eig=1.630917e+03
[FW] iter=255  min_eig=1.631185e+03
[FW] iter=256  min_eig=1.631445e+03
[FW] iter=257  min_eig=1.631691e+03
[FW] iter=258  min_eig=1.631949e+03
[FW] iter=259  min_eig=1.632199e+03
[FW] iter=260  min_eig=1.632426e+03
[FW] iter=261  min_eig=1.632680e+03
[FW] iter=262  min_eig=1.632925e+03
[FW] iter=263  min_eig=1.633160e+03
[FW] iter=264  min_eig=1.633383e+03
[FW] iter=265  min_eig=1.633624e+03
[FW] iter=266  min_eig=1.633855e+03
[FW] iter=267  min_eig=1.634073e+03
[FW] iter=268  min_eig=1.634303e+03
[FW] iter=269  min_eig=1.634525e+03
[FW] iter=270  min_eig=1.634739e+03
[FW] iter=271  min_eig=1.634961e+03
[FW] iter=272  min_eig=1.635174e+03
[FW] iter=273  min_eig=1.635374e+03
[FW] iter=274  min_eig=1.635593e+03
[FW] iter=275  min_eig=1.635803e+03
[FW] iter=276  min_eig=1.635999e+03
[FW] iter=277  min_eig=1.636208e+03
[FW] iter=278  min_eig=1.636410e+03
[FW] iter=279  min_eig=1.636603e+03
[FW] iter=280  min_eig=1.636803e+03
[FW] iter=281  min_eig=1.636996e+03
[FW] iter=282  min_eig=1.637173e+03
[FW] iter=283  min_eig=1.637373e+03
[FW] iter=284  min_eig=1.637565e+03
[FW] iter=285  min_eig=1.637749e+03
[FW] iter=286  min_eig=1.637925e+03
[FW] iter=287  min_eig=1.638115e+03
[FW] iter=288  min_eig=1.638297e+03
[FW] iter=289  min_eig=1.638468e+03
[FW] iter=290  min_eig=1.638650e+03
[FW] iter=291  min_eig=1.638825e+03
[FW] iter=292  min_eig=1.638986e+03
[FW] iter=293  min_eig=1.639166e+03
[FW] iter=294  min_eig=1.639339e+03
[FW] iter=295  min_eig=1.639505e+03
[FW] iter=296  min_eig=1.639664e+03
[FW] iter=297  min_eig=1.639835e+03
[FW] iter=298  min_eig=1.639999e+03
[FW] iter=299  min_eig=1.640155e+03
  [fw-e] min_eig=1.6220e+03  heldout=0.0252  (2.3s)
[FW-A] Building 720 candidate information matrices...
Building FIM:   0%|          | 0/720 [00:00<?, ?candidate/s]Building FIM:  18%|█▊        | 128/720 [00:00<00:00, 725.10candidate/s]Building FIM:  28%|██▊       | 201/720 [00:00<00:00, 657.78candidate/s]Building FIM:  44%|████▍     | 320/720 [00:00<00:00, 784.15candidate/s]Building FIM: 100%|██████████| 720/720 [00:00<00:00, 1543.25candidate/s]
[FW-A] Done. Starting Frank-Wolfe A-optimal (select_k=15)...
[FW-A] Pre-extracting dense blocks (intr_dim=9, num_poses=720)...
[FW-A] Block extraction done. Starting iterations...
[FW-A] iter=  0  -trace(H^{-1})=-1.776593e-03
[FW-A] iter=  1  -trace(H^{-1})=-4.249716e+02
[FW-A] iter=  2  -trace(H^{-1})=-2.482822e-03
[FW-A] iter=  3  -trace(H^{-1})=-2.896562e-03
[FW-A] iter=  4  -trace(H^{-1})=-2.425195e-03
[FW-A] iter=  5  -trace(H^{-1})=-2.532446e-03
[FW-A] iter=  6  -trace(H^{-1})=-2.738069e-03
[FW-A] iter=  7  -trace(H^{-1})=-2.788726e-03
[FW-A] iter=  8  -trace(H^{-1})=-3.065341e-03
[FW-A] iter=  9  -trace(H^{-1})=-3.183071e-03
[FW-A] iter= 10  -trace(H^{-1})=-3.376362e-03
[FW-A] iter= 11  -trace(H^{-1})=-3.242212e-03
[FW-A] iter= 12  -trace(H^{-1})=-3.051473e-03
[FW-A] iter= 13  -trace(H^{-1})=-3.216254e-03
[FW-A] iter= 14  -trace(H^{-1})=-3.226958e-03
[FW-A] iter= 15  -trace(H^{-1})=-2.605240e-03
[FW-A] iter= 16  -trace(H^{-1})=-2.371930e-03
[FW-A] iter= 17  -trace(H^{-1})=-1.988064e-03
[FW-A] iter= 18  -trace(H^{-1})=-1.836781e-03
[FW-A] iter= 19  -trace(H^{-1})=-1.826843e-03
[FW-A] iter= 20  -trace(H^{-1})=-1.774178e-03
[FW-A] iter= 21  -trace(H^{-1})=-1.763582e-03
[FW-A] iter= 22  -trace(H^{-1})=-1.867504e-03
[FW-A] iter= 23  -trace(H^{-1})=-1.854086e-03
[FW-A] iter= 24  -trace(H^{-1})=-1.843717e-03
[FW-A] iter= 25  -trace(H^{-1})=-1.790342e-03
[FW-A] iter= 26  -trace(H^{-1})=-1.802730e-03
[FW-A] iter= 27  -trace(H^{-1})=-1.726852e-03
[FW-A] iter= 28  -trace(H^{-1})=-1.693037e-03
[FW-A] iter= 29  -trace(H^{-1})=-1.697635e-03
[FW-A] iter= 30  -trace(H^{-1})=-1.706335e-03
[FW-A] iter= 31  -trace(H^{-1})=-1.730351e-03
[FW-A] iter= 32  -trace(H^{-1})=-1.752508e-03
[FW-A] iter= 33  -trace(H^{-1})=-1.794272e-03
[FW-A] iter= 34  -trace(H^{-1})=-1.801770e-03
[FW-A] iter= 35  -trace(H^{-1})=-1.736977e-03
[FW-A] iter= 36  -trace(H^{-1})=-1.745890e-03
[FW-A] iter= 37  -trace(H^{-1})=-1.702600e-03
[FW-A] iter= 38  -trace(H^{-1})=-1.695990e-03
[FW-A] iter= 39  -trace(H^{-1})=-1.687033e-03
[FW-A] iter= 40  -trace(H^{-1})=-1.730497e-03
[FW-A] iter= 41  -trace(H^{-1})=-1.772441e-03
[FW-A] iter= 42  -trace(H^{-1})=-1.805764e-03
[FW-A] iter= 43  -trace(H^{-1})=-1.775860e-03
[FW-A] iter= 44  -trace(H^{-1})=-1.757106e-03
[FW-A] iter= 45  -trace(H^{-1})=-1.770781e-03
[FW-A] iter= 46  -trace(H^{-1})=-1.829513e-03
[FW-A] iter= 47  -trace(H^{-1})=-1.854196e-03
[FW-A] iter= 48  -trace(H^{-1})=-1.873229e-03
[FW-A] iter= 49  -trace(H^{-1})=-1.740441e-03
[FW-A] iter= 50  -trace(H^{-1})=-1.674821e-03
[FW-A] iter= 51  -trace(H^{-1})=-1.620579e-03
[FW-A] iter= 52  -trace(H^{-1})=-1.571022e-03
[FW-A] iter= 53  -trace(H^{-1})=-1.527403e-03
[FW-A] iter= 54  -trace(H^{-1})=-1.488393e-03
[FW-A] iter= 55  -trace(H^{-1})=-1.453547e-03
[FW-A] iter= 56  -trace(H^{-1})=-1.422239e-03
[FW-A] iter= 57  -trace(H^{-1})=-1.394047e-03
[FW-A] iter= 58  -trace(H^{-1})=-1.368251e-03
[FW-A] iter= 59  -trace(H^{-1})=-1.344760e-03
[FW-A] iter= 60  -trace(H^{-1})=-1.323284e-03
[FW-A] iter= 61  -trace(H^{-1})=-1.303655e-03
[FW-A] iter= 62  -trace(H^{-1})=-1.285474e-03
[FW-A] iter= 63  -trace(H^{-1})=-1.268763e-03
[FW-A] iter= 64  -trace(H^{-1})=-1.253166e-03
[FW-A] iter= 65  -trace(H^{-1})=-1.238677e-03
[FW-A] iter= 66  -trace(H^{-1})=-1.225234e-03
[FW-A] iter= 67  -trace(H^{-1})=-1.212666e-03
[FW-A] iter= 68  -trace(H^{-1})=-1.200945e-03
[FW-A] iter= 69  -trace(H^{-1})=-1.189917e-03
[FW-A] iter= 70  -trace(H^{-1})=-1.179555e-03
[FW-A] iter= 71  -trace(H^{-1})=-1.169799e-03
[FW-A] iter= 72  -trace(H^{-1})=-1.160627e-03
[FW-A] iter= 73  -trace(H^{-1})=-1.152001e-03
[FW-A] iter= 74  -trace(H^{-1})=-1.143850e-03
[FW-A] iter= 75  -trace(H^{-1})=-1.136155e-03
[FW-A] iter= 76  -trace(H^{-1})=-1.128846e-03
[FW-A] iter= 77  -trace(H^{-1})=-1.121947e-03
[FW-A] iter= 78  -trace(H^{-1})=-1.115360e-03
[FW-A] iter= 79  -trace(H^{-1})=-1.109096e-03
[FW-A] iter= 80  -trace(H^{-1})=-1.103160e-03
[FW-A] iter= 81  -trace(H^{-1})=-1.097470e-03
[FW-A] iter= 82  -trace(H^{-1})=-1.092057e-03
[FW-A] iter= 83  -trace(H^{-1})=-1.086904e-03
[FW-A] iter= 84  -trace(H^{-1})=-1.082007e-03
[FW-A] iter= 85  -trace(H^{-1})=-1.077308e-03
[FW-A] iter= 86  -trace(H^{-1})=-1.072839e-03
[FW-A] iter= 87  -trace(H^{-1})=-1.068532e-03
[FW-A] iter= 88  -trace(H^{-1})=-1.064409e-03
[FW-A] iter= 89  -trace(H^{-1})=-1.060468e-03
[FW-A] iter= 90  -trace(H^{-1})=-1.056686e-03
[FW-A] iter= 91  -trace(H^{-1})=-1.053065e-03
[FW-A] iter= 92  -trace(H^{-1})=-1.049572e-03
[FW-A] iter= 93  -trace(H^{-1})=-1.046235e-03
[FW-A] iter= 94  -trace(H^{-1})=-1.043003e-03
[FW-A] iter= 95  -trace(H^{-1})=-1.039891e-03
[FW-A] iter= 96  -trace(H^{-1})=-1.036908e-03
[FW-A] iter= 97  -trace(H^{-1})=-1.034011e-03
[FW-A] iter= 98  -trace(H^{-1})=-1.031226e-03
[FW-A] iter= 99  -trace(H^{-1})=-1.028547e-03
[FW-A] iter=100  -trace(H^{-1})=-1.025975e-03
[FW-A] iter=101  -trace(H^{-1})=-1.023480e-03
[FW-A] iter=102  -trace(H^{-1})=-1.021087e-03
[FW-A] iter=103  -trace(H^{-1})=-1.018756e-03
[FW-A] iter=104  -trace(H^{-1})=-1.016505e-03
[FW-A] iter=105  -trace(H^{-1})=-1.014336e-03
[FW-A] iter=106  -trace(H^{-1})=-1.012235e-03
[FW-A] iter=107  -trace(H^{-1})=-1.010209e-03
[FW-A] iter=108  -trace(H^{-1})=-1.008236e-03
[FW-A] iter=109  -trace(H^{-1})=-1.006340e-03
[FW-A] iter=110  -trace(H^{-1})=-1.004486e-03
[FW-A] iter=111  -trace(H^{-1})=-1.002689e-03
[FW-A] Converged at iter 111  -trace(H^{-1})=-1.002689e-03  gap=9.92e-05
  [fw-a] min_eig=1.6281e+03  heldout=0.0146  (2.0s)
[FW-D] Building 720 candidate information matrices...
Building FIM:   0%|          | 0/720 [00:00<?, ?candidate/s]Building FIM:  62%|██████▏   | 448/720 [00:00<00:00, 3548.13candidate/s]Building FIM: 100%|██████████| 720/720 [00:00<00:00, 4424.56candidate/s]
[FW-D] Done. Starting Frank-Wolfe D-optimal (select_k=15)...
[FW-D] Pre-extracting dense blocks (intr_dim=9, num_poses=720)...
[FW-D] Block extraction done. Starting iterations...
[FW-D] iter=  0  logdet=1.501504e+02
[FW-D] iter=  1  logdet=1.405208e+02
[FW-D] iter=  2  logdet=1.512304e+02
[FW-D] iter=  3  logdet=1.495175e+02
[FW-D] iter=  4  logdet=1.493605e+02
[FW-D] iter=  5  logdet=1.489596e+02
[FW-D] iter=  6  logdet=1.490905e+02
[FW-D] iter=  7  logdet=1.489398e+02
[FW-D] iter=  8  logdet=1.488496e+02
[FW-D] iter=  9  logdet=1.489885e+02
[FW-D] iter= 10  logdet=1.490828e+02
[FW-D] iter= 11  logdet=1.493411e+02
[FW-D] iter= 12  logdet=1.493018e+02
[FW-D] iter= 13  logdet=1.491714e+02
[FW-D] iter= 14  logdet=1.491897e+02
[FW-D] iter= 15  logdet=1.491700e+02
[FW-D] iter= 16  logdet=1.496164e+02
[FW-D] iter= 17  logdet=1.500227e+02
[FW-D] iter= 18  logdet=1.501901e+02
[FW-D] iter= 19  logdet=1.502804e+02
[FW-D] iter= 20  logdet=1.504257e+02
[FW-D] iter= 21  logdet=1.503679e+02
[FW-D] iter= 22  logdet=1.502979e+02
[FW-D] iter= 23  logdet=1.503132e+02
[FW-D] iter= 24  logdet=1.502930e+02
[FW-D] iter= 25  logdet=1.504284e+02
[FW-D] iter= 26  logdet=1.504452e+02
[FW-D] iter= 27  logdet=1.505198e+02
[FW-D] iter= 28  logdet=1.505696e+02
[FW-D] iter= 29  logdet=1.505844e+02
[FW-D] iter= 30  logdet=1.505447e+02
[FW-D] iter= 31  logdet=1.504783e+02
[FW-D] iter= 32  logdet=1.504258e+02
[FW-D] iter= 33  logdet=1.503307e+02
[FW-D] iter= 34  logdet=1.503031e+02
[FW-D] iter= 35  logdet=1.503494e+02
[FW-D] iter= 36  logdet=1.502760e+02
[FW-D] iter= 37  logdet=1.503001e+02
[FW-D] iter= 38  logdet=1.502693e+02
[FW-D] iter= 39  logdet=1.501935e+02
[FW-D] iter= 40  logdet=1.501391e+02
[FW-D] iter= 41  logdet=1.500912e+02
[FW-D] iter= 42  logdet=1.500482e+02
[FW-D] iter= 43  logdet=1.500795e+02
[FW-D] iter= 44  logdet=1.500921e+02
[FW-D] iter= 45  logdet=1.500210e+02
[FW-D] iter= 46  logdet=1.498831e+02
[FW-D] iter= 47  logdet=1.497724e+02
[FW-D] iter= 48  logdet=1.496391e+02
[FW-D] iter= 49  logdet=1.499375e+02
[FW-D] iter= 50  logdet=1.501872e+02
[FW-D] iter= 51  logdet=1.503995e+02
[FW-D] iter= 52  logdet=1.505844e+02
[FW-D] iter= 53  logdet=1.507470e+02
[FW-D] iter= 54  logdet=1.508910e+02
[FW-D] iter= 55  logdet=1.510204e+02
[FW-D] iter= 56  logdet=1.511388e+02
[FW-D] iter= 57  logdet=1.512474e+02
[FW-D] iter= 58  logdet=1.513488e+02
[FW-D] iter= 59  logdet=1.514439e+02
[FW-D] iter= 60  logdet=1.515330e+02
[FW-D] iter= 61  logdet=1.516166e+02
[FW-D] iter= 62  logdet=1.516953e+02
[FW-D] iter= 63  logdet=1.517695e+02
[FW-D] iter= 64  logdet=1.518396e+02
[FW-D] iter= 65  logdet=1.519057e+02
[FW-D] iter= 66  logdet=1.519683e+02
[FW-D] iter= 67  logdet=1.520277e+02
[FW-D] iter= 68  logdet=1.520841e+02
[FW-D] iter= 69  logdet=1.521377e+02
[FW-D] iter= 70  logdet=1.521886e+02
[FW-D] iter= 71  logdet=1.522372e+02
[FW-D] iter= 72  logdet=1.522834e+02
[FW-D] iter= 73  logdet=1.523274e+02
[FW-D] iter= 74  logdet=1.523694e+02
[FW-D] iter= 75  logdet=1.524096e+02
[FW-D] iter= 76  logdet=1.524480e+02
[FW-D] iter= 77  logdet=1.524847e+02
[FW-D] iter= 78  logdet=1.525199e+02
[FW-D] iter= 79  logdet=1.525536e+02
[FW-D] iter= 80  logdet=1.525860e+02
[FW-D] iter= 81  logdet=1.526169e+02
[FW-D] iter= 82  logdet=1.526466e+02
[FW-D] iter= 83  logdet=1.526752e+02
[FW-D] iter= 84  logdet=1.527027e+02
[FW-D] iter= 85  logdet=1.527291e+02
[FW-D] iter= 86  logdet=1.527546e+02
[FW-D] iter= 87  logdet=1.527790e+02
[FW-D] iter= 88  logdet=1.528026e+02
[FW-D] iter= 89  logdet=1.528253e+02
[FW-D] iter= 90  logdet=1.528472e+02
[FW-D] iter= 91  logdet=1.528683e+02
[FW-D] iter= 92  logdet=1.528887e+02
[FW-D] iter= 93  logdet=1.529084e+02
[FW-D] iter= 94  logdet=1.529274e+02
[FW-D] iter= 95  logdet=1.529458e+02
[FW-D] iter= 96  logdet=1.529635e+02
[FW-D] iter= 97  logdet=1.529807e+02
[FW-D] iter= 98  logdet=1.529973e+02
[FW-D] iter= 99  logdet=1.530134e+02
[FW-D] iter=100  logdet=1.530290e+02
[FW-D] iter=101  logdet=1.530441e+02
[FW-D] iter=102  logdet=1.530587e+02
[FW-D] iter=103  logdet=1.530729e+02
[FW-D] iter=104  logdet=1.530867e+02
[FW-D] iter=105  logdet=1.531000e+02
[FW-D] iter=106  logdet=1.531129e+02
[FW-D] iter=107  logdet=1.531255e+02
[FW-D] iter=108  logdet=1.531377e+02
[FW-D] iter=109  logdet=1.531495e+02
[FW-D] iter=110  logdet=1.531610e+02
[FW-D] iter=111  logdet=1.531722e+02
[FW-D] iter=112  logdet=1.531831e+02
[FW-D] iter=113  logdet=1.531936e+02
[FW-D] iter=114  logdet=1.532039e+02
[FW-D] iter=115  logdet=1.532139e+02
[FW-D] iter=116  logdet=1.532236e+02
[FW-D] iter=117  logdet=1.532331e+02
[FW-D] iter=118  logdet=1.532423e+02
[FW-D] iter=119  logdet=1.532513e+02
[FW-D] iter=120  logdet=1.532600e+02
[FW-D] iter=121  logdet=1.532686e+02
[FW-D] iter=122  logdet=1.532769e+02
[FW-D] iter=123  logdet=1.532849e+02
[FW-D] iter=124  logdet=1.532928e+02
[FW-D] iter=125  logdet=1.533005e+02
[FW-D] iter=126  logdet=1.533080e+02
[FW-D] iter=127  logdet=1.533154e+02
[FW-D] iter=128  logdet=1.533225e+02
[FW-D] iter=129  logdet=1.533295e+02
[FW-D] iter=130  logdet=1.533363e+02
[FW-D] iter=131  logdet=1.533429e+02
[FW-D] iter=132  logdet=1.533494e+02
[FW-D] iter=133  logdet=1.533558e+02
[FW-D] iter=134  logdet=1.533620e+02
[FW-D] iter=135  logdet=1.533680e+02
[FW-D] iter=136  logdet=1.533739e+02
[FW-D] iter=137  logdet=1.533797e+02
[FW-D] iter=138  logdet=1.533854e+02
[FW-D] iter=139  logdet=1.533909e+02
[FW-D] iter=140  logdet=1.533963e+02
[FW-D] iter=141  logdet=1.534016e+02
[FW-D] iter=142  logdet=1.534068e+02
[FW-D] iter=143  logdet=1.534119e+02
[FW-D] iter=144  logdet=1.534168e+02
[FW-D] iter=145  logdet=1.534217e+02
[FW-D] iter=146  logdet=1.534264e+02
[FW-D] iter=147  logdet=1.534311e+02
[FW-D] iter=148  logdet=1.534356e+02
[FW-D] iter=149  logdet=1.534401e+02
[FW-D] iter=150  logdet=1.534445e+02
[FW-D] iter=151  logdet=1.534487e+02
[FW-D] iter=152  logdet=1.534529e+02
[FW-D] iter=153  logdet=1.534571e+02
[FW-D] iter=154  logdet=1.534611e+02
[FW-D] iter=155  logdet=1.534650e+02
[FW-D] iter=156  logdet=1.534689e+02
[FW-D] iter=157  logdet=1.534727e+02
[FW-D] iter=158  logdet=1.534764e+02
[FW-D] iter=159  logdet=1.534801e+02
[FW-D] iter=160  logdet=1.534837e+02
[FW-D] iter=161  logdet=1.534872e+02
[FW-D] iter=162  logdet=1.534906e+02
[FW-D] iter=163  logdet=1.534940e+02
[FW-D] iter=164  logdet=1.534973e+02
[FW-D] iter=165  logdet=1.535006e+02
[FW-D] iter=166  logdet=1.535038e+02
[FW-D] iter=167  logdet=1.535069e+02
[FW-D] iter=168  logdet=1.535100e+02
[FW-D] iter=169  logdet=1.535131e+02
[FW-D] iter=170  logdet=1.535160e+02
[FW-D] iter=171  logdet=1.535189e+02
[FW-D] iter=172  logdet=1.535218e+02
[FW-D] iter=173  logdet=1.535246e+02
[FW-D] iter=174  logdet=1.535274e+02
[FW-D] iter=175  logdet=1.535301e+02
[FW-D] iter=176  logdet=1.535328e+02
[FW-D] iter=177  logdet=1.535354e+02
[FW-D] iter=178  logdet=1.535380e+02
[FW-D] iter=179  logdet=1.535405e+02
[FW-D] iter=180  logdet=1.535430e+02
[FW-D] iter=181  logdet=1.535455e+02
[FW-D] iter=182  logdet=1.535479e+02
[FW-D] iter=183  logdet=1.535503e+02
[FW-D] iter=184  logdet=1.535526e+02
[FW-D] iter=185  logdet=1.535549e+02
[FW-D] iter=186  logdet=1.535572e+02
[FW-D] iter=187  logdet=1.535594e+02
[FW-D] iter=188  logdet=1.535616e+02
[FW-D] iter=189  logdet=1.535637e+02
[FW-D] iter=190  logdet=1.535659e+02
[FW-D] iter=191  logdet=1.535679e+02
[FW-D] iter=192  logdet=1.535700e+02
[FW-D] iter=193  logdet=1.535720e+02
[FW-D] iter=194  logdet=1.535740e+02
[FW-D] iter=195  logdet=1.535760e+02
[FW-D] iter=196  logdet=1.535779e+02
[FW-D] iter=197  logdet=1.535798e+02
[FW-D] iter=198  logdet=1.535816e+02
[FW-D] iter=199  logdet=1.535835e+02
[FW-D] iter=200  logdet=1.535853e+02
[FW-D] iter=201  logdet=1.535871e+02
[FW-D] iter=202  logdet=1.535888e+02
[FW-D] iter=203  logdet=1.535906e+02
[FW-D] iter=204  logdet=1.535923e+02
[FW-D] iter=205  logdet=1.535939e+02
[FW-D] iter=206  logdet=1.535956e+02
[FW-D] iter=207  logdet=1.535972e+02
[FW-D] iter=208  logdet=1.535988e+02
[FW-D] iter=209  logdet=1.536004e+02
[FW-D] iter=210  logdet=1.536020e+02
[FW-D] iter=211  logdet=1.536035e+02
[FW-D] iter=212  logdet=1.536050e+02
[FW-D] iter=213  logdet=1.536065e+02
[FW-D] iter=214  logdet=1.536080e+02
[FW-D] iter=215  logdet=1.536095e+02
[FW-D] iter=216  logdet=1.536109e+02
[FW-D] iter=217  logdet=1.536123e+02
[FW-D] iter=218  logdet=1.536137e+02
[FW-D] iter=219  logdet=1.536151e+02
[FW-D] iter=220  logdet=1.536164e+02
[FW-D] iter=221  logdet=1.536178e+02
[FW-D] iter=222  logdet=1.536191e+02
[FW-D] iter=223  logdet=1.536204e+02
[FW-D] iter=224  logdet=1.536217e+02
[FW-D] iter=225  logdet=1.536229e+02
[FW-D] iter=226  logdet=1.536242e+02
[FW-D] iter=227  logdet=1.536254e+02
[FW-D] iter=228  logdet=1.536266e+02
[FW-D] iter=229  logdet=1.536278e+02
[FW-D] iter=230  logdet=1.536290e+02
[FW-D] iter=231  logdet=1.536302e+02
[FW-D] iter=232  logdet=1.536313e+02
[FW-D] iter=233  logdet=1.536325e+02
[FW-D] iter=234  logdet=1.536336e+02
[FW-D] iter=235  logdet=1.536347e+02
[FW-D] iter=236  logdet=1.536358e+02
[FW-D] iter=237  logdet=1.536369e+02
[FW-D] iter=238  logdet=1.536379e+02
[FW-D] iter=239  logdet=1.536390e+02
[FW-D] iter=240  logdet=1.536400e+02
[FW-D] iter=241  logdet=1.536411e+02
[FW-D] iter=242  logdet=1.536421e+02
[FW-D] iter=243  logdet=1.536431e+02
[FW-D] iter=244  logdet=1.536441e+02
[FW-D] iter=245  logdet=1.536450e+02
[FW-D] iter=246  logdet=1.536460e+02
[FW-D] iter=247  logdet=1.536470e+02
[FW-D] iter=248  logdet=1.536479e+02
[FW-D] iter=249  logdet=1.536488e+02
[FW-D] iter=250  logdet=1.536497e+02
[FW-D] iter=251  logdet=1.536507e+02
[FW-D] iter=252  logdet=1.536516e+02
[FW-D] iter=253  logdet=1.536524e+02
[FW-D] iter=254  logdet=1.536533e+02
[FW-D] iter=255  logdet=1.536542e+02
[FW-D] iter=256  logdet=1.536550e+02
[FW-D] iter=257  logdet=1.536559e+02
[FW-D] iter=258  logdet=1.536567e+02
[FW-D] iter=259  logdet=1.536575e+02
[FW-D] iter=260  logdet=1.536584e+02
[FW-D] iter=261  logdet=1.536592e+02
[FW-D] iter=262  logdet=1.536600e+02
[FW-D] iter=263  logdet=1.536608e+02
[FW-D] iter=264  logdet=1.536615e+02
[FW-D] iter=265  logdet=1.536623e+02
[FW-D] iter=266  logdet=1.536631e+02
[FW-D] iter=267  logdet=1.536638e+02
[FW-D] iter=268  logdet=1.536646e+02
[FW-D] iter=269  logdet=1.536653e+02
[FW-D] iter=270  logdet=1.536660e+02
[FW-D] iter=271  logdet=1.536668e+02
[FW-D] iter=272  logdet=1.536675e+02
[FW-D] iter=273  logdet=1.536682e+02
[FW-D] iter=274  logdet=1.536689e+02
[FW-D] iter=275  logdet=1.536696e+02
[FW-D] iter=276  logdet=1.536702e+02
[FW-D] iter=277  logdet=1.536709e+02
[FW-D] iter=278  logdet=1.536716e+02
[FW-D] iter=279  logdet=1.536722e+02
[FW-D] iter=280  logdet=1.536729e+02
[FW-D] iter=281  logdet=1.536735e+02
[FW-D] iter=282  logdet=1.536742e+02
[FW-D] iter=283  logdet=1.536748e+02
[FW-D] iter=284  logdet=1.536754e+02
[FW-D] iter=285  logdet=1.536760e+02
[FW-D] iter=286  logdet=1.536767e+02
[FW-D] iter=287  logdet=1.536773e+02
[FW-D] iter=288  logdet=1.536779e+02
[FW-D] iter=289  logdet=1.536785e+02
[FW-D] iter=290  logdet=1.536790e+02
[FW-D] iter=291  logdet=1.536796e+02
[FW-D] iter=292  logdet=1.536802e+02
[FW-D] iter=293  logdet=1.536808e+02
[FW-D] iter=294  logdet=1.536813e+02
[FW-D] iter=295  logdet=1.536819e+02
[FW-D] iter=296  logdet=1.536824e+02
[FW-D] iter=297  logdet=1.536830e+02
[FW-D] iter=298  logdet=1.536835e+02
[FW-D] iter=299  logdet=1.536841e+02
  [fw-d] min_eig=1.3879e+03  heldout=0.0237  (2.5s)

============================================================
K = 20  (held-out = 700 frames)
  [random] 25 trials...
  [coverage] min_eig=7.6126e+02  heldout=0.0342  (0.0s)
  [a-optimal] min_eig=2.1117e+03  heldout=0.0152  (4.3s)
  [d-optimal] min_eig=1.7209e+03  heldout=0.0310  (4.2s)
  [greedy-e] min_eig=2.0932e+03  heldout=0.0198  (4.5s)
[FW] Building 720 candidate information matrices...
Building FIM:   0%|          | 0/720 [00:00<?, ?candidate/s]Building FIM:  62%|██████▏   | 448/720 [00:00<00:00, 3271.01candidate/s]Building FIM: 100%|██████████| 720/720 [00:00<00:00, 4055.18candidate/s]
[FW] Done. Starting Frank-Wolfe optimization (select_k=20)...
[FW] Pre-extracting dense blocks (intr_dim=9, num_poses=720)...
[FW] Block extraction done. Starting iterations...
[FW] iter=  0  min_eig=1.006691e+03
[FW] iter=  1  min_eig=2.199432e-03
[FW] iter=  2  min_eig=6.140973e+02
[FW] iter=  3  min_eig=6.931194e+02
[FW] iter=  4  min_eig=7.682601e+02
[FW] iter=  5  min_eig=6.699193e+02
[FW] iter=  6  min_eig=5.883760e+02
[FW] iter=  7  min_eig=5.376669e+02
[FW] iter=  8  min_eig=4.854300e+02
[FW] iter=  9  min_eig=5.331336e+02
[FW] iter= 10  min_eig=5.071276e+02
[FW] iter= 11  min_eig=5.116833e+02
[FW] iter= 12  min_eig=7.266976e+02
[FW] iter= 13  min_eig=9.077430e+02
[FW] iter= 14  min_eig=9.242269e+02
[FW] iter= 15  min_eig=9.580686e+02
[FW] iter= 16  min_eig=9.454079e+02
[FW] iter= 17  min_eig=9.174805e+02
[FW] iter= 18  min_eig=9.266697e+02
[FW] iter= 19  min_eig=9.648591e+02
[FW] iter= 20  min_eig=9.979854e+02
[FW] iter= 21  min_eig=1.028264e+03
[FW] iter= 22  min_eig=1.041844e+03
[FW] iter= 23  min_eig=1.020650e+03
[FW] iter= 24  min_eig=9.930220e+02
[FW] iter= 25  min_eig=9.745004e+02
[FW] iter= 26  min_eig=1.002088e+03
[FW] iter= 27  min_eig=1.009840e+03
[FW] iter= 28  min_eig=1.031917e+03
[FW] iter= 29  min_eig=1.049448e+03
[FW] iter= 30  min_eig=1.033542e+03
[FW] iter= 31  min_eig=9.765580e+02
[FW] iter= 32  min_eig=9.809771e+02
[FW] iter= 33  min_eig=9.979772e+02
[FW] iter= 34  min_eig=9.770090e+02
[FW] iter= 35  min_eig=9.367434e+02
[FW] iter= 36  min_eig=9.269024e+02
[FW] iter= 37  min_eig=1.042842e+03
[FW] iter= 38  min_eig=1.101337e+03
[FW] iter= 39  min_eig=1.154568e+03
[FW] iter= 40  min_eig=1.203367e+03
[FW] iter= 41  min_eig=1.250270e+03
[FW] iter= 42  min_eig=1.292254e+03
[FW] iter= 43  min_eig=1.332670e+03
[FW] iter= 44  min_eig=1.369049e+03
[FW] iter= 45  min_eig=1.404152e+03
[FW] iter= 46  min_eig=1.437212e+03
[FW] iter= 47  min_eig=1.468601e+03
[FW] iter= 48  min_eig=1.498242e+03
[FW] iter= 49  min_eig=1.526035e+03
[FW] iter= 50  min_eig=1.552131e+03
[FW] iter= 51  min_eig=1.576709e+03
[FW] iter= 52  min_eig=1.599856e+03
[FW] iter= 53  min_eig=1.621594e+03
[FW] iter= 54  min_eig=1.642270e+03
[FW] iter= 55  min_eig=1.661797e+03
[FW] iter= 56  min_eig=1.680272e+03
[FW] iter= 57  min_eig=1.697772e+03
[FW] iter= 58  min_eig=1.714370e+03
[FW] iter= 59  min_eig=1.730036e+03
[FW] iter= 60  min_eig=1.745046e+03
[FW] iter= 61  min_eig=1.759302e+03
[FW] iter= 62  min_eig=1.772870e+03
[FW] iter= 63  min_eig=1.785787e+03
[FW] iter= 64  min_eig=1.798101e+03
[FW] iter= 65  min_eig=1.809840e+03
[FW] iter= 66  min_eig=1.821008e+03
[FW] iter= 67  min_eig=1.831749e+03
[FW] iter= 68  min_eig=1.842004e+03
[FW] iter= 69  min_eig=1.851816e+03
[FW] iter= 70  min_eig=1.861198e+03
[FW] iter= 71  min_eig=1.870134e+03
[FW] iter= 72  min_eig=1.878776e+03
[FW] iter= 73  min_eig=1.887059e+03
[FW] iter= 74  min_eig=1.894999e+03
[FW] iter= 75  min_eig=1.902628e+03
[FW] iter= 76  min_eig=1.909954e+03
[FW] iter= 77  min_eig=1.916986e+03
[FW] iter= 78  min_eig=1.923720e+03
[FW] iter= 79  min_eig=1.930249e+03
[FW] iter= 80  min_eig=1.936530e+03
[FW] iter= 81  min_eig=1.942572e+03
[FW] iter= 82  min_eig=1.948399e+03
[FW] iter= 83  min_eig=1.954012e+03
[FW] iter= 84  min_eig=1.959420e+03
[FW] iter= 85  min_eig=1.964619e+03
[FW] iter= 86  min_eig=1.969673e+03
[FW] iter= 87  min_eig=1.974549e+03
[FW] iter= 88  min_eig=1.979254e+03
[FW] iter= 89  min_eig=1.983806e+03
[FW] iter= 90  min_eig=1.988202e+03
[FW] iter= 91  min_eig=1.992422e+03
[FW] iter= 92  min_eig=1.996552e+03
[FW] iter= 93  min_eig=2.000541e+03
[FW] iter= 94  min_eig=2.004403e+03
[FW] iter= 95  min_eig=2.008138e+03
[FW] iter= 96  min_eig=2.011760e+03
[FW] iter= 97  min_eig=2.015238e+03
[FW] iter= 98  min_eig=2.018653e+03
[FW] iter= 99  min_eig=2.021957e+03
[FW] iter=100  min_eig=2.025163e+03
[FW] iter=101  min_eig=2.028273e+03
[FW] iter=102  min_eig=2.031288e+03
[FW] iter=103  min_eig=2.034190e+03
[FW] iter=104  min_eig=2.037044e+03
[FW] iter=105  min_eig=2.039814e+03
[FW] iter=106  min_eig=2.042503e+03
[FW] iter=107  min_eig=2.045119e+03
[FW] iter=108  min_eig=2.047659e+03
[FW] iter=109  min_eig=2.050127e+03
[FW] iter=110  min_eig=2.052512e+03
[FW] iter=111  min_eig=2.054857e+03
[FW] iter=112  min_eig=2.057137e+03
[FW] iter=113  min_eig=2.059355e+03
[FW] iter=114  min_eig=2.061516e+03
[FW] iter=115  min_eig=2.063618e+03
[FW] iter=116  min_eig=2.065664e+03
[FW] iter=117  min_eig=2.067647e+03
[FW] iter=118  min_eig=2.069599e+03
[FW] iter=119  min_eig=2.071499e+03
[FW] iter=120  min_eig=2.073350e+03
[FW] iter=121  min_eig=2.075154e+03
[FW] iter=122  min_eig=2.076914e+03
[FW] iter=123  min_eig=2.078614e+03
[FW] iter=124  min_eig=2.080299e+03
[FW] iter=125  min_eig=2.081937e+03
[FW] iter=126  min_eig=2.083537e+03
[FW] iter=127  min_eig=2.085097e+03
[FW] iter=128  min_eig=2.086620e+03
[FW] iter=129  min_eig=2.088093e+03
[FW] iter=130  min_eig=2.089553e+03
[FW] iter=131  min_eig=2.090977e+03
[FW] iter=132  min_eig=2.092368e+03
[FW] iter=133  min_eig=2.093727e+03
[FW] iter=134  min_eig=2.095055e+03
[FW] iter=135  min_eig=2.096353e+03
[FW] iter=136  min_eig=2.097608e+03
[FW] iter=137  min_eig=2.098857e+03
[FW] iter=138  min_eig=2.100075e+03
[FW] iter=139  min_eig=2.101266e+03
[FW] iter=140  min_eig=2.102430e+03
[FW] iter=141  min_eig=2.103569e+03
[FW] iter=142  min_eig=2.104683e+03
[FW] iter=143  min_eig=2.105767e+03
[FW] iter=144  min_eig=2.106840e+03
[FW] iter=145  min_eig=2.107889e+03
[FW] iter=146  min_eig=2.108916e+03
[FW] iter=147  min_eig=2.109921e+03
[FW] iter=148  min_eig=2.110906e+03
[FW] iter=149  min_eig=2.111859e+03
[FW] iter=150  min_eig=2.112810e+03
[FW] iter=151  min_eig=2.113739e+03
[FW] iter=152  min_eig=2.114650e+03
[FW] iter=153  min_eig=2.115542e+03
[FW] iter=154  min_eig=2.116416e+03
[FW] iter=155  min_eig=2.117272e+03
[FW] iter=156  min_eig=2.118105e+03
[FW] iter=157  min_eig=2.118933e+03
[FW] iter=158  min_eig=2.119744e+03
[FW] iter=159  min_eig=2.120539e+03
[FW] iter=160  min_eig=2.121318e+03
[FW] iter=161  min_eig=2.122083e+03
[FW] iter=162  min_eig=2.122824e+03
[FW] iter=163  min_eig=2.123565e+03
[FW] iter=164  min_eig=2.124291e+03
[FW] iter=165  min_eig=2.125002e+03
[FW] iter=166  min_eig=2.125700e+03
[FW] iter=167  min_eig=2.126385e+03
[FW] iter=168  min_eig=2.127048e+03
[FW] iter=169  min_eig=2.127713e+03
[FW] iter=170  min_eig=2.128365e+03
[FW] iter=171  min_eig=2.129005e+03
[FW] iter=172  min_eig=2.129632e+03
[FW] iter=173  min_eig=2.130249e+03
[FW] iter=174  min_eig=2.130854e+03
[FW] iter=175  min_eig=2.131441e+03
[FW] iter=176  min_eig=2.132030e+03
[FW] iter=177  min_eig=2.132607e+03
[FW] iter=178  min_eig=2.133174e+03
[FW] iter=179  min_eig=2.133730e+03
[FW] iter=180  min_eig=2.134277e+03
[FW] iter=181  min_eig=2.134807e+03
[FW] iter=182  min_eig=2.135340e+03
[FW] iter=183  min_eig=2.135861e+03
[FW] iter=184  min_eig=2.136375e+03
[FW] iter=185  min_eig=2.136879e+03
[FW] iter=186  min_eig=2.137375e+03
[FW] iter=187  min_eig=2.137862e+03
[FW] iter=188  min_eig=2.138336e+03
[FW] iter=189  min_eig=2.138812e+03
[FW] iter=190  min_eig=2.139278e+03
[FW] iter=191  min_eig=2.139736e+03
[FW] iter=192  min_eig=2.140187e+03
[FW] iter=193  min_eig=2.140631e+03
[FW] iter=194  min_eig=2.141061e+03
[FW] iter=195  min_eig=2.141494e+03
[FW] iter=196  min_eig=2.141918e+03
[FW] iter=197  min_eig=2.142337e+03
[FW] iter=198  min_eig=2.142748e+03
[FW] iter=199  min_eig=2.143153e+03
[FW] iter=200  min_eig=2.143551e+03
[FW] iter=201  min_eig=2.143939e+03
[FW] iter=202  min_eig=2.144328e+03
[FW] iter=203  min_eig=2.144710e+03
[FW] iter=204  min_eig=2.145087e+03
[FW] iter=205  min_eig=2.145457e+03
[FW] iter=206  min_eig=2.145822e+03
[FW] iter=207  min_eig=2.146181e+03
[FW] iter=208  min_eig=2.146532e+03
[FW] iter=209  min_eig=2.146883e+03
[FW] iter=210  min_eig=2.147228e+03
[FW] iter=211  min_eig=2.147568e+03
[FW] iter=212  min_eig=2.147903e+03
[FW] iter=213  min_eig=2.148232e+03
[FW] iter=214  min_eig=2.148554e+03
[FW] iter=215  min_eig=2.148876e+03
[FW] iter=216  min_eig=2.149194e+03
[FW] iter=217  min_eig=2.149506e+03
[FW] iter=218  min_eig=2.149815e+03
[FW] iter=219  min_eig=2.150118e+03
[FW] iter=220  min_eig=2.150412e+03
[FW] iter=221  min_eig=2.150709e+03
[FW] iter=222  min_eig=2.151002e+03
[FW] iter=223  min_eig=2.151290e+03
[FW] iter=224  min_eig=2.151574e+03
[FW] iter=225  min_eig=2.151855e+03
[FW] iter=226  min_eig=2.152131e+03
[FW] iter=227  min_eig=2.152399e+03
[FW] iter=228  min_eig=2.152670e+03
[FW] iter=229  min_eig=2.152936e+03
[FW] iter=230  min_eig=2.153199e+03
[FW] iter=231  min_eig=2.153458e+03
[FW] iter=232  min_eig=2.153713e+03
[FW] iter=233  min_eig=2.153960e+03
[FW] iter=234  min_eig=2.154211e+03
[FW] iter=235  min_eig=2.154458e+03
[FW] iter=236  min_eig=2.154701e+03
[FW] iter=237  min_eig=2.154941e+03
[FW] iter=238  min_eig=2.155177e+03
[FW] iter=239  min_eig=2.155410e+03
[FW] iter=240  min_eig=2.155638e+03
[FW] iter=241  min_eig=2.155867e+03
[FW] iter=242  min_eig=2.156093e+03
[FW] iter=243  min_eig=2.156315e+03
[FW] iter=244  min_eig=2.156535e+03
[FW] iter=245  min_eig=2.156752e+03
[FW] iter=246  min_eig=2.156966e+03
[FW] iter=247  min_eig=2.157175e+03
[FW] iter=248  min_eig=2.157385e+03
[FW] iter=249  min_eig=2.157592e+03
[FW] iter=250  min_eig=2.157796e+03
[FW] iter=251  min_eig=2.157998e+03
[FW] iter=252  min_eig=2.158197e+03
[FW] iter=253  min_eig=2.158390e+03
[FW] iter=254  min_eig=2.158587e+03
[FW] iter=255  min_eig=2.158779e+03
[FW] iter=256  min_eig=2.158970e+03
[FW] iter=257  min_eig=2.159158e+03
[FW] iter=258  min_eig=2.159344e+03
[FW] iter=259  min_eig=2.159524e+03
[FW] iter=260  min_eig=2.159706e+03
[FW] iter=261  min_eig=2.159886e+03
[FW] iter=262  min_eig=2.160064e+03
[FW] iter=263  min_eig=2.160240e+03
[FW] iter=264  min_eig=2.160413e+03
[FW] iter=265  min_eig=2.160584e+03
[FW] iter=266  min_eig=2.160751e+03
[FW] iter=267  min_eig=2.160919e+03
[FW] iter=268  min_eig=2.161086e+03
[FW] iter=269  min_eig=2.161250e+03
[FW] iter=270  min_eig=2.161412e+03
[FW] iter=271  min_eig=2.161572e+03
[FW] iter=272  min_eig=2.161727e+03
[FW] iter=273  min_eig=2.161885e+03
[FW] iter=274  min_eig=2.162041e+03
[FW] iter=275  min_eig=2.162194e+03
[FW] iter=276  min_eig=2.162346e+03
[FW] iter=277  min_eig=2.162496e+03
[FW] iter=278  min_eig=2.162644e+03
[FW] iter=279  min_eig=2.162791e+03
[FW] iter=280  min_eig=2.162936e+03
[FW] iter=281  min_eig=2.163080e+03
[FW] iter=282  min_eig=2.163222e+03
[FW] iter=283  min_eig=2.163361e+03
[FW] iter=284  min_eig=2.163501e+03
[FW] iter=285  min_eig=2.163639e+03
[FW] iter=286  min_eig=2.163776e+03
[FW] iter=287  min_eig=2.163910e+03
[FW] iter=288  min_eig=2.164044e+03
[FW] iter=289  min_eig=2.164173e+03
[FW] iter=290  min_eig=2.164305e+03
[FW] iter=291  min_eig=2.164435e+03
[FW] iter=292  min_eig=2.164563e+03
[FW] iter=293  min_eig=2.164690e+03
[FW] iter=294  min_eig=2.164816e+03
[FW] iter=295  min_eig=2.164939e+03
[FW] iter=296  min_eig=2.165060e+03
[FW] iter=297  min_eig=2.165183e+03
[FW] iter=298  min_eig=2.165304e+03
[FW] iter=299  min_eig=2.165424e+03
  [fw-e] min_eig=2.1762e+03  heldout=0.0270  (2.5s)
[FW-A] Building 720 candidate information matrices...
Building FIM:   0%|          | 0/720 [00:00<?, ?candidate/s]Building FIM:  62%|██████▏   | 448/720 [00:00<00:00, 3554.50candidate/s]Building FIM: 100%|██████████| 720/720 [00:00<00:00, 4172.65candidate/s]
[FW-A] Done. Starting Frank-Wolfe A-optimal (select_k=20)...
[FW-A] Pre-extracting dense blocks (intr_dim=9, num_poses=720)...
[FW-A] Block extraction done. Starting iterations...
[FW-A] iter=  0  -trace(H^{-1})=-1.332445e-03
[FW-A] iter=  1  -trace(H^{-1})=-2.160456e-04
[FW-A] iter=  2  -trace(H^{-1})=-1.986977e-03
[FW-A] iter=  3  -trace(H^{-1})=-1.885579e-03
[FW-A] iter=  4  -trace(H^{-1})=-1.693031e-03
[FW-A] iter=  5  -trace(H^{-1})=-1.795126e-03
[FW-A] iter=  6  -trace(H^{-1})=-1.909578e-03
[FW-A] iter=  7  -trace(H^{-1})=-1.982418e-03
[FW-A] iter=  8  -trace(H^{-1})=-2.057084e-03
[FW-A] iter=  9  -trace(H^{-1})=-2.075054e-03
[FW-A] iter= 10  -trace(H^{-1})=-2.214084e-03
[FW-A] iter= 11  -trace(H^{-1})=-2.224668e-03
[FW-A] iter= 12  -trace(H^{-1})=-1.933993e-03
[FW-A] iter= 13  -trace(H^{-1})=-1.506767e-03
[FW-A] iter= 14  -trace(H^{-1})=-1.433090e-03
[FW-A] iter= 15  -trace(H^{-1})=-1.367314e-03
[FW-A] iter= 16  -trace(H^{-1})=-1.360400e-03
[FW-A] iter= 17  -trace(H^{-1})=-1.429701e-03
[FW-A] iter= 18  -trace(H^{-1})=-1.447378e-03
[FW-A] iter= 19  -trace(H^{-1})=-1.380093e-03
[FW-A] iter= 20  -trace(H^{-1})=-1.351359e-03
[FW-A] iter= 21  -trace(H^{-1})=-1.296882e-03
[FW-A] iter= 22  -trace(H^{-1})=-1.303779e-03
[FW-A] iter= 23  -trace(H^{-1})=-1.310902e-03
[FW-A] iter= 24  -trace(H^{-1})=-1.338380e-03
[FW-A] iter= 25  -trace(H^{-1})=-1.366591e-03
[FW-A] iter= 26  -trace(H^{-1})=-1.322298e-03
[FW-A] iter= 27  -trace(H^{-1})=-1.330489e-03
[FW-A] iter= 28  -trace(H^{-1})=-1.299986e-03
[FW-A] iter= 29  -trace(H^{-1})=-1.283619e-03
[FW-A] iter= 30  -trace(H^{-1})=-1.310798e-03
[FW-A] iter= 31  -trace(H^{-1})=-1.357776e-03
[FW-A] iter= 32  -trace(H^{-1})=-1.350899e-03
[FW-A] iter= 33  -trace(H^{-1})=-1.326506e-03
[FW-A] iter= 34  -trace(H^{-1})=-1.350546e-03
[FW-A] iter= 35  -trace(H^{-1})=-1.398910e-03
[FW-A] iter= 36  -trace(H^{-1})=-1.410893e-03
[FW-A] iter= 37  -trace(H^{-1})=-1.298214e-03
[FW-A] iter= 38  -trace(H^{-1})=-1.237560e-03
[FW-A] iter= 39  -trace(H^{-1})=-1.188278e-03
[FW-A] iter= 40  -trace(H^{-1})=-1.146469e-03
[FW-A] iter= 41  -trace(H^{-1})=-1.110399e-03
[FW-A] iter= 42  -trace(H^{-1})=-1.079200e-03
[FW-A] iter= 43  -trace(H^{-1})=-1.051666e-03
[FW-A] iter= 44  -trace(H^{-1})=-1.027365e-03
[FW-A] iter= 45  -trace(H^{-1})=-1.005846e-03
[FW-A] iter= 46  -trace(H^{-1})=-9.864403e-04
[FW-A] iter= 47  -trace(H^{-1})=-9.690168e-04
[FW-A] iter= 48  -trace(H^{-1})=-9.532953e-04
[FW-A] iter= 49  -trace(H^{-1})=-9.390453e-04
[FW-A] iter= 50  -trace(H^{-1})=-9.259975e-04
[FW-A] iter= 51  -trace(H^{-1})=-9.140859e-04
[FW-A] iter= 52  -trace(H^{-1})=-9.032061e-04
[FW-A] iter= 53  -trace(H^{-1})=-8.931108e-04
[FW-A] iter= 54  -trace(H^{-1})=-8.838114e-04
[FW-A] iter= 55  -trace(H^{-1})=-8.752205e-04
[FW-A] iter= 56  -trace(H^{-1})=-8.672615e-04
[FW-A] iter= 57  -trace(H^{-1})=-8.598266e-04
[FW-A] iter= 58  -trace(H^{-1})=-8.529120e-04
[FW-A] iter= 59  -trace(H^{-1})=-8.464867e-04
[FW-A] iter= 60  -trace(H^{-1})=-8.404268e-04
[FW-A] iter= 61  -trace(H^{-1})=-8.347603e-04
[FW-A] iter= 62  -trace(H^{-1})=-8.294522e-04
[FW-A] iter= 63  -trace(H^{-1})=-8.244675e-04
[FW-A] iter= 64  -trace(H^{-1})=-8.197527e-04
[FW-A] iter= 65  -trace(H^{-1})=-8.153169e-04
[FW-A] iter= 66  -trace(H^{-1})=-8.111489e-04
[FW-A] iter= 67  -trace(H^{-1})=-8.071754e-04
[FW-A] iter= 68  -trace(H^{-1})=-8.034234e-04
[FW-A] iter= 69  -trace(H^{-1})=-7.998728e-04
[FW-A] iter= 70  -trace(H^{-1})=-7.965017e-04
[FW-A] iter= 71  -trace(H^{-1})=-7.933211e-04
[FW-A] iter= 72  -trace(H^{-1})=-7.902663e-04
[FW-A] iter= 73  -trace(H^{-1})=-7.873666e-04
[FW-A] iter= 74  -trace(H^{-1})=-7.846114e-04
[FW-A] iter= 75  -trace(H^{-1})=-7.819909e-04
[FW-A] Converged at iter 75  -trace(H^{-1})=-7.819909e-04  gap=9.73e-05
  [fw-a] min_eig=2.1464e+03  heldout=0.0164  (1.6s)
[FW-D] Building 720 candidate information matrices...
Building FIM:   0%|          | 0/720 [00:00<?, ?candidate/s]Building FIM:  44%|████▍     | 320/720 [00:00<00:00, 2802.94candidate/s]Building FIM: 100%|██████████| 720/720 [00:00<00:00, 3495.30candidate/s]
[FW-D] Done. Starting Frank-Wolfe D-optimal (select_k=20)...
[FW-D] Pre-extracting dense blocks (intr_dim=9, num_poses=720)...
[FW-D] Block extraction done. Starting iterations...
[FW-D] iter=  0  logdet=1.527395e+02
[FW-D] iter=  1  logdet=1.536148e+02
[FW-D] iter=  2  logdet=1.535989e+02
[FW-D] iter=  3  logdet=1.523642e+02
[FW-D] iter=  4  logdet=1.518183e+02
[FW-D] iter=  5  logdet=1.519195e+02
[FW-D] iter=  6  logdet=1.517547e+02
[FW-D] iter=  7  logdet=1.518562e+02
[FW-D] iter=  8  logdet=1.518916e+02
[FW-D] iter=  9  logdet=1.520619e+02
[FW-D] iter= 10  logdet=1.518945e+02
[FW-D] iter= 11  logdet=1.518937e+02
[FW-D] iter= 12  logdet=1.520941e+02
[FW-D] iter= 13  logdet=1.525713e+02
[FW-D] iter= 14  logdet=1.527409e+02
[FW-D] iter= 15  logdet=1.528792e+02
[FW-D] iter= 16  logdet=1.528520e+02
[FW-D] iter= 17  logdet=1.527930e+02
[FW-D] iter= 18  logdet=1.527638e+02
[FW-D] iter= 19  logdet=1.529745e+02
[FW-D] iter= 20  logdet=1.530000e+02
[FW-D] iter= 21  logdet=1.530863e+02
[FW-D] iter= 22  logdet=1.530845e+02
[FW-D] iter= 23  logdet=1.530475e+02
[FW-D] iter= 24  logdet=1.529574e+02
[FW-D] iter= 25  logdet=1.528680e+02
[FW-D] iter= 26  logdet=1.528970e+02
[FW-D] iter= 27  logdet=1.528175e+02
[FW-D] iter= 28  logdet=1.528234e+02
[FW-D] iter= 29  logdet=1.527560e+02
[FW-D] iter= 30  logdet=1.526936e+02
[FW-D] iter= 31  logdet=1.526230e+02
[FW-D] iter= 32  logdet=1.526159e+02
[FW-D] iter= 33  logdet=1.526573e+02
[FW-D] iter= 34  logdet=1.525567e+02
[FW-D] iter= 35  logdet=1.523620e+02
[FW-D] iter= 36  logdet=1.522114e+02
[FW-D] iter= 37  logdet=1.525780e+02
[FW-D] iter= 38  logdet=1.528755e+02
[FW-D] iter= 39  logdet=1.531228e+02
[FW-D] iter= 40  logdet=1.533328e+02
[FW-D] iter= 41  logdet=1.535142e+02
[FW-D] iter= 42  logdet=1.536733e+02
[FW-D] iter= 43  logdet=1.538164e+02
[FW-D] iter= 44  logdet=1.539459e+02
[FW-D] iter= 45  logdet=1.540642e+02
[FW-D] iter= 46  logdet=1.541733e+02
[FW-D] iter= 47  logdet=1.542739e+02
[FW-D] iter= 48  logdet=1.543671e+02
[FW-D] iter= 49  logdet=1.544537e+02
[FW-D] iter= 50  logdet=1.545341e+02
[FW-D] iter= 51  logdet=1.546091e+02
[FW-D] iter= 52  logdet=1.546793e+02
[FW-D] iter= 53  logdet=1.547449e+02
[FW-D] iter= 54  logdet=1.548063e+02
[FW-D] iter= 55  logdet=1.548641e+02
[FW-D] iter= 56  logdet=1.549183e+02
[FW-D] iter= 57  logdet=1.549694e+02
[FW-D] iter= 58  logdet=1.550176e+02
[FW-D] iter= 59  logdet=1.550630e+02
[FW-D] iter= 60  logdet=1.551060e+02
[FW-D] iter= 61  logdet=1.551466e+02
[FW-D] iter= 62  logdet=1.551852e+02
[FW-D] iter= 63  logdet=1.552217e+02
[FW-D] iter= 64  logdet=1.552564e+02
[FW-D] iter= 65  logdet=1.552894e+02
[FW-D] iter= 66  logdet=1.553207e+02
[FW-D] iter= 67  logdet=1.553505e+02
[FW-D] iter= 68  logdet=1.553789e+02
[FW-D] iter= 69  logdet=1.554061e+02
[FW-D] iter= 70  logdet=1.554320e+02
[FW-D] iter= 71  logdet=1.554567e+02
[FW-D] iter= 72  logdet=1.554803e+02
[FW-D] iter= 73  logdet=1.555029e+02
[FW-D] iter= 74  logdet=1.555246e+02
[FW-D] iter= 75  logdet=1.555453e+02
[FW-D] iter= 76  logdet=1.555651e+02
[FW-D] iter= 77  logdet=1.555842e+02
[FW-D] iter= 78  logdet=1.556025e+02
[FW-D] iter= 79  logdet=1.556200e+02
[FW-D] iter= 80  logdet=1.556369e+02
[FW-D] iter= 81  logdet=1.556531e+02
[FW-D] iter= 82  logdet=1.556688e+02
[FW-D] iter= 83  logdet=1.556837e+02
[FW-D] iter= 84  logdet=1.556982e+02
[FW-D] iter= 85  logdet=1.557121e+02
[FW-D] iter= 86  logdet=1.557256e+02
[FW-D] iter= 87  logdet=1.557385e+02
[FW-D] iter= 88  logdet=1.557510e+02
[FW-D] iter= 89  logdet=1.557631e+02
[FW-D] iter= 90  logdet=1.557747e+02
[FW-D] iter= 91  logdet=1.557859e+02
[FW-D] iter= 92  logdet=1.557968e+02
[FW-D] iter= 93  logdet=1.558073e+02
[FW-D] iter= 94  logdet=1.558174e+02
[FW-D] iter= 95  logdet=1.558273e+02
[FW-D] iter= 96  logdet=1.558368e+02
[FW-D] iter= 97  logdet=1.558460e+02
[FW-D] iter= 98  logdet=1.558549e+02
[FW-D] iter= 99  logdet=1.558636e+02
[FW-D] iter=100  logdet=1.558718e+02
[FW-D] iter=101  logdet=1.558800e+02
[FW-D] iter=102  logdet=1.558879e+02
[FW-D] iter=103  logdet=1.558955e+02
[FW-D] iter=104  logdet=1.559030e+02
[FW-D] iter=105  logdet=1.559102e+02
[FW-D] iter=106  logdet=1.559172e+02
[FW-D] iter=107  logdet=1.559239e+02
[FW-D] iter=108  logdet=1.559305e+02
[FW-D] iter=109  logdet=1.559370e+02
[FW-D] iter=110  logdet=1.559432e+02
[FW-D] iter=111  logdet=1.559493e+02
[FW-D] iter=112  logdet=1.559551e+02
[FW-D] iter=113  logdet=1.559609e+02
[FW-D] iter=114  logdet=1.559665e+02
[FW-D] iter=115  logdet=1.559719e+02
[FW-D] iter=116  logdet=1.559772e+02
[FW-D] iter=117  logdet=1.559824e+02
[FW-D] iter=118  logdet=1.559874e+02
[FW-D] iter=119  logdet=1.559923e+02
[FW-D] iter=120  logdet=1.559970e+02
[FW-D] iter=121  logdet=1.560017e+02
[FW-D] iter=122  logdet=1.560062e+02
[FW-D] iter=123  logdet=1.560107e+02
[FW-D] iter=124  logdet=1.560150e+02
[FW-D] iter=125  logdet=1.560192e+02
[FW-D] iter=126  logdet=1.560233e+02
[FW-D] iter=127  logdet=1.560273e+02
[FW-D] iter=128  logdet=1.560312e+02
[FW-D] iter=129  logdet=1.560350e+02
[FW-D] iter=130  logdet=1.560388e+02
[FW-D] iter=131  logdet=1.560424e+02
[FW-D] iter=132  logdet=1.560460e+02
[FW-D] iter=133  logdet=1.560494e+02
[FW-D] iter=134  logdet=1.560528e+02
[FW-D] iter=135  logdet=1.560562e+02
[FW-D] iter=136  logdet=1.560594e+02
[FW-D] iter=137  logdet=1.560626e+02
[FW-D] iter=138  logdet=1.560657e+02
[FW-D] iter=139  logdet=1.560688e+02
[FW-D] iter=140  logdet=1.560717e+02
[FW-D] iter=141  logdet=1.560746e+02
[FW-D] iter=142  logdet=1.560775e+02
[FW-D] iter=143  logdet=1.560803e+02
[FW-D] iter=144  logdet=1.560830e+02
[FW-D] iter=145  logdet=1.560857e+02
[FW-D] iter=146  logdet=1.560883e+02
[FW-D] iter=147  logdet=1.560909e+02
[FW-D] iter=148  logdet=1.560934e+02
[FW-D] iter=149  logdet=1.560958e+02
[FW-D] iter=150  logdet=1.560983e+02
[FW-D] iter=151  logdet=1.561006e+02
[FW-D] iter=152  logdet=1.561029e+02
[FW-D] iter=153  logdet=1.561052e+02
[FW-D] iter=154  logdet=1.561074e+02
[FW-D] iter=155  logdet=1.561096e+02
[FW-D] iter=156  logdet=1.561118e+02
[FW-D] iter=157  logdet=1.561139e+02
[FW-D] iter=158  logdet=1.561159e+02
[FW-D] iter=159  logdet=1.561179e+02
[FW-D] iter=160  logdet=1.561199e+02
[FW-D] iter=161  logdet=1.561219e+02
[FW-D] iter=162  logdet=1.561238e+02
[FW-D] iter=163  logdet=1.561256e+02
[FW-D] iter=164  logdet=1.561275e+02
[FW-D] iter=165  logdet=1.561293e+02
[FW-D] iter=166  logdet=1.561310e+02
[FW-D] iter=167  logdet=1.561328e+02
[FW-D] iter=168  logdet=1.561345e+02
[FW-D] iter=169  logdet=1.561362e+02
[FW-D] iter=170  logdet=1.561378e+02
[FW-D] iter=171  logdet=1.561394e+02
[FW-D] iter=172  logdet=1.561410e+02
[FW-D] iter=173  logdet=1.561426e+02
[FW-D] iter=174  logdet=1.561441e+02
[FW-D] iter=175  logdet=1.561456e+02
[FW-D] iter=176  logdet=1.561471e+02
[FW-D] iter=177  logdet=1.561486e+02
[FW-D] iter=178  logdet=1.561500e+02
[FW-D] iter=179  logdet=1.561514e+02
[FW-D] iter=180  logdet=1.561528e+02
[FW-D] iter=181  logdet=1.561542e+02
[FW-D] iter=182  logdet=1.561555e+02
[FW-D] iter=183  logdet=1.561568e+02
[FW-D] iter=184  logdet=1.561581e+02
[FW-D] iter=185  logdet=1.561594e+02
[FW-D] iter=186  logdet=1.561607e+02
[FW-D] iter=187  logdet=1.561619e+02
[FW-D] iter=188  logdet=1.561631e+02
[FW-D] iter=189  logdet=1.561643e+02
[FW-D] iter=190  logdet=1.561655e+02
[FW-D] iter=191  logdet=1.561666e+02
[FW-D] iter=192  logdet=1.561678e+02
[FW-D] iter=193  logdet=1.561689e+02
[FW-D] iter=194  logdet=1.561700e+02
[FW-D] iter=195  logdet=1.561711e+02
[FW-D] iter=196  logdet=1.561722e+02
[FW-D] iter=197  logdet=1.561732e+02
[FW-D] iter=198  logdet=1.561742e+02
[FW-D] iter=199  logdet=1.561753e+02
[FW-D] iter=200  logdet=1.561763e+02
[FW-D] iter=201  logdet=1.561773e+02
[FW-D] iter=202  logdet=1.561782e+02
[FW-D] iter=203  logdet=1.561792e+02
[FW-D] iter=204  logdet=1.561802e+02
[FW-D] iter=205  logdet=1.561811e+02
[FW-D] iter=206  logdet=1.561820e+02
[FW-D] iter=207  logdet=1.561829e+02
[FW-D] iter=208  logdet=1.561838e+02
[FW-D] iter=209  logdet=1.561847e+02
[FW-D] iter=210  logdet=1.561856e+02
[FW-D] iter=211  logdet=1.561864e+02
[FW-D] iter=212  logdet=1.561873e+02
[FW-D] iter=213  logdet=1.561881e+02
[FW-D] iter=214  logdet=1.561889e+02
[FW-D] iter=215  logdet=1.561897e+02
[FW-D] iter=216  logdet=1.561905e+02
[FW-D] iter=217  logdet=1.561913e+02
[FW-D] iter=218  logdet=1.561921e+02
[FW-D] iter=219  logdet=1.561929e+02
[FW-D] iter=220  logdet=1.561936e+02
[FW-D] iter=221  logdet=1.561944e+02
[FW-D] iter=222  logdet=1.561951e+02
[FW-D] iter=223  logdet=1.561958e+02
[FW-D] iter=224  logdet=1.561965e+02
[FW-D] iter=225  logdet=1.561972e+02
[FW-D] iter=226  logdet=1.561979e+02
[FW-D] iter=227  logdet=1.561986e+02
[FW-D] iter=228  logdet=1.561993e+02
[FW-D] iter=229  logdet=1.562000e+02
[FW-D] iter=230  logdet=1.562006e+02
[FW-D] iter=231  logdet=1.562013e+02
[FW-D] iter=232  logdet=1.562019e+02
[FW-D] iter=233  logdet=1.562026e+02
[FW-D] iter=234  logdet=1.562032e+02
[FW-D] iter=235  logdet=1.562038e+02
[FW-D] iter=236  logdet=1.562044e+02
[FW-D] iter=237  logdet=1.562050e+02
[FW-D] iter=238  logdet=1.562056e+02
[FW-D] iter=239  logdet=1.562062e+02
[FW-D] iter=240  logdet=1.562068e+02
[FW-D] iter=241  logdet=1.562074e+02
[FW-D] iter=242  logdet=1.562079e+02
[FW-D] iter=243  logdet=1.562085e+02
[FW-D] iter=244  logdet=1.562090e+02
[FW-D] iter=245  logdet=1.562096e+02
[FW-D] iter=246  logdet=1.562101e+02
[FW-D] iter=247  logdet=1.562106e+02
[FW-D] iter=248  logdet=1.562112e+02
[FW-D] iter=249  logdet=1.562117e+02
[FW-D] iter=250  logdet=1.562122e+02
[FW-D] iter=251  logdet=1.562127e+02
[FW-D] iter=252  logdet=1.562132e+02
[FW-D] iter=253  logdet=1.562137e+02
[FW-D] iter=254  logdet=1.562142e+02
[FW-D] iter=255  logdet=1.562147e+02
[FW-D] iter=256  logdet=1.562152e+02
[FW-D] iter=257  logdet=1.562156e+02
[FW-D] iter=258  logdet=1.562161e+02
[FW-D] iter=259  logdet=1.562166e+02
[FW-D] iter=260  logdet=1.562170e+02
[FW-D] iter=261  logdet=1.562175e+02
[FW-D] iter=262  logdet=1.562179e+02
[FW-D] iter=263  logdet=1.562183e+02
[FW-D] iter=264  logdet=1.562188e+02
[FW-D] iter=265  logdet=1.562192e+02
[FW-D] iter=266  logdet=1.562196e+02
[FW-D] iter=267  logdet=1.562201e+02
[FW-D] iter=268  logdet=1.562205e+02
[FW-D] iter=269  logdet=1.562209e+02
[FW-D] iter=270  logdet=1.562213e+02
[FW-D] iter=271  logdet=1.562217e+02
[FW-D] iter=272  logdet=1.562221e+02
[FW-D] iter=273  logdet=1.562225e+02
[FW-D] iter=274  logdet=1.562229e+02
[FW-D] iter=275  logdet=1.562233e+02
[FW-D] iter=276  logdet=1.562237e+02
[FW-D] iter=277  logdet=1.562240e+02
[FW-D] iter=278  logdet=1.562244e+02
[FW-D] iter=279  logdet=1.562248e+02
[FW-D] iter=280  logdet=1.562251e+02
[FW-D] iter=281  logdet=1.562255e+02
[FW-D] iter=282  logdet=1.562259e+02
[FW-D] iter=283  logdet=1.562262e+02
[FW-D] iter=284  logdet=1.562266e+02
[FW-D] iter=285  logdet=1.562269e+02
[FW-D] iter=286  logdet=1.562272e+02
[FW-D] iter=287  logdet=1.562276e+02
[FW-D] iter=288  logdet=1.562279e+02
[FW-D] iter=289  logdet=1.562282e+02
[FW-D] iter=290  logdet=1.562286e+02
[FW-D] iter=291  logdet=1.562289e+02
[FW-D] iter=292  logdet=1.562292e+02
[FW-D] iter=293  logdet=1.562295e+02
[FW-D] iter=294  logdet=1.562299e+02
[FW-D] iter=295  logdet=1.562302e+02
[FW-D] iter=296  logdet=1.562305e+02
[FW-D] iter=297  logdet=1.562308e+02
[FW-D] iter=298  logdet=1.562311e+02
[FW-D] iter=299  logdet=1.562314e+02
  [fw-d] min_eig=1.8039e+03  heldout=0.0274  (2.4s)

============================================================
K = 30  (held-out = 690 frames)
  [random] 25 trials...
  [coverage] min_eig=1.3057e+03  heldout=0.0369  (0.0s)
  [a-optimal] min_eig=3.0980e+03  heldout=0.0223  (7.8s)
  [d-optimal] min_eig=2.6796e+03  heldout=0.0132  (7.6s)
  [greedy-e] min_eig=3.1069e+03  heldout=0.0160  (7.9s)
[FW] Building 720 candidate information matrices...
Building FIM:   0%|          | 0/720 [00:00<?, ?candidate/s]Building FIM:  98%|█████████▊| 704/720 [00:00<00:00, 4386.71candidate/s]Building FIM: 100%|██████████| 720/720 [00:00<00:00, 4479.41candidate/s]
[FW] Done. Starting Frank-Wolfe optimization (select_k=30)...
[FW] Pre-extracting dense blocks (intr_dim=9, num_poses=720)...
[FW] Block extraction done. Starting iterations...
[FW] iter=  0  min_eig=1.510036e+03
[FW] iter=  1  min_eig=2.370851e-03
[FW] iter=  2  min_eig=8.394650e+02
[FW] iter=  3  min_eig=1.292469e+03
[FW] iter=  4  min_eig=1.184847e+03
[FW] iter=  5  min_eig=1.075783e+03
[FW] iter=  6  min_eig=9.565240e+02
[FW] iter=  7  min_eig=8.870872e+02
[FW] iter=  8  min_eig=8.573650e+02
[FW] iter=  9  min_eig=1.382382e+03
[FW] iter= 10  min_eig=1.415001e+03
[FW] iter= 11  min_eig=1.386180e+03
[FW] iter= 12  min_eig=1.346144e+03
[FW] iter= 13  min_eig=1.399112e+03
[FW] iter= 14  min_eig=1.520671e+03
[FW] iter= 15  min_eig=1.505441e+03
[FW] iter= 16  min_eig=1.458753e+03
[FW] iter= 17  min_eig=1.404400e+03
[FW] iter= 18  min_eig=1.453335e+03
[FW] iter= 19  min_eig=1.529354e+03
[FW] iter= 20  min_eig=1.494980e+03
[FW] iter= 21  min_eig=1.399314e+03
[FW] iter= 22  min_eig=1.449505e+03
[FW] iter= 23  min_eig=1.382618e+03
[FW] iter= 24  min_eig=1.350534e+03
[FW] iter= 25  min_eig=1.572381e+03
[FW] iter= 26  min_eig=1.684814e+03
[FW] iter= 27  min_eig=1.790881e+03
[FW] iter= 28  min_eig=1.888364e+03
[FW] iter= 29  min_eig=1.974727e+03
[FW] iter= 30  min_eig=2.053297e+03
[FW] iter= 31  min_eig=2.123880e+03
[FW] iter= 32  min_eig=2.188160e+03
[FW] iter= 33  min_eig=2.246630e+03
[FW] iter= 34  min_eig=2.299888e+03
[FW] iter= 35  min_eig=2.348663e+03
[FW] iter= 36  min_eig=2.393640e+03
[FW] iter= 37  min_eig=2.434834e+03
[FW] iter= 38  min_eig=2.472907e+03
[FW] iter= 39  min_eig=2.508119e+03
[FW] iter= 40  min_eig=2.540599e+03
[FW] iter= 41  min_eig=2.570809e+03
[FW] iter= 42  min_eig=2.598872e+03
[FW] iter= 43  min_eig=2.625127e+03
[FW] iter= 44  min_eig=2.649682e+03
[FW] iter= 45  min_eig=2.672376e+03
[FW] iter= 46  min_eig=2.693798e+03
[FW] iter= 47  min_eig=2.713762e+03
[FW] iter= 48  min_eig=2.732529e+03
[FW] iter= 49  min_eig=2.750190e+03
[FW] iter= 50  min_eig=2.766919e+03
[FW] iter= 51  min_eig=2.782427e+03
[FW] iter= 52  min_eig=2.797254e+03
[FW] iter= 53  min_eig=2.811112e+03
[FW] iter= 54  min_eig=2.824289e+03
[FW] iter= 55  min_eig=2.836728e+03
[FW] iter= 56  min_eig=2.848648e+03
[FW] iter= 57  min_eig=2.859893e+03
[FW] iter= 58  min_eig=2.870558e+03
[FW] iter= 59  min_eig=2.880554e+03
[FW] iter= 60  min_eig=2.890163e+03
[FW] iter= 61  min_eig=2.899241e+03
[FW] iter= 62  min_eig=2.908037e+03
[FW] iter= 63  min_eig=2.916357e+03
[FW] iter= 64  min_eig=2.924237e+03
[FW] iter= 65  min_eig=2.931751e+03
[FW] iter= 66  min_eig=2.939023e+03
[FW] iter= 67  min_eig=2.945902e+03
[FW] iter= 68  min_eig=2.952528e+03
[FW] iter= 69  min_eig=2.958765e+03
[FW] iter= 70  min_eig=2.964891e+03
[FW] iter= 71  min_eig=2.970698e+03
[FW] iter= 72  min_eig=2.976175e+03
[FW] iter= 73  min_eig=2.981582e+03
[FW] iter= 74  min_eig=2.986711e+03
[FW] iter= 75  min_eig=2.991547e+03
[FW] iter= 76  min_eig=2.996342e+03
[FW] iter= 77  min_eig=3.000896e+03
[FW] iter= 78  min_eig=3.005251e+03
[FW] iter= 79  min_eig=3.009466e+03
[FW] iter= 80  min_eig=3.013461e+03
[FW] iter= 81  min_eig=3.017410e+03
[FW] iter= 82  min_eig=3.021177e+03
[FW] iter= 83  min_eig=3.024745e+03
[FW] iter= 84  min_eig=3.028291e+03
[FW] iter= 85  min_eig=3.031673e+03
[FW] iter= 86  min_eig=3.034872e+03
[FW] iter= 87  min_eig=3.038067e+03
[FW] iter= 88  min_eig=3.041117e+03
[FW] iter= 89  min_eig=3.044048e+03
[FW] iter= 90  min_eig=3.046893e+03
[FW] iter= 91  min_eig=3.049604e+03
[FW] iter= 92  min_eig=3.052297e+03
[FW] iter= 93  min_eig=3.054882e+03
[FW] iter= 94  min_eig=3.057365e+03
[FW] iter= 95  min_eig=3.059759e+03
[FW] iter= 96  min_eig=3.062123e+03
[FW] iter= 97  min_eig=3.064402e+03
[FW] iter= 98  min_eig=3.066610e+03
[FW] iter= 99  min_eig=3.068699e+03
[FW] iter=100  min_eig=3.070806e+03
[FW] iter=101  min_eig=3.072823e+03
[FW] iter=102  min_eig=3.074769e+03
[FW] iter=103  min_eig=3.076666e+03
[FW] iter=104  min_eig=3.078476e+03
[FW] iter=105  min_eig=3.080290e+03
[FW] iter=106  min_eig=3.082036e+03
[FW] iter=107  min_eig=3.083734e+03
[FW] iter=108  min_eig=3.085387e+03
[FW] iter=109  min_eig=3.086991e+03
[FW] iter=110  min_eig=3.088511e+03
[FW] iter=111  min_eig=3.090051e+03
[FW] iter=112  min_eig=3.091531e+03
[FW] iter=113  min_eig=3.092960e+03
[FW] iter=114  min_eig=3.094357e+03
[FW] iter=115  min_eig=3.095693e+03
[FW] iter=116  min_eig=3.097038e+03
[FW] iter=117  min_eig=3.098338e+03
[FW] iter=118  min_eig=3.099605e+03
[FW] iter=119  min_eig=3.100840e+03
[FW] iter=120  min_eig=3.102042e+03
[FW] iter=121  min_eig=3.103208e+03
[FW] iter=122  min_eig=3.104350e+03
[FW] iter=123  min_eig=3.105459e+03
[FW] iter=124  min_eig=3.106543e+03
[FW] iter=125  min_eig=3.107583e+03
[FW] iter=126  min_eig=3.108632e+03
[FW] iter=127  min_eig=3.109649e+03
[FW] iter=128  min_eig=3.110641e+03
[FW] iter=129  min_eig=3.111613e+03
[FW] iter=130  min_eig=3.112560e+03
[FW] iter=131  min_eig=3.113487e+03
[FW] iter=132  min_eig=3.114393e+03
[FW] iter=133  min_eig=3.115276e+03
[FW] iter=134  min_eig=3.116134e+03
[FW] iter=135  min_eig=3.116971e+03
[FW] iter=136  min_eig=3.117777e+03
[FW] iter=137  min_eig=3.118593e+03
[FW] iter=138  min_eig=3.119385e+03
[FW] iter=139  min_eig=3.120160e+03
[FW] iter=140  min_eig=3.120921e+03
[FW] iter=141  min_eig=3.121663e+03
[FW] iter=142  min_eig=3.122391e+03
[FW] iter=143  min_eig=3.123103e+03
[FW] iter=144  min_eig=3.123799e+03
[FW] iter=145  min_eig=3.124483e+03
[FW] iter=146  min_eig=3.125153e+03
[FW] iter=147  min_eig=3.125808e+03
[FW] iter=148  min_eig=3.126451e+03
[FW] iter=149  min_eig=3.127080e+03
[FW] iter=150  min_eig=3.127698e+03
[FW] iter=151  min_eig=3.128303e+03
[FW] iter=152  min_eig=3.128894e+03
[FW] iter=153  min_eig=3.129469e+03
[FW] iter=154  min_eig=3.130036e+03
[FW] iter=155  min_eig=3.130597e+03
[FW] iter=156  min_eig=3.131145e+03
[FW] iter=157  min_eig=3.131683e+03
[FW] iter=158  min_eig=3.132211e+03
[FW] iter=159  min_eig=3.132729e+03
[FW] iter=160  min_eig=3.133238e+03
[FW] iter=161  min_eig=3.133737e+03
[FW] iter=162  min_eig=3.134226e+03
[FW] iter=163  min_eig=3.134700e+03
[FW] iter=164  min_eig=3.135166e+03
[FW] iter=165  min_eig=3.135614e+03
[FW] iter=166  min_eig=3.136071e+03
[FW] iter=167  min_eig=3.136519e+03
[FW] iter=168  min_eig=3.136958e+03
[FW] iter=169  min_eig=3.137390e+03
[FW] iter=170  min_eig=3.137814e+03
[FW] iter=171  min_eig=3.138231e+03
[FW] iter=172  min_eig=3.138641e+03
[FW] iter=173  min_eig=3.139042e+03
[FW] iter=174  min_eig=3.139439e+03
[FW] iter=175  min_eig=3.139827e+03
[FW] iter=176  min_eig=3.140208e+03
[FW] iter=177  min_eig=3.140585e+03
[FW] iter=178  min_eig=3.140954e+03
[FW] iter=179  min_eig=3.141317e+03
[FW] iter=180  min_eig=3.141674e+03
[FW] iter=181  min_eig=3.142025e+03
[FW] iter=182  min_eig=3.142371e+03
[FW] iter=183  min_eig=3.142711e+03
[FW] iter=184  min_eig=3.143045e+03
[FW] iter=185  min_eig=3.143374e+03
[FW] iter=186  min_eig=3.143698e+03
[FW] iter=187  min_eig=3.144016e+03
[FW] iter=188  min_eig=3.144330e+03
[FW] iter=189  min_eig=3.144638e+03
[FW] iter=190  min_eig=3.144941e+03
[FW] iter=191  min_eig=3.145241e+03
[FW] iter=192  min_eig=3.145534e+03
[FW] iter=193  min_eig=3.145824e+03
[FW] iter=194  min_eig=3.146109e+03
[FW] iter=195  min_eig=3.146390e+03
[FW] iter=196  min_eig=3.146667e+03
[FW] iter=197  min_eig=3.146939e+03
[FW] iter=198  min_eig=3.147207e+03
[FW] iter=199  min_eig=3.147471e+03
[FW] iter=200  min_eig=3.147731e+03
[FW] iter=201  min_eig=3.147988e+03
[FW] iter=202  min_eig=3.148241e+03
[FW] iter=203  min_eig=3.148489e+03
[FW] iter=204  min_eig=3.148735e+03
[FW] iter=205  min_eig=3.148976e+03
[FW] iter=206  min_eig=3.149214e+03
[FW] iter=207  min_eig=3.149449e+03
[FW] iter=208  min_eig=3.149680e+03
[FW] iter=209  min_eig=3.149904e+03
[FW] iter=210  min_eig=3.150127e+03
[FW] iter=211  min_eig=3.150349e+03
[FW] iter=212  min_eig=3.150569e+03
[FW] iter=213  min_eig=3.150783e+03
[FW] iter=214  min_eig=3.150996e+03
[FW] iter=215  min_eig=3.151205e+03
[FW] iter=216  min_eig=3.151412e+03
[FW] iter=217  min_eig=3.151616e+03
[FW] iter=218  min_eig=3.151816e+03
[FW] iter=219  min_eig=3.152015e+03
[FW] iter=220  min_eig=3.152210e+03
[FW] iter=221  min_eig=3.152403e+03
[FW] iter=222  min_eig=3.152594e+03
[FW] iter=223  min_eig=3.152781e+03
[FW] iter=224  min_eig=3.152966e+03
[FW] iter=225  min_eig=3.153149e+03
[FW] iter=226  min_eig=3.153330e+03
[FW] iter=227  min_eig=3.153508e+03
[FW] iter=228  min_eig=3.153684e+03
[FW] iter=229  min_eig=3.153856e+03
[FW] iter=230  min_eig=3.154028e+03
[FW] iter=231  min_eig=3.154197e+03
[FW] iter=232  min_eig=3.154363e+03
[FW] iter=233  min_eig=3.154528e+03
[FW] iter=234  min_eig=3.154690e+03
[FW] iter=235  min_eig=3.154850e+03
[FW] iter=236  min_eig=3.155009e+03
[FW] iter=237  min_eig=3.155165e+03
[FW] iter=238  min_eig=3.155320e+03
[FW] iter=239  min_eig=3.155472e+03
[FW] iter=240  min_eig=3.155622e+03
[FW] iter=241  min_eig=3.155771e+03
[FW] iter=242  min_eig=3.155918e+03
[FW] iter=243  min_eig=3.156063e+03
[FW] iter=244  min_eig=3.156207e+03
[FW] iter=245  min_eig=3.156347e+03
[FW] iter=246  min_eig=3.156488e+03
[FW] iter=247  min_eig=3.156626e+03
[FW] iter=248  min_eig=3.156762e+03
[FW] iter=249  min_eig=3.156897e+03
[FW] iter=250  min_eig=3.157030e+03
[FW] iter=251  min_eig=3.157161e+03
[FW] iter=252  min_eig=3.157292e+03
[FW] iter=253  min_eig=3.157420e+03
[FW] iter=254  min_eig=3.157547e+03
[FW] iter=255  min_eig=3.157673e+03
[FW] iter=256  min_eig=3.157796e+03
[FW] iter=257  min_eig=3.157919e+03
[FW] iter=258  min_eig=3.158040e+03
[FW] iter=259  min_eig=3.158160e+03
[FW] iter=260  min_eig=3.158279e+03
[FW] iter=261  min_eig=3.158395e+03
[FW] iter=262  min_eig=3.158511e+03
[FW] iter=263  min_eig=3.158626e+03
[FW] iter=264  min_eig=3.158738e+03
[FW] iter=265  min_eig=3.158850e+03
[FW] iter=266  min_eig=3.158961e+03
[FW] iter=267  min_eig=3.159070e+03
[FW] iter=268  min_eig=3.159178e+03
[FW] iter=269  min_eig=3.159285e+03
[FW] iter=270  min_eig=3.159391e+03
[FW] iter=271  min_eig=3.159495e+03
[FW] iter=272  min_eig=3.159599e+03
[FW] iter=273  min_eig=3.159698e+03
[FW] iter=274  min_eig=3.159798e+03
[FW] iter=275  min_eig=3.159899e+03
[FW] iter=276  min_eig=3.159998e+03
[FW] iter=277  min_eig=3.160095e+03
[FW] iter=278  min_eig=3.160193e+03
[FW] iter=279  min_eig=3.160289e+03
[FW] iter=280  min_eig=3.160383e+03
[FW] iter=281  min_eig=3.160477e+03
[FW] iter=282  min_eig=3.160570e+03
[FW] iter=283  min_eig=3.160661e+03
[FW] iter=284  min_eig=3.160753e+03
[FW] iter=285  min_eig=3.160842e+03
[FW] iter=286  min_eig=3.160931e+03
[FW] iter=287  min_eig=3.161020e+03
[FW] iter=288  min_eig=3.161106e+03
[FW] iter=289  min_eig=3.161193e+03
[FW] iter=290  min_eig=3.161278e+03
[FW] iter=291  min_eig=3.161363e+03
[FW] iter=292  min_eig=3.161446e+03
[FW] iter=293  min_eig=3.161529e+03
[FW] iter=294  min_eig=3.161610e+03
[FW] iter=295  min_eig=3.161692e+03
[FW] iter=296  min_eig=3.161772e+03
[FW] iter=297  min_eig=3.161852e+03
[FW] iter=298  min_eig=3.161930e+03
[FW] iter=299  min_eig=3.162008e+03
  [fw-e] min_eig=3.1698e+03  heldout=0.0151  (2.3s)
[FW-A] Building 720 candidate information matrices...
Building FIM:   0%|          | 0/720 [00:00<?, ?candidate/s]Building FIM:  62%|██████▏   | 448/720 [00:00<00:00, 4157.23candidate/s]Building FIM: 100%|██████████| 720/720 [00:00<00:00, 4885.90candidate/s]
[FW-A] Done. Starting Frank-Wolfe A-optimal (select_k=30)...
[FW-A] Pre-extracting dense blocks (intr_dim=9, num_poses=720)...
[FW-A] Block extraction done. Starting iterations...
[FW-A] iter=  0  -trace(H^{-1})=-8.882975e-04
[FW-A] iter=  1  -trace(H^{-1})=-1.579959e-04
[FW-A] iter=  2  -trace(H^{-1})=-1.182964e-03
[FW-A] iter=  3  -trace(H^{-1})=-1.086895e-03
[FW-A] iter=  4  -trace(H^{-1})=-1.079771e-03
[FW-A] iter=  5  -trace(H^{-1})=-1.130936e-03
[FW-A] iter=  6  -trace(H^{-1})=-1.207726e-03
[FW-A] iter=  7  -trace(H^{-1})=-1.321865e-03
[FW-A] iter=  8  -trace(H^{-1})=-1.373567e-03
[FW-A] iter=  9  -trace(H^{-1})=-9.754015e-04
[FW-A] iter= 10  -trace(H^{-1})=-9.299544e-04
[FW-A] iter= 11  -trace(H^{-1})=-9.432032e-04
[FW-A] iter= 12  -trace(H^{-1})=-9.749901e-04
[FW-A] iter= 13  -trace(H^{-1})=-9.676200e-04
[FW-A] iter= 14  -trace(H^{-1})=-9.013902e-04
[FW-A] iter= 15  -trace(H^{-1})=-8.957732e-04
[FW-A] iter= 16  -trace(H^{-1})=-9.228653e-04
[FW-A] iter= 17  -trace(H^{-1})=-9.480131e-04
[FW-A] iter= 18  -trace(H^{-1})=-9.118325e-04
[FW-A] iter= 19  -trace(H^{-1})=-8.709488e-04
[FW-A] iter= 20  -trace(H^{-1})=-8.949794e-04
[FW-A] iter= 21  -trace(H^{-1})=-9.350906e-04
[FW-A] iter= 22  -trace(H^{-1})=-9.024287e-04
[FW-A] iter= 23  -trace(H^{-1})=-9.388684e-04
[FW-A] iter= 24  -trace(H^{-1})=-9.572851e-04
[FW-A] iter= 25  -trace(H^{-1})=-8.635745e-04
[FW-A] iter= 26  -trace(H^{-1})=-8.168228e-04
[FW-A] iter= 27  -trace(H^{-1})=-7.752112e-04
[FW-A] iter= 28  -trace(H^{-1})=-7.420965e-04
[FW-A] iter= 29  -trace(H^{-1})=-7.152388e-04
[FW-A] iter= 30  -trace(H^{-1})=-6.923723e-04
[FW-A] iter= 31  -trace(H^{-1})=-6.733276e-04
[FW-A] iter= 32  -trace(H^{-1})=-6.567708e-04
[FW-A] iter= 33  -trace(H^{-1})=-6.426335e-04
[FW-A] iter= 34  -trace(H^{-1})=-6.301688e-04
[FW-A] iter= 35  -trace(H^{-1})=-6.193285e-04
[FW-A] iter= 36  -trace(H^{-1})=-6.095186e-04
[FW-A] iter= 37  -trace(H^{-1})=-6.007971e-04
[FW-A] iter= 38  -trace(H^{-1})=-5.929815e-04
[FW-A] iter= 39  -trace(H^{-1})=-5.859423e-04
[FW-A] iter= 40  -trace(H^{-1})=-5.795813e-04
[FW-A] iter= 41  -trace(H^{-1})=-5.738338e-04
[FW-A] iter= 42  -trace(H^{-1})=-5.685933e-04
[FW-A] iter= 43  -trace(H^{-1})=-5.637921e-04
[FW-A] iter= 44  -trace(H^{-1})=-5.593778e-04
[FW-A] Converged at iter 44  -trace(H^{-1})=-5.593778e-04  gap=9.41e-05
  [fw-a] min_eig=3.1293e+03  heldout=0.0244  (1.3s)
[FW-D] Building 720 candidate information matrices...
Building FIM:   0%|          | 0/720 [00:00<?, ?candidate/s]Building FIM:  62%|██████▏   | 448/720 [00:00<00:00, 4390.07candidate/s]Building FIM: 100%|██████████| 720/720 [00:00<00:00, 4500.43candidate/s]
[FW-D] Done. Starting Frank-Wolfe D-optimal (select_k=30)...
[FW-D] Pre-extracting dense blocks (intr_dim=9, num_poses=720)...
[FW-D] Block extraction done. Starting iterations...
[FW-D] iter=  0  logdet=1.563887e+02
[FW-D] iter=  1  logdet=1.572493e+02
[FW-D] iter=  2  logdet=1.568635e+02
[FW-D] iter=  3  logdet=1.562009e+02
[FW-D] iter=  4  logdet=1.561177e+02
[FW-D] iter=  5  logdet=1.559911e+02
[FW-D] iter=  6  logdet=1.560400e+02
[FW-D] iter=  7  logdet=1.558284e+02
[FW-D] iter=  8  logdet=1.557238e+02
[FW-D] iter=  9  logdet=1.561395e+02
[FW-D] iter= 10  logdet=1.563909e+02
[FW-D] iter= 11  logdet=1.564227e+02
[FW-D] iter= 12  logdet=1.563223e+02
[FW-D] iter= 13  logdet=1.565086e+02
[FW-D] iter= 14  logdet=1.566278e+02
[FW-D] iter= 15  logdet=1.566409e+02
[FW-D] iter= 16  logdet=1.565495e+02
[FW-D] iter= 17  logdet=1.564072e+02
[FW-D] iter= 18  logdet=1.563772e+02
[FW-D] iter= 19  logdet=1.564044e+02
[FW-D] iter= 20  logdet=1.562683e+02
[FW-D] iter= 21  logdet=1.561842e+02
[FW-D] iter= 22  logdet=1.562644e+02
[FW-D] iter= 23  logdet=1.560492e+02
[FW-D] iter= 24  logdet=1.558214e+02
[FW-D] iter= 25  logdet=1.563080e+02
[FW-D] iter= 26  logdet=1.566706e+02
[FW-D] iter= 27  logdet=1.569581e+02
[FW-D] iter= 28  logdet=1.571994e+02
[FW-D] iter= 29  logdet=1.574072e+02
[FW-D] iter= 30  logdet=1.575883e+02
[FW-D] iter= 31  logdet=1.577475e+02
[FW-D] iter= 32  logdet=1.578885e+02
[FW-D] iter= 33  logdet=1.580142e+02
[FW-D] iter= 34  logdet=1.581270e+02
[FW-D] iter= 35  logdet=1.582287e+02
[FW-D] iter= 36  logdet=1.583208e+02
[FW-D] iter= 37  logdet=1.584045e+02
[FW-D] iter= 38  logdet=1.584809e+02
[FW-D] iter= 39  logdet=1.585509e+02
[FW-D] iter= 40  logdet=1.586151e+02
[FW-D] iter= 41  logdet=1.586742e+02
[FW-D] iter= 42  logdet=1.587288e+02
[FW-D] iter= 43  logdet=1.587792e+02
[FW-D] iter= 44  logdet=1.588258e+02
[FW-D] iter= 45  logdet=1.588694e+02
[FW-D] iter= 46  logdet=1.589099e+02
[FW-D] iter= 47  logdet=1.589476e+02
[FW-D] iter= 48  logdet=1.589828e+02
[FW-D] iter= 49  logdet=1.590157e+02
[FW-D] iter= 50  logdet=1.590466e+02
[FW-D] iter= 51  logdet=1.590757e+02
[FW-D] iter= 52  logdet=1.591029e+02
[FW-D] iter= 53  logdet=1.591286e+02
[FW-D] iter= 54  logdet=1.591528e+02
[FW-D] iter= 55  logdet=1.591756e+02
[FW-D] iter= 56  logdet=1.591971e+02
[FW-D] iter= 57  logdet=1.592175e+02
[FW-D] iter= 58  logdet=1.592367e+02
[FW-D] iter= 59  logdet=1.592550e+02
[FW-D] iter= 60  logdet=1.592723e+02
[FW-D] iter= 61  logdet=1.592887e+02
[FW-D] iter= 62  logdet=1.593044e+02
[FW-D] iter= 63  logdet=1.593193e+02
[FW-D] iter= 64  logdet=1.593334e+02
[FW-D] iter= 65  logdet=1.593469e+02
[FW-D] iter= 66  logdet=1.593598e+02
[FW-D] iter= 67  logdet=1.593721e+02
[FW-D] iter= 68  logdet=1.593838e+02
[FW-D] iter= 69  logdet=1.593950e+02
[FW-D] iter= 70  logdet=1.594057e+02
[FW-D] iter= 71  logdet=1.594160e+02
[FW-D] iter= 72  logdet=1.594258e+02
[FW-D] iter= 73  logdet=1.594352e+02
[FW-D] iter= 74  logdet=1.594442e+02
[FW-D] iter= 75  logdet=1.594529e+02
[FW-D] iter= 76  logdet=1.594612e+02
[FW-D] iter= 77  logdet=1.594692e+02
[FW-D] iter= 78  logdet=1.594769e+02
[FW-D] iter= 79  logdet=1.594843e+02
[FW-D] iter= 80  logdet=1.594914e+02
[FW-D] iter= 81  logdet=1.594981e+02
[FW-D] iter= 82  logdet=1.595048e+02
[FW-D] iter= 83  logdet=1.595111e+02
[FW-D] iter= 84  logdet=1.595172e+02
[FW-D] iter= 85  logdet=1.595231e+02
[FW-D] iter= 86  logdet=1.595288e+02
[FW-D] iter= 87  logdet=1.595343e+02
[FW-D] iter= 88  logdet=1.595396e+02
[FW-D] iter= 89  logdet=1.595447e+02
[FW-D] iter= 90  logdet=1.595497e+02
[FW-D] iter= 91  logdet=1.595544e+02
[FW-D] iter= 92  logdet=1.595591e+02
[FW-D] iter= 93  logdet=1.595635e+02
[FW-D] iter= 94  logdet=1.595679e+02
[FW-D] iter= 95  logdet=1.595721e+02
[FW-D] iter= 96  logdet=1.595761e+02
[FW-D] iter= 97  logdet=1.595801e+02
[FW-D] iter= 98  logdet=1.595839e+02
[FW-D] iter= 99  logdet=1.595876e+02
[FW-D] iter=100  logdet=1.595912e+02
[FW-D] iter=101  logdet=1.595947e+02
[FW-D] iter=102  logdet=1.595980e+02
[FW-D] iter=103  logdet=1.596013e+02
[FW-D] iter=104  logdet=1.596045e+02
[FW-D] iter=105  logdet=1.596076e+02
[FW-D] iter=106  logdet=1.596106e+02
[FW-D] iter=107  logdet=1.596135e+02
[FW-D] iter=108  logdet=1.596163e+02
[FW-D] iter=109  logdet=1.596191e+02
[FW-D] iter=110  logdet=1.596218e+02
[FW-D] iter=111  logdet=1.596244e+02
[FW-D] iter=112  logdet=1.596270e+02
[FW-D] iter=113  logdet=1.596294e+02
[FW-D] iter=114  logdet=1.596318e+02
[FW-D] iter=115  logdet=1.596342e+02
[FW-D] iter=116  logdet=1.596365e+02
[FW-D] iter=117  logdet=1.596387e+02
[FW-D] iter=118  logdet=1.596409e+02
[FW-D] iter=119  logdet=1.596430e+02
[FW-D] iter=120  logdet=1.596450e+02
[FW-D] iter=121  logdet=1.596471e+02
[FW-D] iter=122  logdet=1.596490e+02
[FW-D] iter=123  logdet=1.596509e+02
[FW-D] iter=124  logdet=1.596528e+02
[FW-D] iter=125  logdet=1.596546e+02
[FW-D] iter=126  logdet=1.596564e+02
[FW-D] iter=127  logdet=1.596581e+02
[FW-D] iter=128  logdet=1.596598e+02
[FW-D] iter=129  logdet=1.596615e+02
[FW-D] iter=130  logdet=1.596631e+02
[FW-D] iter=131  logdet=1.596647e+02
[FW-D] iter=132  logdet=1.596662e+02
[FW-D] iter=133  logdet=1.596677e+02
[FW-D] iter=134  logdet=1.596692e+02
[FW-D] iter=135  logdet=1.596707e+02
[FW-D] iter=136  logdet=1.596721e+02
[FW-D] iter=137  logdet=1.596735e+02
[FW-D] iter=138  logdet=1.596748e+02
[FW-D] iter=139  logdet=1.596761e+02
[FW-D] iter=140  logdet=1.596774e+02
[FW-D] iter=141  logdet=1.596787e+02
[FW-D] iter=142  logdet=1.596799e+02
[FW-D] iter=143  logdet=1.596811e+02
[FW-D] iter=144  logdet=1.596823e+02
[FW-D] iter=145  logdet=1.596835e+02
[FW-D] iter=146  logdet=1.596846e+02
[FW-D] iter=147  logdet=1.596857e+02
[FW-D] iter=148  logdet=1.596868e+02
[FW-D] iter=149  logdet=1.596879e+02
[FW-D] iter=150  logdet=1.596890e+02
[FW-D] iter=151  logdet=1.596900e+02
[FW-D] iter=152  logdet=1.596910e+02
[FW-D] iter=153  logdet=1.596920e+02
[FW-D] iter=154  logdet=1.596929e+02
[FW-D] iter=155  logdet=1.596939e+02
[FW-D] iter=156  logdet=1.596948e+02
[FW-D] iter=157  logdet=1.596957e+02
[FW-D] iter=158  logdet=1.596966e+02
[FW-D] iter=159  logdet=1.596975e+02
[FW-D] iter=160  logdet=1.596984e+02
[FW-D] iter=161  logdet=1.596992e+02
[FW-D] iter=162  logdet=1.597001e+02
[FW-D] iter=163  logdet=1.597009e+02
[FW-D] iter=164  logdet=1.597017e+02
[FW-D] iter=165  logdet=1.597025e+02
[FW-D] iter=166  logdet=1.597032e+02
[FW-D] iter=167  logdet=1.597040e+02
[FW-D] iter=168  logdet=1.597048e+02
[FW-D] iter=169  logdet=1.597055e+02
[FW-D] iter=170  logdet=1.597062e+02
[FW-D] iter=171  logdet=1.597069e+02
[FW-D] iter=172  logdet=1.597076e+02
[FW-D] iter=173  logdet=1.597083e+02
[FW-D] iter=174  logdet=1.597090e+02
[FW-D] iter=175  logdet=1.597096e+02
[FW-D] iter=176  logdet=1.597103e+02
[FW-D] iter=177  logdet=1.597109e+02
[FW-D] iter=178  logdet=1.597115e+02
[FW-D] iter=179  logdet=1.597121e+02
[FW-D] iter=180  logdet=1.597127e+02
[FW-D] iter=181  logdet=1.597133e+02
[FW-D] iter=182  logdet=1.597139e+02
[FW-D] iter=183  logdet=1.597145e+02
[FW-D] iter=184  logdet=1.597151e+02
[FW-D] iter=185  logdet=1.597156e+02
[FW-D] iter=186  logdet=1.597162e+02
[FW-D] iter=187  logdet=1.597167e+02
[FW-D] iter=188  logdet=1.597173e+02
[FW-D] iter=189  logdet=1.597178e+02
[FW-D] iter=190  logdet=1.597183e+02
[FW-D] iter=191  logdet=1.597188e+02
[FW-D] iter=192  logdet=1.597193e+02
[FW-D] iter=193  logdet=1.597198e+02
[FW-D] iter=194  logdet=1.597203e+02
[FW-D] iter=195  logdet=1.597207e+02
[FW-D] iter=196  logdet=1.597212e+02
[FW-D] iter=197  logdet=1.597217e+02
[FW-D] iter=198  logdet=1.597221e+02
[FW-D] iter=199  logdet=1.597226e+02
[FW-D] iter=200  logdet=1.597230e+02
[FW-D] iter=201  logdet=1.597235e+02
[FW-D] iter=202  logdet=1.597239e+02
[FW-D] iter=203  logdet=1.597243e+02
[FW-D] iter=204  logdet=1.597247e+02
[FW-D] iter=205  logdet=1.597251e+02
[FW-D] iter=206  logdet=1.597255e+02
[FW-D] iter=207  logdet=1.597259e+02
[FW-D] iter=208  logdet=1.597263e+02
[FW-D] iter=209  logdet=1.597267e+02
[FW-D] iter=210  logdet=1.597271e+02
[FW-D] iter=211  logdet=1.597275e+02
[FW-D] iter=212  logdet=1.597278e+02
[FW-D] iter=213  logdet=1.597282e+02
[FW-D] iter=214  logdet=1.597286e+02
[FW-D] iter=215  logdet=1.597289e+02
[FW-D] iter=216  logdet=1.597293e+02
[FW-D] iter=217  logdet=1.597296e+02
[FW-D] iter=218  logdet=1.597299e+02
[FW-D] iter=219  logdet=1.597303e+02
[FW-D] iter=220  logdet=1.597306e+02
[FW-D] iter=221  logdet=1.597309e+02
[FW-D] iter=222  logdet=1.597313e+02
[FW-D] iter=223  logdet=1.597316e+02
[FW-D] iter=224  logdet=1.597319e+02
[FW-D] iter=225  logdet=1.597322e+02
[FW-D] iter=226  logdet=1.597325e+02
[FW-D] iter=227  logdet=1.597328e+02
[FW-D] iter=228  logdet=1.597331e+02
[FW-D] iter=229  logdet=1.597334e+02
[FW-D] iter=230  logdet=1.597337e+02
[FW-D] iter=231  logdet=1.597340e+02
[FW-D] iter=232  logdet=1.597343e+02
[FW-D] iter=233  logdet=1.597345e+02
[FW-D] iter=234  logdet=1.597348e+02
[FW-D] iter=235  logdet=1.597351e+02
[FW-D] iter=236  logdet=1.597353e+02
[FW-D] iter=237  logdet=1.597356e+02
[FW-D] iter=238  logdet=1.597359e+02
[FW-D] iter=239  logdet=1.597361e+02
[FW-D] iter=240  logdet=1.597364e+02
[FW-D] iter=241  logdet=1.597366e+02
[FW-D] iter=242  logdet=1.597369e+02
[FW-D] iter=243  logdet=1.597371e+02
[FW-D] iter=244  logdet=1.597374e+02
[FW-D] iter=245  logdet=1.597376e+02
[FW-D] iter=246  logdet=1.597379e+02
[FW-D] iter=247  logdet=1.597381e+02
[FW-D] iter=248  logdet=1.597383e+02
[FW-D] iter=249  logdet=1.597385e+02
[FW-D] iter=250  logdet=1.597388e+02
[FW-D] iter=251  logdet=1.597390e+02
[FW-D] iter=252  logdet=1.597392e+02
[FW-D] iter=253  logdet=1.597394e+02
[FW-D] iter=254  logdet=1.597396e+02
[FW-D] iter=255  logdet=1.597399e+02
[FW-D] iter=256  logdet=1.597401e+02
[FW-D] iter=257  logdet=1.597403e+02
[FW-D] iter=258  logdet=1.597405e+02
[FW-D] iter=259  logdet=1.597407e+02
[FW-D] iter=260  logdet=1.597409e+02
[FW-D] iter=261  logdet=1.597411e+02
[FW-D] iter=262  logdet=1.597413e+02
[FW-D] iter=263  logdet=1.597415e+02
[FW-D] iter=264  logdet=1.597417e+02
[FW-D] iter=265  logdet=1.597418e+02
[FW-D] iter=266  logdet=1.597420e+02
[FW-D] iter=267  logdet=1.597422e+02
[FW-D] iter=268  logdet=1.597424e+02
[FW-D] iter=269  logdet=1.597426e+02
[FW-D] iter=270  logdet=1.597428e+02
[FW-D] iter=271  logdet=1.597429e+02
[FW-D] iter=272  logdet=1.597431e+02
[FW-D] iter=273  logdet=1.597433e+02
[FW-D] iter=274  logdet=1.597435e+02
[FW-D] iter=275  logdet=1.597436e+02
[FW-D] iter=276  logdet=1.597438e+02
[FW-D] iter=277  logdet=1.597440e+02
[FW-D] iter=278  logdet=1.597441e+02
[FW-D] iter=279  logdet=1.597443e+02
[FW-D] iter=280  logdet=1.597444e+02
[FW-D] iter=281  logdet=1.597446e+02
[FW-D] iter=282  logdet=1.597448e+02
[FW-D] iter=283  logdet=1.597449e+02
[FW-D] iter=284  logdet=1.597451e+02
[FW-D] iter=285  logdet=1.597452e+02
[FW-D] iter=286  logdet=1.597454e+02
[FW-D] iter=287  logdet=1.597455e+02
[FW-D] iter=288  logdet=1.597457e+02
[FW-D] iter=289  logdet=1.597458e+02
[FW-D] iter=290  logdet=1.597460e+02
[FW-D] iter=291  logdet=1.597461e+02
[FW-D] iter=292  logdet=1.597462e+02
[FW-D] iter=293  logdet=1.597464e+02
[FW-D] iter=294  logdet=1.597465e+02
[FW-D] iter=295  logdet=1.597467e+02
[FW-D] iter=296  logdet=1.597468e+02
[FW-D] iter=297  logdet=1.597469e+02
[FW-D] iter=298  logdet=1.597471e+02
[FW-D] iter=299  logdet=1.597472e+02
  [fw-d] min_eig=2.6874e+03  heldout=0.0131  (2.5s)

============================================================
K = 40  (held-out = 680 frames)
  [random] 25 trials...
  [coverage] min_eig=2.1030e+03  heldout=0.0324  (0.0s)
  [a-optimal] min_eig=4.0198e+03  heldout=0.0283  (12.3s)
  [d-optimal] min_eig=3.5167e+03  heldout=0.0132  (11.9s)
  [greedy-e] min_eig=4.0729e+03  heldout=0.0181  (12.0s)
[FW] Building 720 candidate information matrices...
Building FIM:   0%|          | 0/720 [00:00<?, ?candidate/s]Building FIM:  44%|████▍     | 320/720 [00:00<00:00, 2438.70candidate/s]Building FIM: 100%|██████████| 720/720 [00:00<00:00, 3422.49candidate/s]
[FW] Done. Starting Frank-Wolfe optimization (select_k=40)...
[FW] Pre-extracting dense blocks (intr_dim=9, num_poses=720)...
[FW] Block extraction done. Starting iterations...
[FW] iter=  0  min_eig=2.013381e+03
[FW] iter=  1  min_eig=2.316033e-03
[FW] iter=  2  min_eig=1.279493e+03
[FW] iter=  3  min_eig=1.739143e+03
[FW] iter=  4  min_eig=1.675722e+03
[FW] iter=  5  min_eig=1.437154e+03
[FW] iter=  6  min_eig=1.277621e+03
[FW] iter=  7  min_eig=1.829875e+03
[FW] iter=  8  min_eig=1.913200e+03
[FW] iter=  9  min_eig=1.808822e+03
[FW] iter= 10  min_eig=1.773033e+03
[FW] iter= 11  min_eig=1.939209e+03
[FW] iter= 12  min_eig=1.863181e+03
[FW] iter= 13  min_eig=1.830895e+03
[FW] iter= 14  min_eig=1.935901e+03
[FW] iter= 15  min_eig=1.935291e+03
[FW] iter= 16  min_eig=1.838889e+03
[FW] iter= 17  min_eig=1.844623e+03
[FW] iter= 18  min_eig=1.758120e+03
[FW] iter= 19  min_eig=2.095598e+03
[FW] iter= 20  min_eig=2.249820e+03
[FW] iter= 21  min_eig=2.433280e+03
[FW] iter= 22  min_eig=2.579502e+03
[FW] iter= 23  min_eig=2.709855e+03
[FW] iter= 24  min_eig=2.823221e+03
[FW] iter= 25  min_eig=2.921780e+03
[FW] iter= 26  min_eig=3.012343e+03
[FW] iter= 27  min_eig=3.093147e+03
[FW] iter= 28  min_eig=3.165445e+03
[FW] iter= 29  min_eig=3.230468e+03
[FW] iter= 30  min_eig=3.288554e+03
[FW] iter= 31  min_eig=3.341846e+03
[FW] iter= 32  min_eig=3.390160e+03
[FW] iter= 33  min_eig=3.434136e+03
[FW] iter= 34  min_eig=3.474317e+03
[FW] iter= 35  min_eig=3.510475e+03
[FW] iter= 36  min_eig=3.544507e+03
[FW] iter= 37  min_eig=3.575759e+03
[FW] iter= 38  min_eig=3.604533e+03
[FW] iter= 39  min_eig=3.631082e+03
[FW] iter= 40  min_eig=3.655668e+03
[FW] iter= 41  min_eig=3.678578e+03
[FW] iter= 42  min_eig=3.699838e+03
[FW] iter= 43  min_eig=3.719402e+03
[FW] iter= 44  min_eig=3.737998e+03
[FW] iter= 45  min_eig=3.755346e+03
[FW] iter= 46  min_eig=3.771529e+03
[FW] iter= 47  min_eig=3.786670e+03
[FW] iter= 48  min_eig=3.800896e+03
[FW] iter= 49  min_eig=3.814098e+03
[FW] iter= 50  min_eig=3.826770e+03
[FW] iter= 51  min_eig=3.838660e+03
[FW] iter= 52  min_eig=3.849856e+03
[FW] iter= 53  min_eig=3.860370e+03
[FW] iter= 54  min_eig=3.870385e+03
[FW] iter= 55  min_eig=3.879823e+03
[FW] iter= 56  min_eig=3.888776e+03
[FW] iter= 57  min_eig=3.897122e+03
[FW] iter= 58  min_eig=3.905245e+03
[FW] iter= 59  min_eig=3.912923e+03
[FW] iter= 60  min_eig=3.920209e+03
[FW] iter= 61  min_eig=3.927111e+03
[FW] iter= 62  min_eig=3.933716e+03
[FW] iter= 63  min_eig=3.939993e+03
[FW] iter= 64  min_eig=3.945884e+03
[FW] iter= 65  min_eig=3.951651e+03
[FW] iter= 66  min_eig=3.957139e+03
[FW] iter= 67  min_eig=3.962365e+03
[FW] iter= 68  min_eig=3.967352e+03
[FW] iter= 69  min_eig=3.972120e+03
[FW] iter= 70  min_eig=3.976712e+03
[FW] iter= 71  min_eig=3.981097e+03
[FW] iter= 72  min_eig=3.985295e+03
[FW] iter= 73  min_eig=3.989340e+03
[FW] iter= 74  min_eig=3.993195e+03
[FW] iter= 75  min_eig=3.996930e+03
[FW] iter= 76  min_eig=4.000503e+03
[FW] iter= 77  min_eig=4.003939e+03
[FW] iter= 78  min_eig=4.007208e+03
[FW] iter= 79  min_eig=4.010414e+03
[FW] iter= 80  min_eig=4.013488e+03
[FW] iter= 81  min_eig=4.016429e+03
[FW] iter= 82  min_eig=4.019286e+03
[FW] iter= 83  min_eig=4.022027e+03
[FW] iter= 84  min_eig=4.024655e+03
[FW] iter= 85  min_eig=4.027223e+03
[FW] iter= 86  min_eig=4.029692e+03
[FW] iter= 87  min_eig=4.032065e+03
[FW] iter= 88  min_eig=4.034376e+03
[FW] iter= 89  min_eig=4.036596e+03
[FW] iter= 90  min_eig=4.038742e+03
[FW] iter= 91  min_eig=4.040833e+03
[FW] iter= 92  min_eig=4.042849e+03
[FW] iter= 93  min_eig=4.044795e+03
[FW] iter= 94  min_eig=4.046691e+03
[FW] iter= 95  min_eig=4.048509e+03
[FW] iter= 96  min_eig=4.050291e+03
[FW] iter= 97  min_eig=4.052007e+03
[FW] iter= 98  min_eig=4.053676e+03
[FW] iter= 99  min_eig=4.055288e+03
[FW] iter=100  min_eig=4.056861e+03
[FW] iter=101  min_eig=4.058379e+03
[FW] iter=102  min_eig=4.059863e+03
[FW] iter=103  min_eig=4.061298e+03
[FW] iter=104  min_eig=4.062692e+03
[FW] iter=105  min_eig=4.064047e+03
[FW] iter=106  min_eig=4.065364e+03
[FW] iter=107  min_eig=4.066646e+03
[FW] iter=108  min_eig=4.067885e+03
[FW] iter=109  min_eig=4.069103e+03
[FW] iter=110  min_eig=4.070276e+03
[FW] iter=111  min_eig=4.071427e+03
[FW] iter=112  min_eig=4.072543e+03
[FW] iter=113  min_eig=4.073628e+03
[FW] iter=114  min_eig=4.074691e+03
[FW] iter=115  min_eig=4.075719e+03
[FW] iter=116  min_eig=4.076725e+03
[FW] iter=117  min_eig=4.077706e+03
[FW] iter=118  min_eig=4.078660e+03
[FW] iter=119  min_eig=4.079590e+03
[FW] iter=120  min_eig=4.080498e+03
[FW] iter=121  min_eig=4.081381e+03
[FW] iter=122  min_eig=4.082248e+03
[FW] iter=123  min_eig=4.083086e+03
[FW] iter=124  min_eig=4.083915e+03
[FW] iter=125  min_eig=4.084717e+03
[FW] iter=126  min_eig=4.085497e+03
[FW] iter=127  min_eig=4.086267e+03
[FW] iter=128  min_eig=4.087010e+03
[FW] iter=129  min_eig=4.087745e+03
[FW] iter=130  min_eig=4.088456e+03
[FW] iter=131  min_eig=4.089155e+03
[FW] iter=132  min_eig=4.089838e+03
[FW] iter=133  min_eig=4.090504e+03
[FW] iter=134  min_eig=4.091155e+03
[FW] iter=135  min_eig=4.091791e+03
[FW] iter=136  min_eig=4.092419e+03
[FW] iter=137  min_eig=4.093028e+03
[FW] iter=138  min_eig=4.093622e+03
[FW] iter=139  min_eig=4.094209e+03
[FW] iter=140  min_eig=4.094780e+03
[FW] iter=141  min_eig=4.095340e+03
[FW] iter=142  min_eig=4.095885e+03
[FW] iter=143  min_eig=4.096425e+03
[FW] iter=144  min_eig=4.096947e+03
[FW] iter=145  min_eig=4.097462e+03
[FW] iter=146  min_eig=4.097966e+03
[FW] iter=147  min_eig=4.098460e+03
[FW] iter=148  min_eig=4.098943e+03
[FW] iter=149  min_eig=4.099418e+03
[FW] iter=150  min_eig=4.099882e+03
[FW] iter=151  min_eig=4.100337e+03
[FW] iter=152  min_eig=4.100784e+03
[FW] iter=153  min_eig=4.101222e+03
[FW] iter=154  min_eig=4.101650e+03
[FW] iter=155  min_eig=4.102074e+03
[FW] iter=156  min_eig=4.102485e+03
[FW] iter=157  min_eig=4.102891e+03
[FW] iter=158  min_eig=4.103290e+03
[FW] iter=159  min_eig=4.103678e+03
[FW] iter=160  min_eig=4.104063e+03
[FW] iter=161  min_eig=4.104438e+03
[FW] iter=162  min_eig=4.104809e+03
[FW] iter=163  min_eig=4.105169e+03
[FW] iter=164  min_eig=4.105526e+03
[FW] iter=165  min_eig=4.105874e+03
[FW] iter=166  min_eig=4.106216e+03
[FW] iter=167  min_eig=4.106555e+03
[FW] iter=168  min_eig=4.106883e+03
[FW] iter=169  min_eig=4.107209e+03
[FW] iter=170  min_eig=4.107529e+03
[FW] iter=171  min_eig=4.107842e+03
[FW] iter=172  min_eig=4.108150e+03
[FW] iter=173  min_eig=4.108454e+03
[FW] iter=174  min_eig=4.108751e+03
[FW] iter=175  min_eig=4.109043e+03
[FW] iter=176  min_eig=4.109334e+03
[FW] iter=177  min_eig=4.109613e+03
[FW] iter=178  min_eig=4.109894e+03
[FW] iter=179  min_eig=4.110167e+03
[FW] iter=180  min_eig=4.110434e+03
[FW] iter=181  min_eig=4.110699e+03
[FW] iter=182  min_eig=4.110960e+03
[FW] iter=183  min_eig=4.111216e+03
[FW] iter=184  min_eig=4.111466e+03
[FW] iter=185  min_eig=4.111715e+03
[FW] iter=186  min_eig=4.111960e+03
[FW] iter=187  min_eig=4.112198e+03
[FW] iter=188  min_eig=4.112436e+03
[FW] iter=189  min_eig=4.112666e+03
[FW] iter=190  min_eig=4.112896e+03
[FW] iter=191  min_eig=4.113120e+03
[FW] iter=192  min_eig=4.113341e+03
[FW] iter=193  min_eig=4.113561e+03
[FW] iter=194  min_eig=4.113775e+03
[FW] iter=195  min_eig=4.113987e+03
[FW] iter=196  min_eig=4.114193e+03
[FW] iter=197  min_eig=4.114400e+03
[FW] iter=198  min_eig=4.114602e+03
[FW] iter=199  min_eig=4.114801e+03
[FW] iter=200  min_eig=4.114997e+03
[FW] iter=201  min_eig=4.115190e+03
[FW] iter=202  min_eig=4.115381e+03
[FW] iter=203  min_eig=4.115568e+03
[FW] iter=204  min_eig=4.115753e+03
[FW] iter=205  min_eig=4.115935e+03
[FW] iter=206  min_eig=4.116114e+03
[FW] iter=207  min_eig=4.116290e+03
[FW] iter=208  min_eig=4.116465e+03
[FW] iter=209  min_eig=4.116635e+03
[FW] iter=210  min_eig=4.116806e+03
[FW] iter=211  min_eig=4.116973e+03
[FW] iter=212  min_eig=4.117137e+03
[FW] iter=213  min_eig=4.117300e+03
[FW] iter=214  min_eig=4.117459e+03
[FW] iter=215  min_eig=4.117617e+03
[FW] iter=216  min_eig=4.117770e+03
[FW] iter=217  min_eig=4.117927e+03
[FW] iter=218  min_eig=4.118076e+03
[FW] iter=219  min_eig=4.118228e+03
[FW] iter=220  min_eig=4.118374e+03
[FW] iter=221  min_eig=4.118519e+03
[FW] iter=222  min_eig=4.118663e+03
[FW] iter=223  min_eig=4.118804e+03
[FW] iter=224  min_eig=4.118944e+03
[FW] iter=225  min_eig=4.119080e+03
[FW] iter=226  min_eig=4.119217e+03
[FW] iter=227  min_eig=4.119350e+03
[FW] iter=228  min_eig=4.119481e+03
[FW] iter=229  min_eig=4.119614e+03
[FW] iter=230  min_eig=4.119740e+03
[FW] iter=231  min_eig=4.119870e+03
[FW] iter=232  min_eig=4.119995e+03
[FW] iter=233  min_eig=4.120120e+03
[FW] iter=234  min_eig=4.120241e+03
[FW] iter=235  min_eig=4.120362e+03
[FW] iter=236  min_eig=4.120481e+03
[FW] iter=237  min_eig=4.120599e+03
[FW] iter=238  min_eig=4.120715e+03
[FW] iter=239  min_eig=4.120830e+03
[FW] iter=240  min_eig=4.120944e+03
[FW] iter=241  min_eig=4.121055e+03
[FW] iter=242  min_eig=4.121165e+03
[FW] iter=243  min_eig=4.121275e+03
[FW] iter=244  min_eig=4.121384e+03
[FW] iter=245  min_eig=4.121491e+03
[FW] iter=246  min_eig=4.121595e+03
[FW] iter=247  min_eig=4.121700e+03
[FW] iter=248  min_eig=4.121804e+03
[FW] iter=249  min_eig=4.121904e+03
[FW] iter=250  min_eig=4.122005e+03
[FW] iter=251  min_eig=4.122102e+03
[FW] iter=252  min_eig=4.122201e+03
[FW] iter=253  min_eig=4.122298e+03
[FW] iter=254  min_eig=4.122395e+03
[FW] iter=255  min_eig=4.122488e+03
[FW] iter=256  min_eig=4.122581e+03
[FW] iter=257  min_eig=4.122675e+03
[FW] iter=258  min_eig=4.122766e+03
[FW] iter=259  min_eig=4.122856e+03
[FW] iter=260  min_eig=4.122945e+03
[FW] iter=261  min_eig=4.123033e+03
[FW] iter=262  min_eig=4.123120e+03
[FW] iter=263  min_eig=4.123206e+03
[FW] iter=264  min_eig=4.123292e+03
[FW] iter=265  min_eig=4.123376e+03
[FW] iter=266  min_eig=4.123461e+03
[FW] iter=267  min_eig=4.123541e+03
[FW] iter=268  min_eig=4.123623e+03
[FW] iter=269  min_eig=4.123704e+03
[FW] iter=270  min_eig=4.123781e+03
[FW] iter=271  min_eig=4.123864e+03
[FW] iter=272  min_eig=4.123939e+03
[FW] iter=273  min_eig=4.124017e+03
[FW] iter=274  min_eig=4.124093e+03
[FW] iter=275  min_eig=4.124168e+03
[FW] iter=276  min_eig=4.124244e+03
[FW] iter=277  min_eig=4.124317e+03
[FW] iter=278  min_eig=4.124390e+03
[FW] iter=279  min_eig=4.124462e+03
[FW] iter=280  min_eig=4.124534e+03
[FW] iter=281  min_eig=4.124604e+03
[FW] iter=282  min_eig=4.124677e+03
[FW] iter=283  min_eig=4.124745e+03
[FW] iter=284  min_eig=4.124811e+03
[FW] iter=285  min_eig=4.124881e+03
[FW] iter=286  min_eig=4.124946e+03
[FW] iter=287  min_eig=4.125012e+03
[FW] iter=288  min_eig=4.125079e+03
[FW] iter=289  min_eig=4.125144e+03
[FW] iter=290  min_eig=4.125208e+03
[FW] iter=291  min_eig=4.125271e+03
[FW] iter=292  min_eig=4.125336e+03
[FW] iter=293  min_eig=4.125398e+03
[FW] iter=294  min_eig=4.125460e+03
[FW] iter=295  min_eig=4.125520e+03
[FW] iter=296  min_eig=4.125581e+03
[FW] iter=297  min_eig=4.125640e+03
[FW] iter=298  min_eig=4.125699e+03
[FW] iter=299  min_eig=4.125759e+03
  [fw-e] min_eig=4.1223e+03  heldout=0.0172  (2.3s)
[FW-A] Building 720 candidate information matrices...
Building FIM:   0%|          | 0/720 [00:00<?, ?candidate/s]Building FIM:  62%|██████▏   | 448/720 [00:00<00:00, 4061.29candidate/s]Building FIM: 100%|██████████| 720/720 [00:00<00:00, 4444.50candidate/s]
[FW-A] Done. Starting Frank-Wolfe A-optimal (select_k=40)...
[FW-A] Pre-extracting dense blocks (intr_dim=9, num_poses=720)...
[FW-A] Block extraction done. Starting iterations...
[FW-A] iter=  0  -trace(H^{-1})=-6.662234e-04
[FW-A] iter=  1  -trace(H^{-1})=-1.140795e-04
[FW-A] iter=  2  -trace(H^{-1})=-8.537411e-04
[FW-A] iter=  3  -trace(H^{-1})=-7.684480e-04
[FW-A] iter=  4  -trace(H^{-1})=-7.262995e-04
[FW-A] iter=  5  -trace(H^{-1})=-8.097337e-04
[FW-A] iter=  6  -trace(H^{-1})=-8.852700e-04
[FW-A] iter=  7  -trace(H^{-1})=-7.271219e-04
[FW-A] iter=  8  -trace(H^{-1})=-7.011940e-04
[FW-A] iter=  9  -trace(H^{-1})=-7.192670e-04
[FW-A] iter= 10  -trace(H^{-1})=-7.427581e-04
[FW-A] iter= 11  -trace(H^{-1})=-6.948829e-04
[FW-A] iter= 12  -trace(H^{-1})=-7.062364e-04
[FW-A] iter= 13  -trace(H^{-1})=-7.253142e-04
[FW-A] iter= 14  -trace(H^{-1})=-6.863072e-04
[FW-A] iter= 15  -trace(H^{-1})=-6.908656e-04
[FW-A] iter= 16  -trace(H^{-1})=-7.106965e-04
[FW-A] iter= 17  -trace(H^{-1})=-6.998866e-04
[FW-A] iter= 18  -trace(H^{-1})=-7.243538e-04
[FW-A] iter= 19  -trace(H^{-1})=-6.557885e-04
[FW-A] iter= 20  -trace(H^{-1})=-6.072102e-04
[FW-A] iter= 21  -trace(H^{-1})=-5.709190e-04
[FW-A] iter= 22  -trace(H^{-1})=-5.435134e-04
[FW-A] iter= 23  -trace(H^{-1})=-5.217517e-04
[FW-A] iter= 24  -trace(H^{-1})=-5.042679e-04
[FW-A] iter= 25  -trace(H^{-1})=-4.898861e-04
[FW-A] iter= 26  -trace(H^{-1})=-4.778670e-04
[FW-A] iter= 27  -trace(H^{-1})=-4.677384e-04
[FW-A] iter= 28  -trace(H^{-1})=-4.589737e-04
[FW-A] iter= 29  -trace(H^{-1})=-4.514080e-04
[FW-A] iter= 30  -trace(H^{-1})=-4.448604e-04
[FW-A] Converged at iter 30  -trace(H^{-1})=-4.448604e-04  gap=9.58e-05
  [fw-a] min_eig=4.0783e+03  heldout=0.0241  (1.4s)
[FW-D] Building 720 candidate information matrices...
Building FIM:   0%|          | 0/720 [00:00<?, ?candidate/s]Building FIM:  62%|██████▏   | 448/720 [00:00<00:00, 4223.39candidate/s]Building FIM: 100%|██████████| 720/720 [00:00<00:00, 4887.53candidate/s]
[FW-D] Done. Starting Frank-Wolfe D-optimal (select_k=40)...
[FW-D] Pre-extracting dense blocks (intr_dim=9, num_poses=720)...
[FW-D] Block extraction done. Starting iterations...
[FW-D] iter=  0  logdet=1.589779e+02
[FW-D] iter=  1  logdet=1.594285e+02
[FW-D] iter=  2  logdet=1.593106e+02
[FW-D] iter=  3  logdet=1.589807e+02
[FW-D] iter=  4  logdet=1.588052e+02
[FW-D] iter=  5  logdet=1.587802e+02
[FW-D] iter=  6  logdet=1.585080e+02
[FW-D] iter=  7  logdet=1.587989e+02
[FW-D] iter=  8  logdet=1.590659e+02
[FW-D] iter=  9  logdet=1.589527e+02
[FW-D] iter= 10  logdet=1.589616e+02
[FW-D] iter= 11  logdet=1.591766e+02
[FW-D] iter= 12  logdet=1.590898e+02
[FW-D] iter= 13  logdet=1.589314e+02
[FW-D] iter= 14  logdet=1.589063e+02
[FW-D] iter= 15  logdet=1.588104e+02
[FW-D] iter= 16  logdet=1.587245e+02
[FW-D] iter= 17  logdet=1.586984e+02
[FW-D] iter= 18  logdet=1.583759e+02
[FW-D] iter= 19  logdet=1.589635e+02
[FW-D] iter= 20  logdet=1.593718e+02
[FW-D] iter= 21  logdet=1.596943e+02
[FW-D] iter= 22  logdet=1.599560e+02
[FW-D] iter= 23  logdet=1.601749e+02
[FW-D] iter= 24  logdet=1.603605e+02
[FW-D] iter= 25  logdet=1.605200e+02
[FW-D] iter= 26  logdet=1.606584e+02
[FW-D] iter= 27  logdet=1.607795e+02
[FW-D] iter= 28  logdet=1.608861e+02
[FW-D] iter= 29  logdet=1.609806e+02
[FW-D] iter= 30  logdet=1.610647e+02
[FW-D] iter= 31  logdet=1.611401e+02
[FW-D] iter= 32  logdet=1.612079e+02
[FW-D] iter= 33  logdet=1.612691e+02
[FW-D] iter= 34  logdet=1.613249e+02
[FW-D] iter= 35  logdet=1.613756e+02
[FW-D] iter= 36  logdet=1.614220e+02
[FW-D] iter= 37  logdet=1.614645e+02
[FW-D] iter= 38  logdet=1.615035e+02
[FW-D] iter= 39  logdet=1.615394e+02
[FW-D] iter= 40  logdet=1.615725e+02
[FW-D] iter= 41  logdet=1.616031e+02
[FW-D] iter= 42  logdet=1.616314e+02
[FW-D] iter= 43  logdet=1.616578e+02
[FW-D] iter= 44  logdet=1.616824e+02
[FW-D] iter= 45  logdet=1.617052e+02
[FW-D] iter= 46  logdet=1.617266e+02
[FW-D] iter= 47  logdet=1.617466e+02
[FW-D] iter= 48  logdet=1.617653e+02
[FW-D] iter= 49  logdet=1.617828e+02
[FW-D] iter= 50  logdet=1.617993e+02
[FW-D] iter= 51  logdet=1.618148e+02
[FW-D] iter= 52  logdet=1.618294e+02
[FW-D] iter= 53  logdet=1.618432e+02
[FW-D] iter= 54  logdet=1.618562e+02
[FW-D] iter= 55  logdet=1.618685e+02
[FW-D] iter= 56  logdet=1.618801e+02
[FW-D] iter= 57  logdet=1.618911e+02
[FW-D] iter= 58  logdet=1.619015e+02
[FW-D] iter= 59  logdet=1.619114e+02
[FW-D] iter= 60  logdet=1.619208e+02
[FW-D] iter= 61  logdet=1.619297e+02
[FW-D] iter= 62  logdet=1.619382e+02
[FW-D] iter= 63  logdet=1.619463e+02
[FW-D] iter= 64  logdet=1.619540e+02
[FW-D] iter= 65  logdet=1.619613e+02
[FW-D] iter= 66  logdet=1.619683e+02
[FW-D] iter= 67  logdet=1.619750e+02
[FW-D] iter= 68  logdet=1.619814e+02
[FW-D] iter= 69  logdet=1.619875e+02
[FW-D] iter= 70  logdet=1.619934e+02
[FW-D] iter= 71  logdet=1.619990e+02
[FW-D] iter= 72  logdet=1.620044e+02
[FW-D] iter= 73  logdet=1.620095e+02
[FW-D] iter= 74  logdet=1.620145e+02
[FW-D] iter= 75  logdet=1.620192e+02
[FW-D] iter= 76  logdet=1.620238e+02
[FW-D] iter= 77  logdet=1.620282e+02
[FW-D] iter= 78  logdet=1.620324e+02
[FW-D] iter= 79  logdet=1.620364e+02
[FW-D] iter= 80  logdet=1.620403e+02
[FW-D] iter= 81  logdet=1.620441e+02
[FW-D] iter= 82  logdet=1.620477e+02
[FW-D] iter= 83  logdet=1.620512e+02
[FW-D] iter= 84  logdet=1.620546e+02
[FW-D] iter= 85  logdet=1.620578e+02
[FW-D] iter= 86  logdet=1.620609e+02
[FW-D] iter= 87  logdet=1.620640e+02
[FW-D] iter= 88  logdet=1.620669e+02
[FW-D] iter= 89  logdet=1.620697e+02
[FW-D] iter= 90  logdet=1.620724e+02
[FW-D] iter= 91  logdet=1.620751e+02
[FW-D] iter= 92  logdet=1.620776e+02
[FW-D] iter= 93  logdet=1.620801e+02
[FW-D] iter= 94  logdet=1.620825e+02
[FW-D] iter= 95  logdet=1.620848e+02
[FW-D] iter= 96  logdet=1.620870e+02
[FW-D] iter= 97  logdet=1.620892e+02
[FW-D] iter= 98  logdet=1.620913e+02
[FW-D] iter= 99  logdet=1.620934e+02
[FW-D] iter=100  logdet=1.620953e+02
[FW-D] iter=101  logdet=1.620973e+02
[FW-D] iter=102  logdet=1.620991e+02
[FW-D] iter=103  logdet=1.621010e+02
[FW-D] iter=104  logdet=1.621027e+02
[FW-D] iter=105  logdet=1.621044e+02
[FW-D] iter=106  logdet=1.621061e+02
[FW-D] iter=107  logdet=1.621077e+02
[FW-D] iter=108  logdet=1.621093e+02
[FW-D] iter=109  logdet=1.621108e+02
[FW-D] iter=110  logdet=1.621123e+02
[FW-D] iter=111  logdet=1.621137e+02
[FW-D] iter=112  logdet=1.621152e+02
[FW-D] iter=113  logdet=1.621165e+02
[FW-D] iter=114  logdet=1.621179e+02
[FW-D] iter=115  logdet=1.621192e+02
[FW-D] iter=116  logdet=1.621204e+02
[FW-D] iter=117  logdet=1.621217e+02
[FW-D] iter=118  logdet=1.621229e+02
[FW-D] iter=119  logdet=1.621240e+02
[FW-D] iter=120  logdet=1.621252e+02
[FW-D] iter=121  logdet=1.621263e+02
[FW-D] iter=122  logdet=1.621274e+02
[FW-D] iter=123  logdet=1.621284e+02
[FW-D] iter=124  logdet=1.621295e+02
[FW-D] iter=125  logdet=1.621305e+02
[FW-D] iter=126  logdet=1.621315e+02
[FW-D] iter=127  logdet=1.621324e+02
[FW-D] iter=128  logdet=1.621334e+02
[FW-D] iter=129  logdet=1.621343e+02
[FW-D] iter=130  logdet=1.621352e+02
[FW-D] iter=131  logdet=1.621361e+02
[FW-D] iter=132  logdet=1.621369e+02
[FW-D] iter=133  logdet=1.621378e+02
[FW-D] iter=134  logdet=1.621386e+02
[FW-D] iter=135  logdet=1.621394e+02
[FW-D] iter=136  logdet=1.621402e+02
[FW-D] iter=137  logdet=1.621409e+02
[FW-D] iter=138  logdet=1.621417e+02
[FW-D] iter=139  logdet=1.621424e+02
[FW-D] iter=140  logdet=1.621431e+02
[FW-D] iter=141  logdet=1.621438e+02
[FW-D] iter=142  logdet=1.621445e+02
[FW-D] iter=143  logdet=1.621452e+02
[FW-D] iter=144  logdet=1.621459e+02
[FW-D] iter=145  logdet=1.621465e+02
[FW-D] iter=146  logdet=1.621472e+02
[FW-D] iter=147  logdet=1.621478e+02
[FW-D] iter=148  logdet=1.621484e+02
[FW-D] iter=149  logdet=1.621490e+02
[FW-D] iter=150  logdet=1.621496e+02
[FW-D] iter=151  logdet=1.621501e+02
[FW-D] iter=152  logdet=1.621507e+02
[FW-D] iter=153  logdet=1.621512e+02
[FW-D] iter=154  logdet=1.621518e+02
[FW-D] iter=155  logdet=1.621523e+02
[FW-D] iter=156  logdet=1.621528e+02
[FW-D] iter=157  logdet=1.621533e+02
[FW-D] iter=158  logdet=1.621538e+02
[FW-D] iter=159  logdet=1.621543e+02
[FW-D] iter=160  logdet=1.621548e+02
[FW-D] iter=161  logdet=1.621553e+02
[FW-D] iter=162  logdet=1.621557e+02
[FW-D] iter=163  logdet=1.621562e+02
[FW-D] iter=164  logdet=1.621566e+02
[FW-D] iter=165  logdet=1.621571e+02
[FW-D] iter=166  logdet=1.621575e+02
[FW-D] iter=167  logdet=1.621579e+02
[FW-D] iter=168  logdet=1.621583e+02
[FW-D] iter=169  logdet=1.621588e+02
[FW-D] iter=170  logdet=1.621592e+02
[FW-D] iter=171  logdet=1.621595e+02
[FW-D] iter=172  logdet=1.621599e+02
[FW-D] iter=173  logdet=1.621603e+02
[FW-D] iter=174  logdet=1.621607e+02
[FW-D] iter=175  logdet=1.621611e+02
[FW-D] iter=176  logdet=1.621614e+02
[FW-D] iter=177  logdet=1.621618e+02
[FW-D] iter=178  logdet=1.621621e+02
[FW-D] iter=179  logdet=1.621625e+02
[FW-D] iter=180  logdet=1.621628e+02
[FW-D] iter=181  logdet=1.621631e+02
[FW-D] iter=182  logdet=1.621635e+02
[FW-D] iter=183  logdet=1.621638e+02
[FW-D] iter=184  logdet=1.621641e+02
[FW-D] iter=185  logdet=1.621644e+02
[FW-D] iter=186  logdet=1.621647e+02
[FW-D] iter=187  logdet=1.621650e+02
[FW-D] iter=188  logdet=1.621653e+02
[FW-D] iter=189  logdet=1.621656e+02
[FW-D] iter=190  logdet=1.621659e+02
[FW-D] iter=191  logdet=1.621662e+02
[FW-D] iter=192  logdet=1.621664e+02
[FW-D] iter=193  logdet=1.621667e+02
[FW-D] iter=194  logdet=1.621670e+02
[FW-D] iter=195  logdet=1.621672e+02
[FW-D] iter=196  logdet=1.621675e+02
[FW-D] iter=197  logdet=1.621678e+02
[FW-D] iter=198  logdet=1.621680e+02
[FW-D] iter=199  logdet=1.621683e+02
[FW-D] iter=200  logdet=1.621685e+02
[FW-D] iter=201  logdet=1.621688e+02
[FW-D] iter=202  logdet=1.621690e+02
[FW-D] iter=203  logdet=1.621692e+02
[FW-D] iter=204  logdet=1.621695e+02
[FW-D] iter=205  logdet=1.621697e+02
[FW-D] iter=206  logdet=1.621699e+02
[FW-D] iter=207  logdet=1.621701e+02
[FW-D] iter=208  logdet=1.621704e+02
[FW-D] iter=209  logdet=1.621706e+02
[FW-D] iter=210  logdet=1.621708e+02
[FW-D] iter=211  logdet=1.621710e+02
[FW-D] iter=212  logdet=1.621712e+02
[FW-D] iter=213  logdet=1.621714e+02
[FW-D] iter=214  logdet=1.621716e+02
[FW-D] iter=215  logdet=1.621718e+02
[FW-D] iter=216  logdet=1.621720e+02
[FW-D] iter=217  logdet=1.621722e+02
[FW-D] iter=218  logdet=1.621724e+02
[FW-D] iter=219  logdet=1.621726e+02
[FW-D] iter=220  logdet=1.621727e+02
[FW-D] iter=221  logdet=1.621729e+02
[FW-D] iter=222  logdet=1.621731e+02
[FW-D] iter=223  logdet=1.621733e+02
[FW-D] iter=224  logdet=1.621735e+02
[FW-D] iter=225  logdet=1.621736e+02
[FW-D] iter=226  logdet=1.621738e+02
[FW-D] iter=227  logdet=1.621740e+02
[FW-D] iter=228  logdet=1.621741e+02
[FW-D] iter=229  logdet=1.621743e+02
[FW-D] iter=230  logdet=1.621745e+02
[FW-D] iter=231  logdet=1.621746e+02
[FW-D] iter=232  logdet=1.621748e+02
[FW-D] iter=233  logdet=1.621749e+02
[FW-D] iter=234  logdet=1.621751e+02
[FW-D] iter=235  logdet=1.621752e+02
[FW-D] iter=236  logdet=1.621754e+02
[FW-D] iter=237  logdet=1.621755e+02
[FW-D] iter=238  logdet=1.621757e+02
[FW-D] iter=239  logdet=1.621758e+02
[FW-D] iter=240  logdet=1.621760e+02
[FW-D] iter=241  logdet=1.621761e+02
[FW-D] iter=242  logdet=1.621762e+02
[FW-D] iter=243  logdet=1.621764e+02
[FW-D] iter=244  logdet=1.621765e+02
[FW-D] iter=245  logdet=1.621766e+02
[FW-D] iter=246  logdet=1.621768e+02
[FW-D] iter=247  logdet=1.621769e+02
[FW-D] iter=248  logdet=1.621770e+02
[FW-D] iter=249  logdet=1.621772e+02
[FW-D] iter=250  logdet=1.621773e+02
[FW-D] iter=251  logdet=1.621774e+02
[FW-D] iter=252  logdet=1.621775e+02
[FW-D] iter=253  logdet=1.621777e+02
[FW-D] iter=254  logdet=1.621778e+02
[FW-D] iter=255  logdet=1.621779e+02
[FW-D] iter=256  logdet=1.621780e+02
[FW-D] iter=257  logdet=1.621781e+02
[FW-D] iter=258  logdet=1.621782e+02
[FW-D] iter=259  logdet=1.621784e+02
[FW-D] iter=260  logdet=1.621785e+02
[FW-D] iter=261  logdet=1.621786e+02
[FW-D] iter=262  logdet=1.621787e+02
[FW-D] iter=263  logdet=1.621788e+02
[FW-D] iter=264  logdet=1.621789e+02
[FW-D] iter=265  logdet=1.621790e+02
[FW-D] iter=266  logdet=1.621791e+02
[FW-D] iter=267  logdet=1.621792e+02
[FW-D] iter=268  logdet=1.621793e+02
[FW-D] iter=269  logdet=1.621794e+02
[FW-D] iter=270  logdet=1.621795e+02
[FW-D] iter=271  logdet=1.621796e+02
[FW-D] iter=272  logdet=1.621797e+02
[FW-D] iter=273  logdet=1.621798e+02
[FW-D] iter=274  logdet=1.621799e+02
[FW-D] iter=275  logdet=1.621800e+02
[FW-D] iter=276  logdet=1.621801e+02
[FW-D] iter=277  logdet=1.621802e+02
[FW-D] iter=278  logdet=1.621803e+02
[FW-D] iter=279  logdet=1.621804e+02
[FW-D] iter=280  logdet=1.621805e+02
[FW-D] iter=281  logdet=1.621805e+02
[FW-D] iter=282  logdet=1.621806e+02
[FW-D] iter=283  logdet=1.621807e+02
[FW-D] iter=284  logdet=1.621808e+02
[FW-D] iter=285  logdet=1.621809e+02
[FW-D] iter=286  logdet=1.621810e+02
[FW-D] iter=287  logdet=1.621811e+02
[FW-D] iter=288  logdet=1.621811e+02
[FW-D] iter=289  logdet=1.621812e+02
[FW-D] iter=290  logdet=1.621813e+02
[FW-D] iter=291  logdet=1.621814e+02
[FW-D] iter=292  logdet=1.621815e+02
[FW-D] iter=293  logdet=1.621815e+02
[FW-D] iter=294  logdet=1.621816e+02
[FW-D] iter=295  logdet=1.621817e+02
[FW-D] iter=296  logdet=1.621818e+02
[FW-D] iter=297  logdet=1.621818e+02
[FW-D] iter=298  logdet=1.621819e+02
[FW-D] iter=299  logdet=1.621820e+02
  [fw-d] min_eig=3.5187e+03  heldout=0.0135  (2.6s)

============================================================
K = 50  (held-out = 670 frames)
  [random] 25 trials...
  [coverage] min_eig=2.5191e+03  heldout=0.0367  (0.0s)
  [a-optimal] min_eig=4.9566e+03  heldout=0.0238  (18.2s)
  [d-optimal] min_eig=4.4198e+03  heldout=0.0143  (17.9s)
  [greedy-e] min_eig=5.0097e+03  heldout=0.0178  (17.9s)
[FW] Building 720 candidate information matrices...
Building FIM:   0%|          | 0/720 [00:00<?, ?candidate/s]Building FIM:  98%|█████████▊| 704/720 [00:00<00:00, 4982.16candidate/s]Building FIM: 100%|██████████| 720/720 [00:00<00:00, 5081.60candidate/s]
[FW] Done. Starting Frank-Wolfe optimization (select_k=50)...
[FW] Pre-extracting dense blocks (intr_dim=9, num_poses=720)...
[FW] Block extraction done. Starting iterations...
[FW] iter=  0  min_eig=2.516726e+03
[FW] iter=  1  min_eig=2.832274e-03
[FW] iter=  2  min_eig=1.890043e+03
[FW] iter=  3  min_eig=2.265099e+03
[FW] iter=  4  min_eig=2.126303e+03
[FW] iter=  5  min_eig=1.798428e+03
[FW] iter=  6  min_eig=2.369680e+03
[FW] iter=  7  min_eig=2.338750e+03
[FW] iter=  8  min_eig=2.171911e+03
[FW] iter=  9  min_eig=2.343887e+03
[FW] iter= 10  min_eig=2.206508e+03
[FW] iter= 11  min_eig=2.289383e+03
[FW] iter= 12  min_eig=2.342252e+03
[FW] iter= 13  min_eig=2.274878e+03
[FW] iter= 14  min_eig=2.164933e+03
[FW] iter= 15  min_eig=2.561023e+03
[FW] iter= 16  min_eig=2.814834e+03
[FW] iter= 17  min_eig=3.073473e+03
[FW] iter= 18  min_eig=3.285079e+03
[FW] iter= 19  min_eig=3.463989e+03
[FW] iter= 20  min_eig=3.616894e+03
[FW] iter= 21  min_eig=3.749273e+03
[FW] iter= 22  min_eig=3.864284e+03
[FW] iter= 23  min_eig=3.964669e+03
[FW] iter= 24  min_eig=4.052856e+03
[FW] iter= 25  min_eig=4.130627e+03
[FW] iter= 26  min_eig=4.199916e+03
[FW] iter= 27  min_eig=4.261602e+03
[FW] iter= 28  min_eig=4.316851e+03
[FW] iter= 29  min_eig=4.366706e+03
[FW] iter= 30  min_eig=4.411754e+03
[FW] iter= 31  min_eig=4.452492e+03
[FW] iter= 32  min_eig=4.489386e+03
[FW] iter= 33  min_eig=4.523153e+03
[FW] iter= 34  min_eig=4.553909e+03
[FW] iter= 35  min_eig=4.582208e+03
[FW] iter= 36  min_eig=4.608116e+03
[FW] iter= 37  min_eig=4.632033e+03
[FW] iter= 38  min_eig=4.654097e+03
[FW] iter= 39  min_eig=4.674571e+03
[FW] iter= 40  min_eig=4.693499e+03
[FW] iter= 41  min_eig=4.711051e+03
[FW] iter= 42  min_eig=4.727435e+03
[FW] iter= 43  min_eig=4.742645e+03
[FW] iter= 44  min_eig=4.756869e+03
[FW] iter= 45  min_eig=4.770128e+03
[FW] iter= 46  min_eig=4.782599e+03
[FW] iter= 47  min_eig=4.794250e+03
[FW] iter= 48  min_eig=4.805170e+03
[FW] iter= 49  min_eig=4.815484e+03
[FW] iter= 50  min_eig=4.825147e+03
[FW] iter= 51  min_eig=4.834277e+03
[FW] iter= 52  min_eig=4.842857e+03
[FW] iter= 53  min_eig=4.851008e+03
[FW] iter= 54  min_eig=4.858684e+03
[FW] iter= 55  min_eig=4.865951e+03
[FW] iter= 56  min_eig=4.872835e+03
[FW] iter= 57  min_eig=4.879358e+03
[FW] iter= 58  min_eig=4.885566e+03
[FW] iter= 59  min_eig=4.891429e+03
[FW] iter= 60  min_eig=4.897050e+03
[FW] iter= 61  min_eig=4.902372e+03
[FW] iter= 62  min_eig=4.907442e+03
[FW] iter= 63  min_eig=4.912277e+03
[FW] iter= 64  min_eig=4.916880e+03
[FW] iter= 65  min_eig=4.921291e+03
[FW] iter= 66  min_eig=4.925475e+03
[FW] iter= 67  min_eig=4.929512e+03
[FW] iter= 68  min_eig=4.933347e+03
[FW] iter= 69  min_eig=4.937030e+03
[FW] iter= 70  min_eig=4.940554e+03
[FW] iter= 71  min_eig=4.943922e+03
[FW] iter= 72  min_eig=4.947169e+03
[FW] iter= 73  min_eig=4.950273e+03
[FW] iter= 74  min_eig=4.953252e+03
[FW] iter= 75  min_eig=4.956115e+03
[FW] iter= 76  min_eig=4.958872e+03
[FW] iter= 77  min_eig=4.961505e+03
[FW] iter= 78  min_eig=4.964062e+03
[FW] iter= 79  min_eig=4.966513e+03
[FW] iter= 80  min_eig=4.968867e+03
[FW] iter= 81  min_eig=4.971144e+03
[FW] iter= 82  min_eig=4.973333e+03
[FW] iter= 83  min_eig=4.975443e+03
[FW] iter= 84  min_eig=4.977485e+03
[FW] iter= 85  min_eig=4.979443e+03
[FW] iter= 86  min_eig=4.981351e+03
[FW] iter= 87  min_eig=4.983182e+03
[FW] iter= 88  min_eig=4.984956e+03
[FW] iter= 89  min_eig=4.986668e+03
[FW] iter= 90  min_eig=4.988322e+03
[FW] iter= 91  min_eig=4.989931e+03
[FW] iter= 92  min_eig=4.991471e+03
[FW] iter= 93  min_eig=4.992981e+03
[FW] iter= 94  min_eig=4.994430e+03
[FW] iter= 95  min_eig=4.995842e+03
[FW] iter= 96  min_eig=4.997206e+03
[FW] iter= 97  min_eig=4.998526e+03
[FW] iter= 98  min_eig=4.999814e+03
[FW] iter= 99  min_eig=5.001050e+03
[FW] iter=100  min_eig=5.002266e+03
[FW] iter=101  min_eig=5.003434e+03
[FW] iter=102  min_eig=5.004574e+03
[FW] iter=103  min_eig=5.005680e+03
[FW] iter=104  min_eig=5.006749e+03
[FW] iter=105  min_eig=5.007797e+03
[FW] iter=106  min_eig=5.008806e+03
[FW] iter=107  min_eig=5.009795e+03
[FW] iter=108  min_eig=5.010746e+03
[FW] iter=109  min_eig=5.011686e+03
[FW] iter=110  min_eig=5.012593e+03
[FW] iter=111  min_eig=5.013471e+03
[FW] iter=112  min_eig=5.014335e+03
[FW] iter=113  min_eig=5.015168e+03
[FW] iter=114  min_eig=5.015987e+03
[FW] iter=115  min_eig=5.016779e+03
[FW] iter=116  min_eig=5.017552e+03
[FW] iter=117  min_eig=5.018308e+03
[FW] iter=118  min_eig=5.019041e+03
[FW] iter=119  min_eig=5.019759e+03
[FW] iter=120  min_eig=5.020454e+03
[FW] iter=121  min_eig=5.021139e+03
[FW] iter=122  min_eig=5.021802e+03
[FW] iter=123  min_eig=5.022450e+03
[FW] iter=124  min_eig=5.023086e+03
[FW] iter=125  min_eig=5.023703e+03
[FW] iter=126  min_eig=5.024308e+03
[FW] iter=127  min_eig=5.024893e+03
[FW] iter=128  min_eig=5.025473e+03
[FW] iter=129  min_eig=5.026034e+03
[FW] iter=130  min_eig=5.026584e+03
[FW] iter=131  min_eig=5.027120e+03
[FW] iter=132  min_eig=5.027644e+03
[FW] iter=133  min_eig=5.028160e+03
[FW] iter=134  min_eig=5.028657e+03
[FW] iter=135  min_eig=5.029152e+03
[FW] iter=136  min_eig=5.029631e+03
[FW] iter=137  min_eig=5.030100e+03
[FW] iter=138  min_eig=5.030559e+03
[FW] iter=139  min_eig=5.031008e+03
[FW] iter=140  min_eig=5.031450e+03
[FW] iter=141  min_eig=5.031876e+03
[FW] iter=142  min_eig=5.032302e+03
[FW] iter=143  min_eig=5.032713e+03
[FW] iter=144  min_eig=5.033118e+03
[FW] iter=145  min_eig=5.033514e+03
[FW] iter=146  min_eig=5.033900e+03
[FW] iter=147  min_eig=5.034282e+03
[FW] iter=148  min_eig=5.034650e+03
[FW] iter=149  min_eig=5.035020e+03
[FW] iter=150  min_eig=5.035376e+03
[FW] iter=151  min_eig=5.035727e+03
[FW] iter=152  min_eig=5.036072e+03
[FW] iter=153  min_eig=5.036406e+03
[FW] iter=154  min_eig=5.036740e+03
[FW] iter=155  min_eig=5.037061e+03
[FW] iter=156  min_eig=5.037381e+03
[FW] iter=157  min_eig=5.037692e+03
[FW] iter=158  min_eig=5.037998e+03
[FW] iter=159  min_eig=5.038300e+03
[FW] iter=160  min_eig=5.038591e+03
[FW] iter=161  min_eig=5.038884e+03
[FW] iter=162  min_eig=5.039165e+03
[FW] iter=163  min_eig=5.039445e+03
[FW] iter=164  min_eig=5.039719e+03
[FW] iter=165  min_eig=5.039987e+03
[FW] iter=166  min_eig=5.040252e+03
[FW] iter=167  min_eig=5.040508e+03
[FW] iter=168  min_eig=5.040765e+03
[FW] iter=169  min_eig=5.041014e+03
[FW] iter=170  min_eig=5.041261e+03
[FW] iter=171  min_eig=5.041502e+03
[FW] iter=172  min_eig=5.041738e+03
[FW] iter=173  min_eig=5.041973e+03
[FW] iter=174  min_eig=5.042201e+03
[FW] iter=175  min_eig=5.042426e+03
[FW] iter=176  min_eig=5.042645e+03
[FW] iter=177  min_eig=5.042866e+03
[FW] iter=178  min_eig=5.043080e+03
[FW] iter=179  min_eig=5.043290e+03
[FW] iter=180  min_eig=5.043498e+03
[FW] iter=181  min_eig=5.043700e+03
[FW] iter=182  min_eig=5.043902e+03
[FW] iter=183  min_eig=5.044096e+03
[FW] iter=184  min_eig=5.044292e+03
[FW] iter=185  min_eig=5.044483e+03
[FW] iter=186  min_eig=5.044670e+03
[FW] iter=187  min_eig=5.044855e+03
[FW] iter=188  min_eig=5.045035e+03
[FW] iter=189  min_eig=5.045215e+03
[FW] iter=190  min_eig=5.045391e+03
[FW] iter=191  min_eig=5.045563e+03
[FW] iter=192  min_eig=5.045735e+03
[FW] iter=193  min_eig=5.045902e+03
[FW] iter=194  min_eig=5.046068e+03
[FW] iter=195  min_eig=5.046229e+03
[FW] iter=196  min_eig=5.046391e+03
[FW] iter=197  min_eig=5.046549e+03
[FW] iter=198  min_eig=5.046703e+03
[FW] iter=199  min_eig=5.046857e+03
[FW] iter=200  min_eig=5.047008e+03
[FW] iter=201  min_eig=5.047157e+03
[FW] iter=202  min_eig=5.047302e+03
[FW] iter=203  min_eig=5.047448e+03
[FW] iter=204  min_eig=5.047590e+03
[FW] iter=205  min_eig=5.047730e+03
[FW] iter=206  min_eig=5.047868e+03
[FW] iter=207  min_eig=5.048003e+03
[FW] iter=208  min_eig=5.048139e+03
[FW] iter=209  min_eig=5.048269e+03
[FW] iter=210  min_eig=5.048401e+03
[FW] iter=211  min_eig=5.048529e+03
[FW] iter=212  min_eig=5.048656e+03
[FW] iter=213  min_eig=5.048781e+03
[FW] iter=214  min_eig=5.048903e+03
[FW] iter=215  min_eig=5.049026e+03
[FW] iter=216  min_eig=5.049143e+03
[FW] iter=217  min_eig=5.049263e+03
[FW] iter=218  min_eig=5.049379e+03
[FW] iter=219  min_eig=5.049494e+03
[FW] iter=220  min_eig=5.049608e+03
[FW] iter=221  min_eig=5.049719e+03
[FW] iter=222  min_eig=5.049830e+03
[FW] iter=223  min_eig=5.049938e+03
[FW] iter=224  min_eig=5.050046e+03
[FW] iter=225  min_eig=5.050152e+03
[FW] iter=226  min_eig=5.050256e+03
[FW] iter=227  min_eig=5.050360e+03
[FW] iter=228  min_eig=5.050460e+03
[FW] iter=229  min_eig=5.050562e+03
[FW] iter=230  min_eig=5.050662e+03
[FW] iter=231  min_eig=5.050759e+03
[FW] iter=232  min_eig=5.050855e+03
[FW] iter=233  min_eig=5.050951e+03
[FW] iter=234  min_eig=5.051044e+03
[FW] iter=235  min_eig=5.051139e+03
[FW] iter=236  min_eig=5.051229e+03
[FW] iter=237  min_eig=5.051321e+03
[FW] iter=238  min_eig=5.051410e+03
[FW] iter=239  min_eig=5.051499e+03
[FW] iter=240  min_eig=5.051586e+03
[FW] iter=241  min_eig=5.051672e+03
[FW] iter=242  min_eig=5.051758e+03
[FW] iter=243  min_eig=5.051840e+03
[FW] iter=244  min_eig=5.051925e+03
[FW] iter=245  min_eig=5.052006e+03
[FW] iter=246  min_eig=5.052088e+03
[FW] iter=247  min_eig=5.052168e+03
[FW] iter=248  min_eig=5.052246e+03
[FW] iter=249  min_eig=5.052325e+03
[FW] iter=250  min_eig=5.052401e+03
[FW] iter=251  min_eig=5.052479e+03
[FW] iter=252  min_eig=5.052554e+03
[FW] iter=253  min_eig=5.052628e+03
[FW] iter=254  min_eig=5.052702e+03
[FW] iter=255  min_eig=5.052775e+03
[FW] iter=256  min_eig=5.052847e+03
[FW] iter=257  min_eig=5.052917e+03
[FW] iter=258  min_eig=5.052988e+03
[FW] iter=259  min_eig=5.053058e+03
[FW] iter=260  min_eig=5.053126e+03
[FW] iter=261  min_eig=5.053194e+03
[FW] iter=262  min_eig=5.053261e+03
[FW] iter=263  min_eig=5.053328e+03
[FW] iter=264  min_eig=5.053393e+03
[FW] iter=265  min_eig=5.053458e+03
[FW] iter=266  min_eig=5.053522e+03
[FW] iter=267  min_eig=5.053585e+03
[FW] iter=268  min_eig=5.053649e+03
[FW] iter=269  min_eig=5.053710e+03
[FW] iter=270  min_eig=5.053772e+03
[FW] iter=271  min_eig=5.053832e+03
[FW] iter=272  min_eig=5.053892e+03
[FW] iter=273  min_eig=5.053952e+03
[FW] iter=274  min_eig=5.054010e+03
[FW] iter=275  min_eig=5.054068e+03
[FW] iter=276  min_eig=5.054125e+03
[FW] iter=277  min_eig=5.054183e+03
[FW] iter=278  min_eig=5.054238e+03
[FW] iter=279  min_eig=5.054294e+03
[FW] iter=280  min_eig=5.054349e+03
[FW] iter=281  min_eig=5.054404e+03
[FW] iter=282  min_eig=5.054457e+03
[FW] iter=283  min_eig=5.054510e+03
[FW] iter=284  min_eig=5.054563e+03
[FW] iter=285  min_eig=5.054614e+03
[FW] iter=286  min_eig=5.054667e+03
[FW] iter=287  min_eig=5.054718e+03
[FW] iter=288  min_eig=5.054769e+03
[FW] iter=289  min_eig=5.054818e+03
[FW] iter=290  min_eig=5.054868e+03
[FW] iter=291  min_eig=5.054917e+03
[FW] iter=292  min_eig=5.054965e+03
[FW] iter=293  min_eig=5.055013e+03
[FW] iter=294  min_eig=5.055061e+03
[FW] iter=295  min_eig=5.055108e+03
[FW] iter=296  min_eig=5.055155e+03
[FW] iter=297  min_eig=5.055200e+03
[FW] iter=298  min_eig=5.055246e+03
[FW] iter=299  min_eig=5.055291e+03
  [fw-e] min_eig=5.0608e+03  heldout=0.0186  (2.3s)
[FW-A] Building 720 candidate information matrices...
Building FIM:   0%|          | 0/720 [00:00<?, ?candidate/s]Building FIM:  62%|██████▏   | 448/720 [00:00<00:00, 3889.18candidate/s]Building FIM: 100%|██████████| 720/720 [00:00<00:00, 4782.88candidate/s]
[FW-A] Done. Starting Frank-Wolfe A-optimal (select_k=50)...
[FW-A] Pre-extracting dense blocks (intr_dim=9, num_poses=720)...
[FW-A] Block extraction done. Starting iterations...
[FW-A] iter=  0  -trace(H^{-1})=-5.329788e-04
[FW-A] iter=  1  -trace(H^{-1})=-9.401522e-05
[FW-A] iter=  2  -trace(H^{-1})=-5.810137e-04
[FW-A] iter=  3  -trace(H^{-1})=-5.810307e-04
[FW-A] iter=  4  -trace(H^{-1})=-5.898201e-04
[FW-A] iter=  5  -trace(H^{-1})=-6.600414e-04
[FW-A] iter=  6  -trace(H^{-1})=-5.696120e-04
[FW-A] iter=  7  -trace(H^{-1})=-5.740904e-04
[FW-A] iter=  8  -trace(H^{-1})=-5.922035e-04
[FW-A] iter=  9  -trace(H^{-1})=-5.742972e-04
[FW-A] iter= 10  -trace(H^{-1})=-5.977160e-04
[FW-A] iter= 11  -trace(H^{-1})=-5.823210e-04
[FW-A] iter= 12  -trace(H^{-1})=-5.682042e-04
[FW-A] iter= 13  -trace(H^{-1})=-5.691963e-04
[FW-A] iter= 14  -trace(H^{-1})=-5.896725e-04
[FW-A] iter= 15  -trace(H^{-1})=-5.241195e-04
[FW-A] iter= 16  -trace(H^{-1})=-4.850192e-04
[FW-A] iter= 17  -trace(H^{-1})=-4.527671e-04
[FW-A] iter= 18  -trace(H^{-1})=-4.294223e-04
[FW-A] iter= 19  -trace(H^{-1})=-4.110908e-04
[FW-A] iter= 20  -trace(H^{-1})=-3.967884e-04
[FW-A] iter= 21  -trace(H^{-1})=-3.850924e-04
[FW-A] iter= 22  -trace(H^{-1})=-3.755387e-04
[FW-A] Converged at iter 22  -trace(H^{-1})=-3.755387e-04  gap=9.74e-05
  [fw-a] min_eig=4.9973e+03  heldout=0.0184  (1.4s)
[FW-D] Building 720 candidate information matrices...
Building FIM:   0%|          | 0/720 [00:00<?, ?candidate/s]Building FIM:  63%|██████▎   | 452/720 [00:00<00:00, 4519.65candidate/s]Building FIM: 100%|██████████| 720/720 [00:00<00:00, 4872.23candidate/s]
[FW-D] Done. Starting Frank-Wolfe D-optimal (select_k=50)...
[FW-D] Pre-extracting dense blocks (intr_dim=9, num_poses=720)...
[FW-D] Block extraction done. Starting iterations...
[FW-D] iter=  0  logdet=1.609862e+02
[FW-D] iter=  1  logdet=1.623765e+02
[FW-D] iter=  2  logdet=1.614082e+02
[FW-D] iter=  3  logdet=1.610078e+02
[FW-D] iter=  4  logdet=1.609392e+02
[FW-D] iter=  5  logdet=1.606389e+02
[FW-D] iter=  6  logdet=1.608945e+02
[FW-D] iter=  7  logdet=1.609751e+02
[FW-D] iter=  8  logdet=1.609806e+02
[FW-D] iter=  9  logdet=1.611062e+02
[FW-D] iter= 10  logdet=1.609477e+02
[FW-D] iter= 11  logdet=1.608413e+02
[FW-D] iter= 12  logdet=1.608043e+02
[FW-D] iter= 13  logdet=1.607542e+02
[FW-D] iter= 14  logdet=1.604878e+02
[FW-D] iter= 15  logdet=1.608666e+02
[FW-D] iter= 16  logdet=1.613615e+02
[FW-D] iter= 17  logdet=1.617294e+02
[FW-D] iter= 18  logdet=1.620201e+02
[FW-D] iter= 19  logdet=1.622550e+02
[FW-D] iter= 20  logdet=1.624493e+02
[FW-D] iter= 21  logdet=1.626130e+02
[FW-D] iter= 22  logdet=1.627521e+02
[FW-D] iter= 23  logdet=1.628715e+02
[FW-D] iter= 24  logdet=1.629748e+02
[FW-D] iter= 25  logdet=1.630652e+02
[FW-D] iter= 26  logdet=1.631445e+02
[FW-D] iter= 27  logdet=1.632145e+02
[FW-D] iter= 28  logdet=1.632768e+02
[FW-D] iter= 29  logdet=1.633322e+02
[FW-D] iter= 30  logdet=1.633821e+02
[FW-D] iter= 31  logdet=1.634269e+02
[FW-D] iter= 32  logdet=1.634675e+02
[FW-D] iter= 33  logdet=1.635043e+02
[FW-D] iter= 34  logdet=1.635377e+02
[FW-D] iter= 35  logdet=1.635683e+02
[FW-D] iter= 36  logdet=1.635963e+02
[FW-D] iter= 37  logdet=1.636219e+02
[FW-D] iter= 38  logdet=1.636455e+02
[FW-D] iter= 39  logdet=1.636673e+02
[FW-D] iter= 40  logdet=1.636875e+02
[FW-D] iter= 41  logdet=1.637061e+02
[FW-D] iter= 42  logdet=1.637234e+02
[FW-D] iter= 43  logdet=1.637395e+02
[FW-D] iter= 44  logdet=1.637545e+02
[FW-D] iter= 45  logdet=1.637685e+02
[FW-D] iter= 46  logdet=1.637816e+02
[FW-D] iter= 47  logdet=1.637938e+02
[FW-D] iter= 48  logdet=1.638053e+02
[FW-D] iter= 49  logdet=1.638160e+02
[FW-D] iter= 50  logdet=1.638261e+02
[FW-D] iter= 51  logdet=1.638357e+02
[FW-D] iter= 52  logdet=1.638446e+02
[FW-D] iter= 53  logdet=1.638531e+02
[FW-D] iter= 54  logdet=1.638611e+02
[FW-D] iter= 55  logdet=1.638686e+02
[FW-D] iter= 56  logdet=1.638758e+02
[FW-D] iter= 57  logdet=1.638826e+02
[FW-D] iter= 58  logdet=1.638890e+02
[FW-D] iter= 59  logdet=1.638951e+02
[FW-D] iter= 60  logdet=1.639009e+02
[FW-D] iter= 61  logdet=1.639064e+02
[FW-D] iter= 62  logdet=1.639117e+02
[FW-D] iter= 63  logdet=1.639167e+02
[FW-D] iter= 64  logdet=1.639214e+02
[FW-D] iter= 65  logdet=1.639260e+02
[FW-D] iter= 66  logdet=1.639303e+02
[FW-D] iter= 67  logdet=1.639345e+02
[FW-D] iter= 68  logdet=1.639384e+02
[FW-D] iter= 69  logdet=1.639422e+02
[FW-D] iter= 70  logdet=1.639458e+02
[FW-D] iter= 71  logdet=1.639493e+02
[FW-D] iter= 72  logdet=1.639527e+02
[FW-D] iter= 73  logdet=1.639559e+02
[FW-D] iter= 74  logdet=1.639589e+02
[FW-D] iter= 75  logdet=1.639619e+02
[FW-D] iter= 76  logdet=1.639647e+02
[FW-D] iter= 77  logdet=1.639674e+02
[FW-D] iter= 78  logdet=1.639700e+02
[FW-D] iter= 79  logdet=1.639726e+02
[FW-D] iter= 80  logdet=1.639750e+02
[FW-D] iter= 81  logdet=1.639773e+02
[FW-D] iter= 82  logdet=1.639796e+02
[FW-D] iter= 83  logdet=1.639817e+02
[FW-D] iter= 84  logdet=1.639838e+02
[FW-D] iter= 85  logdet=1.639858e+02
[FW-D] iter= 86  logdet=1.639878e+02
[FW-D] iter= 87  logdet=1.639897e+02
[FW-D] iter= 88  logdet=1.639915e+02
[FW-D] iter= 89  logdet=1.639932e+02
[FW-D] iter= 90  logdet=1.639949e+02
[FW-D] iter= 91  logdet=1.639966e+02
[FW-D] iter= 92  logdet=1.639982e+02
[FW-D] iter= 93  logdet=1.639997e+02
[FW-D] iter= 94  logdet=1.640012e+02
[FW-D] iter= 95  logdet=1.640026e+02
[FW-D] iter= 96  logdet=1.640040e+02
[FW-D] iter= 97  logdet=1.640054e+02
[FW-D] iter= 98  logdet=1.640067e+02
[FW-D] iter= 99  logdet=1.640080e+02
[FW-D] iter=100  logdet=1.640092e+02
[FW-D] iter=101  logdet=1.640104e+02
[FW-D] iter=102  logdet=1.640116e+02
[FW-D] iter=103  logdet=1.640127e+02
[FW-D] iter=104  logdet=1.640138e+02
[FW-D] iter=105  logdet=1.640149e+02
[FW-D] iter=106  logdet=1.640159e+02
[FW-D] iter=107  logdet=1.640169e+02
[FW-D] iter=108  logdet=1.640179e+02
[FW-D] iter=109  logdet=1.640188e+02
[FW-D] iter=110  logdet=1.640198e+02
[FW-D] iter=111  logdet=1.640207e+02
[FW-D] iter=112  logdet=1.640215e+02
[FW-D] iter=113  logdet=1.640224e+02
[FW-D] iter=114  logdet=1.640232e+02
[FW-D] iter=115  logdet=1.640240e+02
[FW-D] iter=116  logdet=1.640248e+02
[FW-D] iter=117  logdet=1.640256e+02
[FW-D] iter=118  logdet=1.640264e+02
[FW-D] iter=119  logdet=1.640271e+02
[FW-D] iter=120  logdet=1.640278e+02
[FW-D] iter=121  logdet=1.640285e+02
[FW-D] iter=122  logdet=1.640292e+02
[FW-D] iter=123  logdet=1.640298e+02
[FW-D] iter=124  logdet=1.640305e+02
[FW-D] iter=125  logdet=1.640311e+02
[FW-D] iter=126  logdet=1.640317e+02
[FW-D] iter=127  logdet=1.640323e+02
[FW-D] iter=128  logdet=1.640329e+02
[FW-D] iter=129  logdet=1.640335e+02
[FW-D] iter=130  logdet=1.640340e+02
[FW-D] iter=131  logdet=1.640346e+02
[FW-D] iter=132  logdet=1.640351e+02
[FW-D] iter=133  logdet=1.640357e+02
[FW-D] iter=134  logdet=1.640362e+02
[FW-D] iter=135  logdet=1.640367e+02
[FW-D] iter=136  logdet=1.640372e+02
[FW-D] iter=137  logdet=1.640376e+02
[FW-D] iter=138  logdet=1.640381e+02
[FW-D] iter=139  logdet=1.640386e+02
[FW-D] iter=140  logdet=1.640390e+02
[FW-D] iter=141  logdet=1.640394e+02
[FW-D] iter=142  logdet=1.640399e+02
[FW-D] iter=143  logdet=1.640403e+02
[FW-D] iter=144  logdet=1.640407e+02
[FW-D] iter=145  logdet=1.640411e+02
[FW-D] iter=146  logdet=1.640415e+02
[FW-D] iter=147  logdet=1.640419e+02
[FW-D] iter=148  logdet=1.640423e+02
[FW-D] iter=149  logdet=1.640426e+02
[FW-D] iter=150  logdet=1.640430e+02
[FW-D] iter=151  logdet=1.640434e+02
[FW-D] iter=152  logdet=1.640437e+02
[FW-D] iter=153  logdet=1.640441e+02
[FW-D] iter=154  logdet=1.640444e+02
[FW-D] iter=155  logdet=1.640447e+02
[FW-D] iter=156  logdet=1.640451e+02
[FW-D] iter=157  logdet=1.640454e+02
[FW-D] iter=158  logdet=1.640457e+02
[FW-D] iter=159  logdet=1.640460e+02
[FW-D] iter=160  logdet=1.640463e+02
[FW-D] iter=161  logdet=1.640466e+02
[FW-D] iter=162  logdet=1.640469e+02
[FW-D] iter=163  logdet=1.640472e+02
[FW-D] iter=164  logdet=1.640474e+02
[FW-D] iter=165  logdet=1.640477e+02
[FW-D] iter=166  logdet=1.640480e+02
[FW-D] iter=167  logdet=1.640482e+02
[FW-D] iter=168  logdet=1.640485e+02
[FW-D] iter=169  logdet=1.640488e+02
[FW-D] iter=170  logdet=1.640490e+02
[FW-D] iter=171  logdet=1.640493e+02
[FW-D] iter=172  logdet=1.640495e+02
[FW-D] iter=173  logdet=1.640497e+02
[FW-D] iter=174  logdet=1.640500e+02
[FW-D] iter=175  logdet=1.640502e+02
[FW-D] iter=176  logdet=1.640504e+02
[FW-D] iter=177  logdet=1.640506e+02
[FW-D] iter=178  logdet=1.640509e+02
[FW-D] iter=179  logdet=1.640511e+02
[FW-D] iter=180  logdet=1.640513e+02
[FW-D] iter=181  logdet=1.640515e+02
[FW-D] iter=182  logdet=1.640517e+02
[FW-D] iter=183  logdet=1.640519e+02
[FW-D] iter=184  logdet=1.640521e+02
[FW-D] iter=185  logdet=1.640523e+02
[FW-D] iter=186  logdet=1.640525e+02
[FW-D] iter=187  logdet=1.640527e+02
[FW-D] iter=188  logdet=1.640529e+02
[FW-D] iter=189  logdet=1.640530e+02
[FW-D] iter=190  logdet=1.640532e+02
[FW-D] iter=191  logdet=1.640534e+02
[FW-D] iter=192  logdet=1.640536e+02
[FW-D] iter=193  logdet=1.640537e+02
[FW-D] iter=194  logdet=1.640539e+02
[FW-D] iter=195  logdet=1.640541e+02
[FW-D] iter=196  logdet=1.640542e+02
[FW-D] iter=197  logdet=1.640544e+02
[FW-D] iter=198  logdet=1.640545e+02
[FW-D] iter=199  logdet=1.640547e+02
[FW-D] iter=200  logdet=1.640549e+02
[FW-D] iter=201  logdet=1.640550e+02
[FW-D] iter=202  logdet=1.640552e+02
[FW-D] iter=203  logdet=1.640553e+02
[FW-D] iter=204  logdet=1.640554e+02
[FW-D] iter=205  logdet=1.640556e+02
[FW-D] iter=206  logdet=1.640557e+02
[FW-D] iter=207  logdet=1.640559e+02
[FW-D] iter=208  logdet=1.640560e+02
[FW-D] iter=209  logdet=1.640561e+02
[FW-D] iter=210  logdet=1.640563e+02
[FW-D] iter=211  logdet=1.640564e+02
[FW-D] iter=212  logdet=1.640565e+02
[FW-D] iter=213  logdet=1.640567e+02
[FW-D] iter=214  logdet=1.640568e+02
[FW-D] iter=215  logdet=1.640569e+02
[FW-D] iter=216  logdet=1.640570e+02
[FW-D] iter=217  logdet=1.640572e+02
[FW-D] iter=218  logdet=1.640573e+02
[FW-D] iter=219  logdet=1.640574e+02
[FW-D] iter=220  logdet=1.640575e+02
[FW-D] iter=221  logdet=1.640576e+02
[FW-D] iter=222  logdet=1.640577e+02
[FW-D] iter=223  logdet=1.640578e+02
[FW-D] iter=224  logdet=1.640579e+02
[FW-D] iter=225  logdet=1.640581e+02
[FW-D] iter=226  logdet=1.640582e+02
[FW-D] iter=227  logdet=1.640583e+02
[FW-D] iter=228  logdet=1.640584e+02
[FW-D] iter=229  logdet=1.640585e+02
[FW-D] iter=230  logdet=1.640586e+02
[FW-D] iter=231  logdet=1.640587e+02
[FW-D] iter=232  logdet=1.640588e+02
[FW-D] iter=233  logdet=1.640589e+02
[FW-D] iter=234  logdet=1.640590e+02
[FW-D] iter=235  logdet=1.640591e+02
[FW-D] iter=236  logdet=1.640592e+02
[FW-D] iter=237  logdet=1.640592e+02
[FW-D] iter=238  logdet=1.640593e+02
[FW-D] iter=239  logdet=1.640594e+02
[FW-D] iter=240  logdet=1.640595e+02
[FW-D] iter=241  logdet=1.640596e+02
[FW-D] iter=242  logdet=1.640597e+02
[FW-D] iter=243  logdet=1.640598e+02
[FW-D] iter=244  logdet=1.640599e+02
[FW-D] iter=245  logdet=1.640599e+02
[FW-D] iter=246  logdet=1.640600e+02
[FW-D] iter=247  logdet=1.640601e+02
[FW-D] iter=248  logdet=1.640602e+02
[FW-D] iter=249  logdet=1.640603e+02
[FW-D] iter=250  logdet=1.640603e+02
[FW-D] iter=251  logdet=1.640604e+02
[FW-D] iter=252  logdet=1.640605e+02
[FW-D] iter=253  logdet=1.640606e+02
[FW-D] iter=254  logdet=1.640607e+02
[FW-D] iter=255  logdet=1.640607e+02
[FW-D] iter=256  logdet=1.640608e+02
[FW-D] iter=257  logdet=1.640609e+02
[FW-D] iter=258  logdet=1.640609e+02
[FW-D] iter=259  logdet=1.640610e+02
[FW-D] iter=260  logdet=1.640611e+02
[FW-D] iter=261  logdet=1.640612e+02
[FW-D] iter=262  logdet=1.640612e+02
[FW-D] iter=263  logdet=1.640613e+02
[FW-D] iter=264  logdet=1.640614e+02
[FW-D] iter=265  logdet=1.640614e+02
[FW-D] iter=266  logdet=1.640615e+02
[FW-D] iter=267  logdet=1.640615e+02
[FW-D] iter=268  logdet=1.640616e+02
[FW-D] iter=269  logdet=1.640617e+02
[FW-D] iter=270  logdet=1.640617e+02
[FW-D] iter=271  logdet=1.640618e+02
[FW-D] iter=272  logdet=1.640619e+02
[FW-D] iter=273  logdet=1.640619e+02
[FW-D] iter=274  logdet=1.640620e+02
[FW-D] iter=275  logdet=1.640620e+02
[FW-D] iter=276  logdet=1.640621e+02
[FW-D] iter=277  logdet=1.640622e+02
[FW-D] iter=278  logdet=1.640622e+02
[FW-D] iter=279  logdet=1.640623e+02
[FW-D] iter=280  logdet=1.640623e+02
[FW-D] iter=281  logdet=1.640624e+02
[FW-D] iter=282  logdet=1.640624e+02
[FW-D] iter=283  logdet=1.640625e+02
[FW-D] iter=284  logdet=1.640625e+02
[FW-D] iter=285  logdet=1.640626e+02
[FW-D] iter=286  logdet=1.640626e+02
[FW-D] iter=287  logdet=1.640627e+02
[FW-D] iter=288  logdet=1.640628e+02
[FW-D] iter=289  logdet=1.640628e+02
[FW-D] iter=290  logdet=1.640629e+02
[FW-D] iter=291  logdet=1.640629e+02
[FW-D] iter=292  logdet=1.640630e+02
[FW-D] iter=293  logdet=1.640630e+02
[FW-D] iter=294  logdet=1.640630e+02
[FW-D] iter=295  logdet=1.640631e+02
[FW-D] iter=296  logdet=1.640631e+02
[FW-D] iter=297  logdet=1.640632e+02
[FW-D] iter=298  logdet=1.640632e+02
[FW-D] iter=299  logdet=1.640633e+02
  [fw-d] min_eig=4.4198e+03  heldout=0.0143  (2.4s)

--- K=5 (held-out=715) ---
Method                   min_eig        logdet  focal_err_px     pp_err_px      dist_err     train_rms   heldout_rms
--------------------------------------------------------------------------------------------------------------------
random                1.0907e+02    1.3762e+02    1.1395e+00    1.8081e+00    6.7100e-04    1.3915e-02    1.8180e+00
coverage              2.3494e-03    1.2690e+02    2.5954e+00    7.6059e+00    1.0665e-03    1.4114e-02    7.5295e+00
a-optimal             4.5060e+02    1.4342e+02    4.6936e-03    4.3655e-03    9.2122e-05    1.3761e-02    1.4202e-02
d-optimal             3.6299e+02    1.4379e+02    1.2177e-02    3.1595e-02    8.3458e-04    1.4251e-02    3.4015e-02
greedy-e              4.2811e+02    1.4275e+02    3.8916e-02    6.8769e-02    7.0898e-04    1.4501e-02    6.8919e-02
fw-e                  1.8072e-03    1.2925e+02    2.5524e+01    2.4725e+01    1.8178e-04    1.3875e-02    2.3703e+01
fw-a                  5.3895e+02    1.4376e+02    2.4716e-02    2.1859e-02    2.4215e-04    1.4167e-02    2.5876e-02
fw-d                  3.4887e+02    1.4394e+02    7.0552e-03    1.2914e-02    1.0400e-04    1.3977e-02    1.9135e-02

--- K=10 (held-out=710) ---
Method                   min_eig        logdet  focal_err_px     pp_err_px      dist_err     train_rms   heldout_rms
--------------------------------------------------------------------------------------------------------------------
random                2.8417e+02    1.4512e+02    4.4740e-02    8.8284e-02    5.9580e-04    1.3863e-02    9.1201e-02
coverage              1.5803e+02    1.4519e+02    2.0923e-02    7.2290e-02    7.5707e-04    1.3886e-02    7.3170e-02
a-optimal             1.0076e+03    1.4965e+02    6.5468e-03    1.4311e-02    2.9369e-04    1.3990e-02    1.8824e-02
d-optimal             8.3439e+02    1.5015e+02    9.6564e-03    1.5671e-02    7.2080e-05    1.3969e-02    1.9312e-02
greedy-e              1.0362e+03    1.4930e+02    1.7333e-02    3.9811e-02    8.1964e-04    1.4190e-02    4.1718e-02
fw-e                  1.0823e+03    1.4920e+02    1.8088e-02    1.6244e-02    4.5855e-04    1.3982e-02    2.0061e-02
fw-a                  1.0987e+03    1.4957e+02    2.2665e-02    2.2746e-02    6.8448e-04    1.4049e-02    2.4039e-02
fw-d                  9.0845e+02    1.5012e+02    6.3370e-03    1.5815e-02    1.8882e-04    1.3953e-02    2.0306e-02

--- K=15 (held-out=705) ---
Method                   min_eig        logdet  focal_err_px     pp_err_px      dist_err     train_rms   heldout_rms
--------------------------------------------------------------------------------------------------------------------
random                6.2951e+02    1.4969e+02    2.0651e-02    4.4950e-02    4.7173e-04    1.3973e-02    4.7418e-02
coverage              5.4454e+02    1.4993e+02    1.6505e-02    5.9522e-02    4.4304e-04    1.3882e-02    6.1740e-02
a-optimal             1.5663e+03    1.5347e+02    9.6210e-03    1.7983e-02    3.7650e-04    1.3923e-02    2.0732e-02
d-optimal             1.2786e+03    1.5374e+02    4.0386e-03    2.2744e-02    1.2867e-04    1.3835e-02    2.6773e-02
greedy-e              1.5629e+03    1.5302e+02    8.2052e-03    1.6752e-02    6.9636e-04    1.4187e-02    2.0559e-02
fw-e                  1.6220e+03    1.5293e+02    4.5596e-03    2.1576e-02    3.0928e-04    1.4035e-02    2.5188e-02
fw-a                  1.6281e+03    1.5333e+02    8.4686e-03    8.8041e-03    7.4356e-04    1.4029e-02    1.4597e-02
fw-d                  1.3879e+03    1.5373e+02    1.0827e-02    1.9746e-02    1.6159e-04    1.3780e-02    2.3683e-02

--- K=20 (held-out=700) ---
Method                   min_eig        logdet  focal_err_px     pp_err_px      dist_err     train_rms   heldout_rms
--------------------------------------------------------------------------------------------------------------------
random                8.9173e+02    1.5252e+02    1.5023e-02    3.4023e-02    4.9453e-04    1.3922e-02    3.7285e-02
coverage              7.6126e+02    1.5206e+02    5.6683e-03    3.1260e-02    5.7065e-04    1.4048e-02    3.4156e-02
a-optimal             2.1117e+03    1.5588e+02    7.1104e-03    8.0569e-03    7.0876e-04    1.3907e-02    1.5190e-02
d-optimal             1.7209e+03    1.5627e+02    1.0522e-02    2.8672e-02    3.5841e-04    1.3876e-02    3.0960e-02
greedy-e              2.0932e+03    1.5542e+02    5.0730e-03    1.5110e-02    6.0035e-04    1.4104e-02    1.9757e-02
fw-e                  2.1762e+03    1.5534e+02    3.7677e-03    2.2648e-02    2.6238e-04    1.3935e-02    2.6953e-02
fw-a                  2.1464e+03    1.5587e+02    7.2561e-03    9.8622e-03    6.3507e-04    1.3932e-02    1.6450e-02
fw-d                  1.8039e+03    1.5627e+02    7.8891e-03    2.4891e-02    2.7026e-04    1.3861e-02    2.7419e-02

--- K=30 (held-out=690) ---
Method                   min_eig        logdet  focal_err_px     pp_err_px      dist_err     train_rms   heldout_rms
--------------------------------------------------------------------------------------------------------------------
random                1.3142e+03    1.5616e+02    1.3821e-02    3.1047e-02    3.0758e-04    1.3895e-02    3.3667e-02
coverage              1.3057e+03    1.5589e+02    9.7994e-03    3.5331e-02    6.4875e-04    1.4030e-02    3.6921e-02
a-optimal             3.0980e+03    1.5929e+02    9.6609e-03    1.7207e-02    6.8789e-04    1.3848e-02    2.2341e-02
d-optimal             2.6796e+03    1.5976e+02    2.7831e-03    5.0385e-03    2.7115e-04    1.3896e-02    1.3194e-02
greedy-e              3.1069e+03    1.5880e+02    5.2844e-03    9.7277e-03    4.4226e-04    1.4045e-02    1.5982e-02
fw-e                  3.1698e+03    1.5887e+02    3.5781e-03    8.0674e-03    2.9442e-04    1.3942e-02    1.5096e-02
fw-a                  3.1293e+03    1.5933e+02    1.1690e-02    1.9427e-02    6.2198e-04    1.3870e-02    2.4379e-02
fw-d                  2.6874e+03    1.5976e+02    5.1617e-03    4.7678e-03    3.4632e-04    1.3880e-02    1.3082e-02

--- K=40 (held-out=680) ---
Method                   min_eig        logdet  focal_err_px     pp_err_px      dist_err     train_rms   heldout_rms
--------------------------------------------------------------------------------------------------------------------
random                1.8965e+03    1.5884e+02    1.0716e-02    2.2110e-02    3.4516e-04    1.3951e-02    2.6403e-02
coverage              2.1030e+03    1.5893e+02    1.3216e-02    3.0805e-02    6.6206e-04    1.3964e-02    3.2433e-02
a-optimal             4.0198e+03    1.6174e+02    4.8971e-03    2.3820e-02    5.3735e-04    1.3811e-02    2.8298e-02
d-optimal             3.5167e+03    1.6219e+02    2.2714e-03    4.0904e-03    5.0122e-04    1.3789e-02    1.3197e-02
greedy-e              4.0729e+03    1.6142e+02    7.9944e-03    1.2659e-02    4.9913e-04    1.3904e-02    1.8098e-02
fw-e                  4.1223e+03    1.6143e+02    1.0550e-02    1.1337e-02    4.2244e-04    1.3860e-02    1.7232e-02
fw-a                  4.0783e+03    1.6170e+02    8.6377e-03    1.9207e-02    4.3956e-04    1.3820e-02    2.4107e-02
fw-d                  3.5187e+03    1.6219e+02    2.0417e-03    5.0135e-03    4.2921e-04    1.3814e-02    1.3490e-02

--- K=50 (held-out=670) ---
Method                   min_eig        logdet  focal_err_px     pp_err_px      dist_err     train_rms   heldout_rms
--------------------------------------------------------------------------------------------------------------------
random                2.3426e+03    1.6088e+02    8.9237e-03    2.0659e-02    2.3663e-04    1.3928e-02    2.4780e-02
coverage              2.5191e+03    1.6067e+02    1.6568e-02    3.5593e-02    7.0914e-04    1.3925e-02    3.6716e-02
a-optimal             4.9566e+03    1.6361e+02    7.1577e-03    1.9678e-02    6.9090e-04    1.3867e-02    2.3825e-02
d-optimal             4.4198e+03    1.6407e+02    3.5317e-03    6.9388e-03    4.5064e-04    1.3789e-02    1.4313e-02
greedy-e              5.0097e+03    1.6337e+02    7.9122e-03    1.2335e-02    2.2631e-04    1.3914e-02    1.7793e-02
fw-e                  5.0608e+03    1.6346e+02    6.4937e-03    1.3580e-02    1.7960e-04    1.3855e-02    1.8629e-02
fw-a                  4.9973e+03    1.6361e+02    7.7057e-03    1.3085e-02    3.5094e-04    1.3777e-02    1.8440e-02
fw-d                  4.4198e+03    1.6407e+02    3.5317e-03    6.9388e-03    4.5064e-04    1.3789e-02    1.4313e-02

Saved: results/fresh_ksweep_20260427/aprilgrid_noiseless_20260427_051959/k_sweep_calib_metrics.json
